SET session_replication_role = replica;

--
-- PostgreSQL database dump
--

-- \restrict hAitLeVVMn7u5OwLPlvlTSbDiVkYN6n2eYB8BGmy1E6lmgB4B9mlQYjnCJyQgmA

-- Dumped from database version 17.6
-- Dumped by pg_dump version 17.6

SET statement_timeout = 0;
SET lock_timeout = 0;
SET idle_in_transaction_session_timeout = 0;
SET transaction_timeout = 0;
SET client_encoding = 'UTF8';
SET standard_conforming_strings = on;
SELECT pg_catalog.set_config('search_path', '', false);
SET check_function_bodies = false;
SET xmloption = content;
SET client_min_messages = warning;
SET row_security = off;

--
-- Data for Name: account_data_export_jobs; Type: TABLE DATA; Schema: public; Owner: postgres
--

INSERT INTO "public"."account_data_export_jobs" ("id", "user_id", "requested_by", "status", "delivery_method", "delivery_email", "storage_path", "signed_url", "signed_url_expires_at", "record_count", "datasets_count", "zip_size_bytes", "attempt_count", "last_attempt_at", "requested_at", "started_at", "completed_at", "failed_at", "error_message", "request_metadata", "export_metadata", "created_at", "updated_at") VALUES
	('eef5e8d4-c3db-4821-b4e8-520c38fdbdf8', 'b6ee0559-a406-4992-b621-9c5af015adce', 'b6ee0559-a406-4992-b621-9c5af015adce', 'pending', 'email', 'riddhiman.rana@gmail.com', NULL, NULL, NULL, 0, 0, NULL, 0, NULL, '2026-03-02 18:44:56.973032+00', NULL, NULL, NULL, NULL, '{"name": "Riddhiman Rana", "full_name": "Riddhiman Rana", "requested_from": "account_security"}', '{}', '2026-03-02 18:44:56.973032+00', '2026-03-02 18:44:56.973032+00'),
	('17c366b6-c113-402a-997d-ce41597db8a6', 'e90b335f-dd56-47a7-96c0-2ae511333f95', 'e90b335f-dd56-47a7-96c0-2ae511333f95', 'pending', 'email', 'ridz.techtube@gmail.com', NULL, NULL, NULL, 0, 0, NULL, 0, NULL, '2026-03-03 07:49:06.732315+00', NULL, NULL, NULL, NULL, '{"name": "Riddhiman Rana", "full_name": "Riddhiman Rana", "requested_from": "account_security"}', '{}', '2026-03-03 07:49:06.732315+00', '2026-03-03 07:49:06.732315+00'),
	('ffe064cf-7499-44b1-89df-b6d359145ee9', 'e90b335f-dd56-47a7-96c0-2ae511333f95', 'e90b335f-dd56-47a7-96c0-2ae511333f95', 'pending', 'email', 'ridz.techtube@gmail.com', NULL, NULL, NULL, 0, 0, NULL, 0, NULL, '2026-03-03 07:49:13.2239+00', NULL, NULL, NULL, NULL, '{"name": "Riddhiman Rana", "full_name": "Riddhiman Rana", "requested_from": "account_security"}', '{}', '2026-03-03 07:49:13.2239+00', '2026-03-03 07:49:13.2239+00');


--
-- Data for Name: account_data_export_audit_logs; Type: TABLE DATA; Schema: public; Owner: postgres
--

INSERT INTO "public"."account_data_export_audit_logs" ("id", "job_id", "user_id", "event_type", "status", "source", "ip_address", "user_agent", "details", "created_at") VALUES
	('28fd5b5e-c98a-4d38-b09c-b2097ecb3cb9', 'eef5e8d4-c3db-4821-b4e8-520c38fdbdf8', 'b6ee0559-a406-4992-b621-9c5af015adce', 'requested', 'info', 'account-security', NULL, NULL, '{"delivery_email": "riddhiman.rana@gmail.com"}', '2026-03-02 18:44:57.031874+00'),
	('cce9a9a1-32b6-4e09-82de-5082156fdf20', '17c366b6-c113-402a-997d-ce41597db8a6', 'e90b335f-dd56-47a7-96c0-2ae511333f95', 'requested', 'info', 'account-security', NULL, NULL, '{"delivery_email": "ridz.techtube@gmail.com"}', '2026-03-03 07:49:06.783479+00'),
	('9b32d65c-536c-4e61-9952-26318e65a111', 'ffe064cf-7499-44b1-89df-b6d359145ee9', 'e90b335f-dd56-47a7-96c0-2ae511333f95', 'requested', 'info', 'account-security', NULL, NULL, '{"delivery_email": "ridz.techtube@gmail.com"}', '2026-03-03 07:49:13.271076+00');


--
-- Data for Name: organizations; Type: TABLE DATA; Schema: public; Owner: postgres
--

INSERT INTO "public"."organizations" ("id", "name", "username", "description", "website", "logo_url", "type", "join_code", "verified", "created_at", "created_by", "staff_join_token", "staff_join_token_created_at", "staff_join_token_expires_at", "auto_join_domain", "allowed_email_domains") VALUES
	('4e559bd7-8cbc-41c4-9541-50c4a8cf18c4', 'Demo Organizations', 'demo', 'This is just for demo organizations and what your org COULD look like. We have other advanced features, and depending on what you need/want we can always build custom plug ins specific for you, just let me know.', NULL, NULL, 'nonprofit', '908142', false, '2025-12-26 01:33:00.355628+00', NULL, NULL, NULL, NULL, NULL, NULL),
	('c3215a44-3fdf-4b99-85af-048c5ff3a2da', 'DVSR Dog Toys', 'dvsrdogs', 'Dog toy making group.', NULL, 'https://api.lets-assist.com/storage/v1/object/public/organization-logos/c3215a44-3fdf-4b99-85af-048c5ff3a2da.jpg', 'nonprofit', '308450', false, '2026-02-09 23:43:25.922278+00', 'ec320402-3ee3-48d4-ae3b-56646960c0bf', NULL, NULL, NULL, NULL, NULL),
	('26bc1fa3-7f83-403c-bde1-2737bb71ca79', 'Troop 941', 'troop941', 'Troop 941 is an exceptionally active Scouts BSA organization with over 150+ active scouts as of February 2025, serving the Pleasanton, California community for over two decades. Our mission is to instill character, citizenship, and personal fitness, preparing youth to make ethical and moral choices throughout their lives. We achieve this through a rigorous program that emphasizes outdoor adventure, dedicated community service, and youth leadership development, guiding our members on their journey to becoming responsible, world-class leaders.', 'https://troop941.org', 'https://api.lets-assist.com/storage/v1/object/public/organization-logos/26bc1fa3-7f83-403c-bde1-2737bb71ca79.jpg', 'nonprofit', '296144', false, '2025-10-27 17:05:59.730671+00', 'b6ee0559-a406-4992-b621-9c5af015adce', '589a8553-c4df-4738-8767-7c93627b2f10', '2026-03-01 06:42:20.847+00', '2026-03-08 06:42:20.847+00', 'troop941.org', NULL),
	('41853092-579b-4816-ae62-44d203b82408', 'Edutine Contra Costa', 'edutinecontracosta', 'Edutine is a free, student-led online tutoring platform connecting high-achieving high school tutors with students worldwide. Sessions are remote, personalized, and always free.', 'https://www.edutine.com', 'https://api.lets-assist.com/storage/v1/object/public/organization-logos/41853092-579b-4816-ae62-44d203b82408.jpg', 'nonprofit', '215797', false, '2026-01-17 00:32:29.568049+00', '82d3edc5-82ba-4554-8063-d325c24406e5', NULL, NULL, NULL, 'edutinereachout.com', NULL),
	('4a6af894-7591-40b7-be2c-68ead99a2006', 'Dougherty Valley High School', 'dvhs', 'Dougherty Valley High School, located in San Ramon, CA, is a top-ranked high school known for academic excellence, diverse programs, and student leadership. With strong STEM, arts, and athletics, DVHS empowers students to thrive and prepare for college and beyond.', 'https://dvhs.srvusd.net', 'https://fotdmeakexgrkronxlof.supabase.co/storage/v1/object/public/organization-logos/4a6af894-7591-40b7-be2c-68ead99a2006.jpg', 'school', '734466', true, '2025-06-26 02:24:50.090451+00', NULL, '826df5e3-2e23-448f-9bef-0fd038202cd1', '2026-01-13 18:43:07.198+00', '2026-02-12 18:43:07.198+00', NULL, NULL),
	('8a16415f-bdef-4e2c-88ad-67dd989da127', 'SRVUSD IT Demo', 'srvusdITdemo', 'A sample school organization designed to demonstrate how Let’s Assist helps manage volunteer programs, track service hours, organize events, and streamline communication for SRVUSD.', 'https://srvusd.net', 'https://api.lets-assist.com/storage/v1/object/public/organization-logos/8a16415f-bdef-4e2c-88ad-67dd989da127.jpg', 'school', '603487', false, '2026-03-03 07:37:02.349578+00', 'b6ee0559-a406-4992-b621-9c5af015adce', '95987c29-63a4-4d84-b90e-d76f1daf7bc3', '2026-03-03 07:39:20.518+00', '2027-03-03 07:39:20.517+00', 'srvusd.net', NULL),
	('f7198ef8-db95-4199-8070-438f776fe791', 'Windemere Ranch Middle School', 'wrms', 'Windemere Ranch Middle School in San Ramon, CA, offers a supportive and engaging environment for 6th–8th graders. With strong academics, STEM, arts, and leadership programs, WRMS helps students grow, explore interests, and prepare for future success.', 'https://wrms.srvusd.net', 'https://fotdmeakexgrkronxlof.supabase.co/storage/v1/object/public/organization-logos/f7198ef8-db95-4199-8070-438f776fe791.jpg', 'school', '363889', true, '2025-06-26 02:19:21.919517+00', '54941f39-c830-4842-a8df-34aa52fe47d1', NULL, NULL, NULL, NULL, NULL);


--
-- Data for Name: profiles; Type: TABLE DATA; Schema: public; Owner: postgres
--

INSERT INTO "public"."profiles" ("id", "username", "full_name", "avatar_url", "created_at", "updated_at", "phone", "email", "volunteer_goals", "trusted_member", "profile_visibility") VALUES
	('abd8b49e-8f81-49f5-8fee-c930a3f365ba', 'aliciagholami', 'Alicia Gholami', 'https://lh3.googleusercontent.com/a/ACg8ocJkpbcl-33QZMGLKWCEJpF61zS6SzNa98g_RhD6Lx5XLNzreQ=s96-c', '2026-02-05 03:45:24.336438+00', '2026-02-05 03:47:31.194+00', '9259843560', 'aliciagholami@gmail.com', NULL, true, 'public'),
	('72898b29-f4f5-4fa7-be22-440457b3c43f', 'user_72898b29', 'Arth Arun', 'https://lh3.googleusercontent.com/a/ACg8ocKx6vkeuzWRTKwFPj4ZGSeSuuSWZobvEcJ91nFdck7P8s5Y7QOR=s400-c', '2025-03-20 01:48:22.27+00', '2025-03-20 01:48:22.27+00', NULL, 'helloarth09@gmail.com', NULL, false, 'public'),
	('7041d86d-9783-48b6-a01e-819b1870334a', 'kaushikpgsm', 'Kaushik Rana', 'https://lh3.googleusercontent.com/a/ACg8ocKCgDBsFhIJdHKMIl-3OS0IJNOItq0LCA5McueSMNEafK8iHkQ=s96-c', '2025-05-18 20:50:12.576+00', '2026-01-07 04:17:01.241+00', NULL, 'kaushikpgsm@gmail.com', NULL, false, 'public'),
	('c95ef609-6adf-43d2-b8f0-82dcfb2a4b19', 'user_c139c9bf', 'Shlok Madhekar', 'https://lh3.googleusercontent.com/a/ACg8ocI9kuW9cSTp5A2fosMFssozqnE3FYH5p0WhGhtOIv6WJodGRXED=s96-c', '2026-01-09 02:55:02.94616+00', '2026-01-09 02:55:04.039+00', NULL, 'shlokmadhekar88@gmail.com', NULL, NULL, 'public'),
	('cab30dd9-87e9-42f2-83b6-a35d15c6a22d', 'user_5d029e8e', 'Nicholas Lam', 'https://lh3.googleusercontent.com/a/ACg8ocJxNvJoosuCYngn7ozuZAfTmjnqRnwx0kfC1EC9MB2MwpIVUQ=s96-c', '2026-01-09 21:03:11.543394+00', '2026-01-10 04:26:07.961+00', NULL, 'lamnicholas@troop941.org', NULL, NULL, 'public'),
	('8e155db9-8bd4-4cb0-a24a-129316fae4fd', 'janyaa', 'Jaanya SYC', 'https://lh3.googleusercontent.com/a/ACg8ocLoGTUIj0jTVf774EB_2HfOaHaIp22tF30ulHLzlJMDX3lNSGo=s96-c', '2026-02-06 04:42:43.070808+00', '2026-02-06 04:43:26.81+00', '9257011157', 'sanramonythch@gmail.com', NULL, NULL, 'public'),
	('6d84a3bc-b240-4ff9-aa3d-bea213696874', 'user_f00dc597', 'Jon Kelley', 'https://lh3.googleusercontent.com/a/ACg8ocL5relGBXtavX7yXJoZXdhKWBRMyX9B8ll3jd-nvfWUsNwRhTR3=s96-c', '2025-12-09 04:43:44.429656+00', '2025-12-09 04:43:45.843+00', NULL, 'jonkelley@gmail.com', NULL, NULL, 'public'),
	('7543ffde-bc9a-421b-ab3a-e346de3112f6', 'rishi.k.nanda', 'Rishika Nanda', NULL, '2026-02-27 01:12:31.735637+00', '2026-02-27 01:13:39.757+00', '9258560646', 'rishika.nanda09@gmail.com', NULL, true, 'public'),
	('be436566-98c1-4a7b-abc0-0e7e2365dfca', 'user_19bc9d62', 'John Hanavan', 'https://lh3.googleusercontent.com/a/ACg8ocI2VCUEP522hjiNx6uIfZUsn6MW5WrWuPQA2qhWMekXyD_7Iaq3=s96-c', '2026-01-14 14:29:46.624481+00', '2026-01-14 14:29:47.823+00', NULL, 'jhanavan@srvusd.net', NULL, true, 'public'),
	('e9c7b7eb-e47a-4951-8444-475c3f7057b9', 'mbasu', 'Minu Basu', 'https://lh3.googleusercontent.com/a/ACg8ocLiGL3jtmKR0XGx4sD1Vj18vMm9mrry1W71rEA1xd-AH1QfM3be=s96-c', '2026-02-01 02:48:55.661231+00', '2026-02-10 00:08:28.989+00', NULL, 'mbasu@srvusd.net', NULL, true, 'public'),
	('62250190-33d8-471d-bc56-a1efc978c184', 'vkeshav300', 'Keshav V', 'https://lh3.googleusercontent.com/a/ACg8ocJ92JfQuuRPWtONCdrg3eT-fyYku-Xon4zjDcu8_o66uE7O7jic=s400-c', '2025-02-28 02:36:46.218+00', '2026-03-01 00:44:26.968+00', NULL, 'vkeshav300@gmail.com', NULL, true, 'public'),
	('712538fa-4214-4545-9888-37d930993f65', 'tarun', 'Tarun Devarajan', 'https://lh3.googleusercontent.com/a/ACg8ocIZN57Zd3mc4Hiz8UUJHl0yE63awmEkEK-RS9Oqki_-jE3FxXa4=s96-c', '2025-05-31 19:23:49.013+00', '2025-11-19 20:32:49.415+00', NULL, 'tarundevarajan@gmail.com', NULL, false, 'public'),
	('c0c278ac-115b-4d48-9767-11e56749bd2c', 'chefcheesy', 'Chenan Wu', NULL, '2025-10-22 23:00:46.620453+00', '2025-10-22 23:01:33.445+00', NULL, 'chenanwu614@gmail.com', NULL, NULL, 'public'),
	('20db7c18-484d-47d3-9b25-03a4835e2760', 'iloveme', 'Krisha arukala', NULL, '2025-10-22 23:14:43.690344+00', '2025-10-22 23:15:44.336+00', NULL, 'krishakarthik29@gmail.com', NULL, NULL, 'public'),
	('7062f213-c560-41db-891f-be8f24044eba', 'letsassisttest', 'Test Account', NULL, '2025-10-19 19:34:34.028377+00', '2025-10-19 23:16:43.532+00', NULL, 'q909l@tiffincrane.com', NULL, false, 'public'),
	('f26cf1a2-b0d5-4069-a30a-a75a209b6888', 'ormangauba', 'Orman Gauba', 'https://lh3.googleusercontent.com/a/ACg8ocIVKHUSs-E9tNtbAppObmnw6L9jbMCQt-fnaXjCoEjA-BKI_jY=s96-c', '2025-12-15 16:17:23.868457+00', '2026-03-06 20:12:29.957+00', NULL, 'ormangauba@gmail.com', NULL, true, 'public'),
	('812030ce-3732-4486-8f06-6993b05bdca9', 'ranariddhiman', 'Riddhiman Rana', 'https://lh3.googleusercontent.com/a/ACg8ocJMF_4ib7vFH4Xw-jWLFEKPZWL_IjRN3FMB2IyfL3d-BbAJI41L=s96-c', '2026-02-10 16:08:21.247979+00', '2026-03-13 00:01:39.391+00', NULL, 'ranariddhiman@troop941.org', NULL, NULL, 'public'),
	('a0d4083b-35eb-4f43-ae1a-6808ed1e2a62', 'yeezy', 'other other', 'https://lh3.googleusercontent.com/a/ACg8ocLmMNlW_V3NS2SMo_r0sdoc4zOu8aC8kOw1vUW6aL0RqNyoVg=s96-c', '2025-07-31 05:03:22.601+00', '2025-07-31 05:03:39.249+00', NULL, 'otherusernamefordiscord@gmail.com', NULL, false, 'public'),
	('e90b335f-dd56-47a7-96c0-2ae511333f95', 'riddhimantest', 'Riddhiman Rana', 'https://lh3.googleusercontent.com/a/ACg8ocIRR44yInpvDPWquTVfv07UHA_8nAg9jQqqLoXUiJYB7ObrAOQS=s96-c', '2026-01-16 05:54:47.02881+00', '2026-03-13 00:07:44.681+00', '4083334305', 'ridz.techtube@gmail.com', NULL, false, 'public'),
	('88cfede8-f76c-4c3e-8946-b4aad8580dcf', 'kaushikrana', 'Kaushik Rana', NULL, '2025-03-27 03:13:56.462+00', '2026-03-02 04:23:21.556+00', '4083246203', 'krana002@gmail.com', '{"hours_goal": 5, "events_goal": 4}', true, 'public'),
	('0e6eed0f-01e6-47e0-b832-901b4585f5cc', 'dv.lsc', 'DV Love and Second Chances', 'https://lh3.googleusercontent.com/a/ACg8ocIjwjzWtLvdhF3nkB_waxcoKSteySJ7z26TylPpNhwPH_4hmq_a=s96-c', '2026-03-10 17:15:10.087478+00', '2026-03-10 17:15:26.641+00', NULL, 'dvlovesecondchances@gmail.com', NULL, NULL, 'public'),
	('1982b385-1257-49a5-8dbf-9f49df309e25', 'user_fa11d0ba', NULL, NULL, '2026-01-20 05:02:12.36477+00', '2026-01-20 05:02:12.36477+00', NULL, NULL, NULL, NULL, 'public'),
	('0cea39a5-6939-4db1-a896-22c3cad1c90d', 'sharvsalkar', 'Sharv Salkar', 'https://lh3.googleusercontent.com/a/ACg8ocKs4gB3MTqhHSs3m6eW7ffayMkd-nVfytcvrmACemj9Y8Dfrw=s96-c', '2025-12-22 01:30:50.921279+00', '2025-12-22 01:31:22.986+00', '9257259304', 'sharvsalkar@gmail.com', NULL, NULL, 'public'),
	('b9a14c59-3a2f-4295-b8e2-99edcb7d2801', 'user_a1dcc65a', 'Claire Sturm', NULL, '2026-02-10 23:47:11.369486+00', '2026-02-10 23:47:11.369486+00', NULL, 'sturmclaire@troop941.org', NULL, NULL, 'public'),
	('337186dd-158a-49aa-ac17-831fba64f07f', 'timjorgenson', 'Tim Jorgenson', NULL, '2026-03-17 02:08:24.895041+00', '2026-03-17 02:12:57.431+00', '9252021024', 'tim_jorgenson@hotmail.com', NULL, true, 'public'),
	('0257affd-7012-4c14-9c88-9ae35cc89ea2', 'user_05ac4c6c', 'test', NULL, '2026-02-11 00:01:02.904973+00', '2026-02-11 00:01:02.904973+00', NULL, 'qnxx8n@dollicons.com', NULL, NULL, 'public'),
	('be5c0095-6171-4843-ad43-b2a890d8d45e', 'nicholasmaehr', 'Nicholas Maehr', NULL, '2025-10-14 02:23:24.43034+00', '2025-12-31 03:17:27.254+00', '9253193373', 'maehrnicholas@troop941.org', NULL, true, 'public'),
	('5e46b0c7-e263-4c84-99bf-f82aef05cc69', 'spk', 'Surya Prem kumar', 'https://lh3.googleusercontent.com/a/ACg8ocL52MsYXFKvREgifs2F36AZPjJSs7zSbeTjatgtwv_WhDYdDQ=s96-c', '2026-01-16 18:46:59.321661+00', '2026-01-16 18:47:35.229+00', '5108761911', 'surya.premk@gmail.com', NULL, NULL, 'public'),
	('2831cc06-c63e-4c5c-9413-e1226acfd23b', 'skatingscarletmask', 'Nithilan Krishnakumar', 'https://lh3.googleusercontent.com/a/ACg8ocKvI0D5R2MIdxQ6SXoxt4B9PkZ6ALcV_n7lA7KhmDjBpVkfhWyC=s96-c', '2026-01-21 04:11:20.790314+00', '2026-02-21 17:36:19.916+00', NULL, 'krishnakumarnithilan@troop941.org', NULL, true, 'public'),
	('82d3edc5-82ba-4554-8063-d325c24406e5', 'anay', 'Anay Gandhi', 'https://lh3.googleusercontent.com/a/ACg8ocLDZQZIsrxd9M3M-2zrER9Bmp1ohbvYvIkq4p4hu_aupFNbuxXYvg=s96-c', '2026-01-17 00:23:31.326689+00', '2026-01-17 00:40:00.653+00', '9253898618', 'anaygandhi10@gmail.com', NULL, true, 'public'),
	('5d23c10f-4ee6-48d3-916a-fa39040c3a87', 'test', 'Testing Account', NULL, '2026-01-21 03:09:17.916395+00', '2026-01-21 03:47:33.196+00', NULL, 'p55oj@airsworld.net', NULL, NULL, 'public'),
	('7b97983a-7d4b-49a1-9e03-38e25817614f', 'jenerick', 'Jenny Erickson', 'https://lh3.googleusercontent.com/a/ACg8ocIy0hkp7NxDKcUDIJVZNzGqqnIgtIGbqm_IDwGpOj2E5-KVLble=s96-c', '2025-09-02 22:51:37.625+00', '2025-10-09 01:17:36.441202+00', NULL, 'jerickson@srvusd.net', NULL, true, 'public'),
	('fa5740b3-a762-47fb-aac5-9bcfb586d8cd', 'e2e-tm-applicant', 'E2E TM Applicant', NULL, '2026-01-22 01:03:26.759135+00', '2026-01-22 01:39:01.25122+00', '4155550199', 'jdrb4l@virgilian.com', NULL, false, 'public'),
	('3325676a-0d4f-4180-bc7d-09b4c7cbb660', 'e2e-real-user', 'E2E Real User', NULL, '2026-01-21 20:05:28.905115+00', '2026-01-22 00:15:33.205+00', NULL, 'xzxbgb@virgilian.com', NULL, true, 'public'),
	('4c3a7e51-f319-48a7-b161-ebaf9afa054e', 'bda_as', 'saad t', NULL, '2025-10-18 23:28:44.726372+00', '2025-10-18 23:33:07.296+00', NULL, '227446@students.srvusd.net', NULL, true, 'public'),
	('d56bb46c-e544-40c7-9508-3e58f60a8cb0', 'dhanvink', 'Dhanvin Krishnakumar', 'https://lh3.googleusercontent.com/a/ACg8ocIXz7Eyhq6s3GNqL9BQu3Wz4T95aT9V4AEi_nUFV9BcTqS8nxm6cQ=s96-c', '2026-01-05 16:55:52.097471+00', '2026-01-05 16:56:43.915+00', NULL, 'krishnakumardhanvin@troop941.org', NULL, true, 'public'),
	('ebde38f5-37b2-46c1-b7e8-87f1c36ccbc2', 'testuser1', 'Test Account', NULL, '2026-01-29 02:36:26.515755+00', '2026-01-29 02:38:51.118+00', '1234567899', 'q6oiu@virgilian.com', NULL, false, 'public'),
	('54941f39-c830-4842-a8df-34aa52fe47d1', 'letsassist', 'Let''s Assist', NULL, '2025-06-26 01:44:41.443+00', '2025-10-14 02:37:30.756+00', NULL, 'admin@lets-assist.com', NULL, true, 'public'),
	('ec320402-3ee3-48d4-ae3b-56646960c0bf', 'scottgerbert', 'Scott Gerbert', 'https://lh3.googleusercontent.com/a/ACg8ocJ_yuCGUxRKz3Fp4FstM21D6ACBnrkF6EPHbcPdjXD6rzXzIA=s96-c', '2026-02-09 23:18:00.069238+00', '2026-02-09 23:43:25.96321+00', '9254876850', 'gerbert.scott@gmail.com', NULL, true, 'public'),
	('12be5ade-341c-4fc6-a2cf-158248d93c86', 'bijal', 'Bijal Patel', 'https://lh3.googleusercontent.com/a/ACg8ocK8Jng3zVplmizQTtQMThLCGm-BtLLyKcXhYg1wWpWzBKvuFg=s96-c', '2026-02-10 16:03:42.459206+00', '2026-02-10 16:04:14.372+00', NULL, 'patelbijal@troop941.org', NULL, NULL, 'public'),
	('dc9c65ab-8cf7-4540-9d2e-804494c21ac7', 'jashley', 'John Ashley', 'https://lh3.googleusercontent.com/a/ACg8ocIcL0pFX1ucBAcA8heJY4xQS_EXdI7AsbdTuVIMO8it1NOtug=s96-c', '2026-03-02 05:10:59.458525+00', '2026-03-02 05:11:14.433+00', NULL, 'ashleyjohn@troop941.org', NULL, NULL, 'public'),
	('f547b4cc-aabc-45cd-a947-b109b5d7c751', 'ansh', 'Ansh Jaitly', 'https://lh3.googleusercontent.com/a/ACg8ocKJl7AWTXhT1kE2PtVCyiYnA-a7fq4HYrc0WRFwHw7O-1MVyQ=s96-c', '2026-02-10 18:14:17.150893+00', '2026-02-10 18:14:33.776+00', NULL, 'jaitly.ansh.1@gmail.com', NULL, false, 'public'),
	('c7d63db2-b086-4958-9727-0cb54f1b9aef', 'danieljones1', 'Daniel', 'https://lh3.googleusercontent.com/a/ACg8ocL3jC0yVBKSmEYLGxzJ2uDoR1BbFxkmw9p_7o-qCJSifuDqeA=s96-c', '2026-03-08 01:22:39.673971+00', '2026-03-08 02:07:08.952+00', NULL, 'danieljones13261@gmail.com', NULL, NULL, 'public'),
	('fc4500e7-d733-4e65-afa6-9de117df7edf', 'user_dcea5cfc', 'Vidhyuth Radhakrishnan', NULL, '2026-03-12 15:34:13.456277+00', '2026-03-12 15:34:13.456277+00', NULL, 'vidhyuthr@gmail.com', NULL, NULL, 'public'),
	('68dab869-c875-408b-aece-95f79e40b250', 'testacc1', 'Test Account', NULL, '2026-03-12 15:36:23.397082+00', '2026-03-12 15:37:18.818+00', NULL, 'orionliveai@gmail.com', NULL, NULL, 'public'),
	('86e4ba43-b78f-48a3-b087-1cc4c7fa035b', 'dwdressler', 'Derek Dressler', 'https://lh3.googleusercontent.com/a/ACg8ocLf68H9oEBoSjixat4ED7AToNnmeg6M3UdZrXnjUxKHv_46nw=s96-c', '2026-03-16 14:12:26.517909+00', '2026-03-16 14:13:21.37+00', '9252001879', 'dresslerderek@troop941.org', NULL, NULL, 'public'),
	('4a1e4ec1-97fa-4b39-a0aa-e71ad9c4b698', 'nycoaster', 'Nathaniel Chou', 'https://lh3.googleusercontent.com/a/ACg8ocIWmFhpj8-y-HzK_nd4EoxGFd-ofukDgDMJ7BsrlGVRtf4XSwTf=s96-c', '2026-02-11 00:14:49.948066+00', '2026-02-11 00:15:13.366+00', NULL, 'chounathaniel@troop941.org', NULL, NULL, 'public'),
	('c78117c1-19b6-4dcd-9bd8-18be3c807bb6', 'dragonlite7326', 'Omkaar Anand', NULL, '2026-02-20 02:31:45.665199+00', '2026-03-20 20:40:21.05+00', NULL, 'omkaar.anand@gmail.com', NULL, NULL, 'private'),
	('1f1f1083-df8b-4855-b2e1-3a8df544a224', 'ayushn', 'Ayush Nareddy', 'https://lh3.googleusercontent.com/a/ACg8ocLzwXIipIn1xc3mgARvWfAQ3RueaIrD4rCp5fPq5-jJ9X71XM0=s96-c', '2026-02-11 04:36:35.125942+00', '2026-02-11 04:38:32.702+00', NULL, 'nareddyayush@troop941.org', NULL, NULL, 'public'),
	('0b5c3672-9ffc-4559-a6e6-3f7448ced86d', 'nareddyramana', 'Ramana Nareddy', 'https://lh3.googleusercontent.com/a/ACg8ocLp5Lfhg6voqVZWQqmbKqumKm7-5t0oIqgI8AabWEhzgNy5Qw=s96-c', '2026-02-13 04:57:12.112766+00', '2026-02-13 04:57:35.269+00', NULL, 'nareddyramana@troop941.org', NULL, NULL, 'public'),
	('63812735-3c32-4e5f-8aaf-eaf032c0fa29', 'test1', 'Joseph Jacobs', 'https://api.lets-assist.com/storage/v1/object/public/avatars/63812735-3c32-4e5f-8aaf-eaf032c0fa29-1772935604911.jpg?v=1772935605132', '2026-03-03 07:51:39.982975+00', '2026-03-08 02:06:45.132+00', NULL, 'jacobsjoseph377@gmail.com', NULL, NULL, 'public'),
	('017607a4-b111-48ed-8b0b-594694890493', 'shravan', 'Shravan Bharani', 'https://lh3.googleusercontent.com/a/ACg8ocL3R_-fWdFqJ4V405cJaQsK7C1HoYfC7_39kX2APMuE0gUH5mI=s96-c', '2026-02-11 23:51:16.727118+00', '2026-02-11 23:51:39.641+00', NULL, 'bharanishravan@troop941.org', NULL, NULL, 'public'),
	('a31b3304-31d3-47ac-9094-97a7e74220cd', 'sankarshana_s7519', 'Sankarshana Sudeendra', NULL, '2026-03-08 21:05:32.563015+00', '2026-03-08 21:06:56.837+00', '9253292172', 'sudeendrasankarshana@troop941.org', NULL, NULL, 'public'),
	('76b222a9-e3ca-4dc7-8d17-3d350f195599', 'sujay', 'Sujay Surapaneni', 'https://lh3.googleusercontent.com/a/ACg8ocK1RVap7SpgFnbzIGDGI1cBBpvzTFlHk1WUwdFnGd34nEpkMmg=s96-c', '2026-02-12 04:35:40.095239+00', '2026-02-12 04:36:10.197+00', NULL, 'surapanenisujay@troop941.org', NULL, NULL, 'public'),
	('b5acfa2f-e2ca-41d6-b862-f76b5fec26b9', 'paragsagar', 'Parag Sagar', 'https://lh3.googleusercontent.com/a/ACg8ocJv48f4OrhQ_ACW0q9JyncU6o5Ie8-4pmaMJH_dslwzzVoXmA=s96-c', '2026-02-17 16:13:50.746854+00', '2026-02-17 16:14:16.654+00', NULL, 'sagarparag@troop941.org', NULL, NULL, 'public'),
	('c244d427-717e-4bd9-93c2-0817fbd1fc38', 'gururaj_pare', 'Guru Pare', NULL, '2026-02-13 05:47:41.459188+00', '2026-02-13 05:49:56.529+00', '4083685040', 'paregururaj@troop941.org', NULL, true, 'public'),
	('2c94347e-f1c6-418c-85f5-175501e3d4de', 'hearts4hands', 'Hearts4Hands', NULL, '2026-02-12 05:05:38.671399+00', '2026-02-12 05:08:35.606+00', '9259224230', 'dvhs.hearts4hands@gmail.com', NULL, true, 'public'),
	('e6200108-3c9e-4330-997a-49f16d5f126d', 'user_3e3dff2d', 'Jenson Khoo', 'https://lh3.googleusercontent.com/a/ACg8ocIHtuInj5RthifCXoU52jLoR2h_RlcqT3Q92jAOLtlYBFsZP3dD=s96-c', '2026-02-12 05:24:43.759575+00', '2026-02-12 05:24:44.068+00', NULL, 'khoojenson@troop941.org', NULL, NULL, 'public'),
	('b6ee0559-a406-4992-b621-9c5af015adce', 'riddhimanrana', 'Riddhiman Rana', 'https://api.lets-assist.com/storage/v1/object/public/avatars/b6ee0559-a406-4992-b621-9c5af015adce-1768611242931.jpg?v=1768611243727', '2025-02-02 00:04:45.574+00', '2026-03-13 01:31:51.034+00', '4083334305', 'riddhiman.rana@gmail.com', '{"hours_goal": 15, "events_goal": 3}', true, 'public'),
	('f5776495-1d20-4d80-ab06-776c7e341175', 'kirkgottschalk', 'Kirk Gottschalk', NULL, '2026-02-15 17:16:15.681495+00', '2026-02-15 17:18:43.757+00', '4155312276', 'gottschalkkirk@troop941.org', NULL, true, 'public'),
	('4341c24a-7f80-40af-8ee3-e8966f64eb11', 'udayansinghal', 'Udi Singhal', 'https://lh3.googleusercontent.com/a/ACg8ocICzwf-5CoWFfJsgowhyRgWVFEFPQiTrRg37XkUN79q8NzDw0M=s96-c', '2026-02-16 04:28:42.54774+00', '2026-02-16 04:29:43.929+00', NULL, 'singhaludi@troop941.org', NULL, NULL, 'public'),
	('b1b466ae-6a6e-4e5d-8d08-6c992be19bb0', 'krishsaxena', 'Krish Saxena', 'https://lh3.googleusercontent.com/a/ACg8ocJs7HYQ7CkN7E3IiqfjygonyRDBSSVTNLp9gyMIfkek5v8A-Rft=s96-c', '2026-02-17 16:10:26.32674+00', '2026-02-17 16:12:08.695+00', NULL, 'saxenakrish@troop941.org', NULL, NULL, 'public');


--
-- Data for Name: projects; Type: TABLE DATA; Schema: public; Owner: postgres
--

INSERT INTO "public"."projects" ("id", "creator_id", "title", "location", "description", "event_type", "verification_method", "created_at", "schedule", "status", "require_login", "cover_image_url", "documents", "organization_id", "cancellation_reason", "cancelled_at", "location_data", "pause_signups", "session_id", "published", "creator_calendar_event_id", "creator_synced_at", "project_timezone", "restrict_to_org_domains", "visibility", "can_be_managed_by_staff", "workflow_status", "reviewed_by", "reviewed_at", "review_notes", "enable_volunteer_comments", "show_attendees_publicly", "recurrence_rule", "recurrence_parent_id", "recurrence_sequence", "waiver_required", "waiver_allow_upload", "waiver_pdf_storage_path", "waiver_pdf_url", "waiver_definition_id", "waiver_disable_esignature", "recurrence_occurrence_date") VALUES
	('5fa89e24-c848-474a-b144-6b300bdb16c7', 'b6ee0559-a406-4992-b621-9c5af015adce', 'testing', 'asd', '<p>asd</p>', 'oneTime', 'qr-code', '2026-03-02 01:33:34.460477+00', '{"oneTime": {"date": "2026-03-14", "endTime": "17:00", "startTime": "09:00", "volunteers": 3}}', 'upcoming', true, NULL, '[]', NULL, NULL, NULL, '{"text": "asd", "display_name": "asd"}', false, '99ff383f-8d7e-46a7-ad66-65fad5275319', '{"oneTime": false}', NULL, NULL, 'America/Los_Angeles', false, 'unlisted', true, 'published', NULL, NULL, NULL, true, true, NULL, '9fdd2b3c-0631-4a1a-b963-c2b40c7815d4', 12, false, true, NULL, NULL, NULL, false, '2026-03-14'),
	('7eeee3d9-7400-49cc-862f-397b50c9bda5', '7062f213-c560-41db-891f-be8f24044eba', 'hello testing', 'Dougherty Valley High School', '<p>asdfasdf</p>', 'oneTime', 'qr-code', '2025-10-19 23:57:54.347166+00', '{"oneTime": {"date": "2025-10-19", "endTime": "17:03", "startTime": "17:00", "volunteers": 2}}', 'completed', false, NULL, '[]', NULL, NULL, NULL, '{"text": "Dougherty Valley High School", "coordinates": {"latitude": 37.7692188, "longitude": -121.9023247}, "display_name": "10550 Albion Rd, San Ramon, CA 94582, USA"}', false, '890ebd0f-3943-4d47-86ed-7e451dac01cc', '{"oneTime": true}', 'vhteq0j39eipa6mni8j23v69u0', '2025-10-19 23:58:22.169+00', 'America/Los_Angeles', false, 'public', true, 'published', NULL, NULL, NULL, false, false, NULL, NULL, NULL, false, true, NULL, NULL, NULL, false, NULL),
	('3519027d-923a-47d7-8e04-3bf8b8014075', 'b6ee0559-a406-4992-b621-9c5af015adce', 'testing', 'asd', '<p>asd</p>', 'oneTime', 'qr-code', '2026-03-02 01:33:35.850897+00', '{"oneTime": {"date": "2026-03-28", "endTime": "17:00", "startTime": "09:00", "volunteers": 3}}', 'upcoming', true, NULL, '[]', NULL, NULL, NULL, '{"text": "asd", "display_name": "asd"}', false, '45289f6b-ccae-4b28-b4f4-4380aaa7087f', '{"oneTime": false}', NULL, NULL, 'America/Los_Angeles', false, 'unlisted', true, 'published', NULL, NULL, NULL, true, true, NULL, '9fdd2b3c-0631-4a1a-b963-c2b40c7815d4', 16, false, true, NULL, NULL, NULL, false, '2026-03-28'),
	('61bae2a3-0c7f-4fcb-899e-ced37f9782ef', 'b6ee0559-a406-4992-b621-9c5af015adce', 'test', 'test', '<p>test</p>', 'oneTime', 'signup-only', '2026-02-12 05:20:53.189847+00', '{"oneTime": {"date": "2026-02-12", "endTime": "17:00", "startTime": "09:00", "volunteers": 15}}', 'upcoming', false, NULL, '[]', '4e559bd7-8cbc-41c4-9541-50c4a8cf18c4', NULL, NULL, '{"text": "test", "display_name": "test"}', false, '70a92f23-8d40-42fd-b0d3-29d6f922475c', '{"oneTime": false}', NULL, NULL, 'America/Los_Angeles', false, 'unlisted', true, 'published', NULL, NULL, NULL, true, true, NULL, NULL, NULL, false, true, NULL, NULL, NULL, false, NULL),
	('91aef231-e3d4-4744-86ed-4aebf149fdbd', 'b6ee0559-a406-4992-b621-9c5af015adce', 'Knights of Columbus Volunteer Project', 'Pleasanton', 'A volunteer project organized by the Knights of Columbus to support local community initiatives. Specific activities to be determined.', 'sameDayMultiArea', 'qr-code', '2026-01-18 02:54:30.273861+00', '{"sameDayMultiArea": {"date": "2026-01-17", "roles": [{"name": "Event Decoration", "endTime": "19:00", "startTime": "18:56", "volunteers": 15}, {"name": "Event Cleanup", "endTime": "20:00", "startTime": "19:00", "volunteers": 5}], "overallEnd": "20:00", "overallStart": "18:56"}}', 'completed', true, NULL, '[]', NULL, NULL, NULL, '{"text": "Pleasanton", "coordinates": {"latitude": 37.6604484, "longitude": -121.8757968}, "display_name": "Pleasanton, CA, USA"}', false, '52137ca8-0ffb-4755-b928-706597c0be08', '{"Event Cleanup": true, "Event Decoration": true}', 'ke50ljhj2nt1j9btaoj8loss00', '2026-03-17 02:45:03.398+00', 'America/Los_Angeles', false, 'unlisted', true, 'published', NULL, NULL, NULL, true, true, NULL, NULL, NULL, false, true, NULL, NULL, NULL, false, NULL),
	('b8d77ab7-dec8-4972-8296-82f011fb4204', 'b6ee0559-a406-4992-b621-9c5af015adce', 'test 1', 'test', '<p>test</p>', 'oneTime', 'qr-code', '2026-01-04 05:06:42.296871+00', '{"oneTime": {"date": "2026-01-03", "endTime": "21:12", "startTime": "21:09", "volunteers": 5}}', 'completed', true, NULL, '[]', NULL, NULL, NULL, '{"text": "test", "display_name": "test"}', false, 'e29870bb-9409-4282-8c4c-782dd347b6bb', '{"oneTime": true}', NULL, NULL, 'America/Los_Angeles', false, 'unlisted', true, 'published', NULL, NULL, NULL, false, false, NULL, NULL, NULL, false, true, NULL, NULL, NULL, false, NULL),
	('c918fee2-3139-4d7c-8429-7b3f35ded010', 'b6ee0559-a406-4992-b621-9c5af015adce', 'test', 'test', '<p>test</p>', 'oneTime', 'qr-code', '2026-02-16 07:16:51.560342+00', '{"oneTime": {"date": "2026-02-20", "endTime": "17:00", "startTime": "09:00", "volunteers": 15}}', 'upcoming', true, NULL, '[]', NULL, NULL, NULL, '{"text": "test", "display_name": "test"}', false, '99610560-f724-4323-a47a-a4b21f1e86b0', '{"oneTime": false}', NULL, NULL, 'America/Los_Angeles', false, 'unlisted', true, 'published', NULL, NULL, NULL, true, true, NULL, NULL, NULL, true, true, NULL, NULL, NULL, false, NULL),
	('992127a8-5fdc-4f49-b0c7-00470cdb1a8b', 'b6ee0559-a406-4992-b621-9c5af015adce', 'test', 'test', '<p>test</p>', 'oneTime', 'auto', '2026-01-15 16:41:54.110566+00', '{"oneTime": {"date": "2026-01-15", "endTime": "21:00", "startTime": "08:45", "volunteers": 15}}', 'cancelled', true, NULL, '[]', NULL, 'Moderation block content: Blocked via moderation review', '2026-03-01 07:51:11.031+00', '{"text": "test", "display_name": "test"}', false, '4e1efccc-7aba-4b6f-9c28-247471c52a43', '{"oneTime": false}', NULL, NULL, 'America/Los_Angeles', false, 'unlisted', true, 'published', NULL, NULL, NULL, true, true, NULL, NULL, NULL, false, true, NULL, NULL, NULL, false, NULL),
	('c2c68725-6848-4e70-90fd-dd5a24f7fe7b', '7062f213-c560-41db-891f-be8f24044eba', 'testing 1 2 3', 'Dougherty Valley High School', '<p>hello there</p>', 'oneTime', 'qr-code', '2025-10-19 23:44:13.902414+00', '{"oneTime": {"date": "2025-10-19", "endTime": "16:50", "startTime": "16:47", "volunteers": 2}}', 'completed', false, NULL, '[]', NULL, NULL, NULL, '{"text": "Dougherty Valley High School", "coordinates": {"latitude": 37.7692188, "longitude": -121.9023247}, "display_name": "10550 Albion Rd, San Ramon, CA 94582, USA"}', false, '5cb9db85-388f-445d-8ae5-c67099586cf1', '{"oneTime": false}', NULL, NULL, 'America/Los_Angeles', false, 'public', true, 'published', NULL, NULL, NULL, false, false, NULL, NULL, NULL, false, true, NULL, NULL, NULL, false, NULL),
	('7e502190-5aaa-49b0-96d2-8e6b45061027', 'b6ee0559-a406-4992-b621-9c5af015adce', 'testing', 'asd', '<p>asd</p>', 'oneTime', 'qr-code', '2026-03-08 09:11:58.252465+00', '{"oneTime": {"date": "2026-04-04", "endTime": "17:00", "startTime": "09:00", "volunteers": 3}}', 'upcoming', true, NULL, '[]', NULL, NULL, NULL, '{"text": "asd", "display_name": "asd"}', false, 'df05dbff-81ea-4503-9bbd-4beab995c2f5', '{"oneTime": false}', NULL, NULL, 'America/Los_Angeles', false, 'unlisted', true, 'published', NULL, NULL, NULL, true, true, NULL, '9fdd2b3c-0631-4a1a-b963-c2b40c7815d4', 18, false, true, NULL, NULL, NULL, false, '2026-04-04'),
	('67882f59-b841-40ab-bf72-f305cf532d4b', 'b6ee0559-a406-4992-b621-9c5af015adce', 'testing', 'asd', '<p>asd</p>', 'oneTime', 'qr-code', '2026-03-08 09:11:58.472529+00', '{"oneTime": {"date": "2026-04-05", "endTime": "17:00", "startTime": "09:00", "volunteers": 3}}', 'upcoming', true, NULL, '[]', NULL, NULL, NULL, '{"text": "asd", "display_name": "asd"}', false, 'e699fc7f-1868-42c4-88cd-cbd267a555db', '{"oneTime": false}', NULL, NULL, 'America/Los_Angeles', false, 'unlisted', true, 'published', NULL, NULL, NULL, true, true, NULL, '9fdd2b3c-0631-4a1a-b963-c2b40c7815d4', 19, false, true, NULL, NULL, NULL, false, '2026-04-05'),
	('1772ca5a-d6c0-4039-adcc-6cf6ec36a746', 'b6ee0559-a406-4992-b621-9c5af015adce', 'asdf', 'asdf', '<p>asdf</p>', 'oneTime', 'qr-code', '2026-01-14 19:37:57.539197+00', '{"oneTime": {"date": "2026-01-14", "endTime": "17:00", "startTime": "11:45", "volunteers": 15}}', 'completed', false, NULL, '[]', NULL, NULL, NULL, '{"text": "asdf", "display_name": "asdf"}', false, 'd28fe27c-3a57-4b20-8566-8a2663a612a3', '{"oneTime": false}', NULL, NULL, 'America/Los_Angeles', false, 'unlisted', true, 'published', NULL, NULL, NULL, true, true, NULL, NULL, NULL, false, true, NULL, NULL, NULL, false, NULL),
	('e0a2c417-5eb2-4cb4-b76a-24c98c444361', 'b6ee0559-a406-4992-b621-9c5af015adce', 'test pdf', 'San Jose', '<p><strong>test</strong></p>', 'oneTime', 'qr-code', '2026-03-02 01:33:32.540703+00', '{"oneTime": {"date": "2026-03-14", "endTime": "15:05", "startTime": "15:02", "volunteers": 15}}', 'upcoming', true, NULL, '[]', NULL, NULL, NULL, '{"text": "San Jose", "coordinates": {"latitude": 37.33874, "longitude": -121.8852525}, "display_name": "San Jose, CA, USA"}', false, '2d52dfb6-9c9f-4ce6-8258-47424afcb581', '{"oneTime": false}', NULL, NULL, 'America/Los_Angeles', false, 'unlisted', true, 'published', NULL, NULL, NULL, true, true, NULL, '6bcfd602-a53c-4491-a3a9-369b978a3c89', 4, false, true, NULL, NULL, NULL, false, '2026-03-14'),
	('0d2cafd6-8efc-4788-8219-3363d29bbc97', 'b6ee0559-a406-4992-b621-9c5af015adce', 'test', 'Windemere Ranch Middle School', '<p><strong>test</strong></p>', 'oneTime', 'qr-code', '2026-03-02 01:33:37.244276+00', '{"oneTime": {"date": "2026-03-14", "endTime": "20:05", "startTime": "19:03", "volunteers": 15}}', 'cancelled', true, NULL, '[]', NULL, 'Recurring series ended by organizer', '2026-03-02 05:03:40.08+00', '{"text": "Windemere Ranch Middle School", "coordinates": {"latitude": 37.7526022, "longitude": -121.9060244}, "display_name": "11611 E Branch Pkwy, San Ramon, CA 94582, USA"}', false, 'f5071769-8e4e-4b8e-aeff-b4fcea4c1aa9', '{"oneTime": false}', NULL, NULL, 'America/Los_Angeles', false, 'unlisted', true, 'published', NULL, NULL, NULL, true, true, NULL, 'f67b1a06-a282-41c9-bede-8d7e9fe01b6c', 2, false, true, NULL, NULL, NULL, false, '2026-03-14'),
	('95406d35-ba77-44fe-8057-dd7265ea60ef', 'b6ee0559-a406-4992-b621-9c5af015adce', 'test pdf', 'San Jose', '<p><strong>test</strong></p>', 'oneTime', 'qr-code', '2026-03-02 01:33:32.815693+00', '{"oneTime": {"date": "2026-03-21", "endTime": "15:05", "startTime": "15:02", "volunteers": 15}}', 'upcoming', true, NULL, '[]', NULL, NULL, NULL, '{"text": "San Jose", "coordinates": {"latitude": 37.33874, "longitude": -121.8852525}, "display_name": "San Jose, CA, USA"}', false, '4e90b37e-ffd6-4727-88fd-b4bcaff0901e', '{"oneTime": false}', NULL, NULL, 'America/Los_Angeles', false, 'unlisted', true, 'published', NULL, NULL, NULL, true, true, NULL, '6bcfd602-a53c-4491-a3a9-369b978a3c89', 5, false, true, NULL, NULL, NULL, false, '2026-03-21'),
	('11958124-a10c-4bae-b1fd-662379a1bb31', 'b6ee0559-a406-4992-b621-9c5af015adce', 'testing', 'asd', '<p>asd</p>', 'oneTime', 'qr-code', '2026-03-02 01:33:34.748098+00', '{"oneTime": {"date": "2026-03-15", "endTime": "17:00", "startTime": "09:00", "volunteers": 3}}', 'upcoming', true, NULL, '[]', NULL, NULL, NULL, '{"text": "asd", "display_name": "asd"}', false, 'b1a400c4-0469-4d85-a887-2e9620f2bc2f', '{"oneTime": false}', NULL, NULL, 'America/Los_Angeles', false, 'unlisted', true, 'published', NULL, NULL, NULL, true, true, NULL, '9fdd2b3c-0631-4a1a-b963-c2b40c7815d4', 13, false, true, NULL, NULL, NULL, false, '2026-03-15'),
	('a4e570ed-7e8b-4861-b4f0-07a89da9e897', 'b6ee0559-a406-4992-b621-9c5af015adce', 'Santa Cruz Beach Cleanup', 'Santa Cruz Beach Boardwalk', '<p>Join us for a beach cleanup this Saturday at Santa Cruz Beach. We need volunteers for two shifts: <strong>Event Set Up </strong>from 9 AM to 12 PM and <strong>Event Cleanup</strong> from 1 PM to 3 PM. Help us collect trash and recyclables to keep our beaches beautiful.</p>', 'sameDayMultiArea', 'qr-code', '2026-03-11 22:59:10.621334+00', '{"oneTime": {"date": "", "endTime": "17:00", "startTime": "09:00", "volunteers": 0}, "multiDay": [{"date": "", "slots": [{"name": "", "endTime": "17:00", "startTime": "09:00", "volunteers": 0}]}], "sameDayMultiArea": {"date": "2026-03-14", "roles": [{"name": "Event Set Up", "endTime": "11:00", "startTime": "09:00", "volunteers": 10}, {"name": "Event Cleanup", "endTime": "16:00", "startTime": "14:00", "volunteers": 5}], "overallEnd": "16:00", "overallStart": "09:00"}}', 'upcoming', true, 'https://api.lets-assist.com/storage/v1/object/public/project-images/project_a4e570ed-7e8b-4861-b4f0-07a89da9e897_cover_1773269950882.jpeg', '[]', '4a6af894-7591-40b7-be2c-68ead99a2006', NULL, NULL, '{"text": "Santa Cruz Beach Boardwalk", "coordinates": {"latitude": 36.9645218, "longitude": -122.0166672}, "display_name": "400 Beach St, Santa Cruz, CA 95060, USA"}', false, '1307b503-29fe-43b3-93af-0b47c5dc6c7f', '{"Event Set Up": false, "Event Cleanup": false}', 's534h4f1offb7qjvlqc92sjcmo', '2026-03-11 22:59:16.205+00', 'America/Los_Angeles', false, 'unlisted', true, 'published', NULL, NULL, NULL, true, true, NULL, NULL, NULL, true, true, 'project_waivers/a4e570ed-7e8b-4861-b4f0-07a89da9e897/1773269951359_Sample_Volunteer_Waiver.pdf', 'https://api.lets-assist.com/storage/v1/object/public/waiver-uploads/project_waivers/a4e570ed-7e8b-4861-b4f0-07a89da9e897/1773269951359_Sample_Volunteer_Waiver.pdf', '9b8c3b0a-f477-4450-9663-be72d95dd5d5', false, NULL),
	('6bcfd602-a53c-4491-a3a9-369b978a3c89', 'b6ee0559-a406-4992-b621-9c5af015adce', 'test pdf', 'San Jose', '<p><strong>test</strong></p>', 'oneTime', 'qr-code', '2026-02-16 22:54:44.446559+00', '{"oneTime": {"date": "2026-02-16", "endTime": "15:05", "startTime": "15:02", "volunteers": 15}}', 'completed', true, 'https://api.lets-assist.com/storage/v1/object/public/project-images/project_6bcfd602-a53c-4491-a3a9-369b978a3c89_cover_1771282485761.webp', '[]', NULL, NULL, NULL, '{"text": "San Jose", "coordinates": {"latitude": 37.33874, "longitude": -121.8852525}, "display_name": "San Jose, CA, USA"}', false, '3047c65f-4526-46ff-be82-247f819daf2e', '{"oneTime": false}', NULL, NULL, 'America/Los_Angeles', false, 'unlisted', true, 'published', NULL, NULL, NULL, true, true, '{"end_date": null, "end_type": "never", "interval": 1, "weekdays": ["saturday"], "frequency": "weekly", "end_occurrences": null}', NULL, NULL, true, true, 'project_waivers/6bcfd602-a53c-4491-a3a9-369b978a3c89/1771282486425_Sample_Volunteer_Waiver.pdf', 'https://api.lets-assist.com/storage/v1/object/public/waiver-uploads/project_waivers/6bcfd602-a53c-4491-a3a9-369b978a3c89/1771282486425_Sample_Volunteer_Waiver.pdf', 'aa23deb4-7f8d-44bf-a719-5ae1350d080c', false, NULL),
	('8dd4c6fe-e5de-4ee9-b89c-7b18d793ac3d', 'b6ee0559-a406-4992-b621-9c5af015adce', 'ArtsForHearts Soap Making', 'Belmont Village Senior Living San Ramon', '<p>Please review the available slots below and click on the button to sign up. Thank you!</p>', 'oneTime', 'qr-code', '2026-01-19 03:23:27.343568+00', '{"oneTime": {"date": "2026-01-27", "endTime": "15:30", "startTime": "13:30", "volunteers": 15}}', 'completed', false, 'https://api.lets-assist.com/storage/v1/object/public/project-images/project_8dd4c6fe-e5de-4ee9-b89c-7b18d793ac3d_cover_1768793008381.webp', '[]', '4e559bd7-8cbc-41c4-9541-50c4a8cf18c4', NULL, NULL, '{"text": "Belmont Village Senior Living San Ramon", "coordinates": {"latitude": 37.7623115, "longitude": -121.9543022}, "display_name": "1000 Walnut Dr, San Ramon, CA 94583, USA"}', false, 'a5246de6-c6e6-48ea-b6dd-109039402e3c', '{"oneTime": false}', 'flr0mgbcplmbbieurtsfa1ab1c', '2026-03-11 18:42:09.528+00', 'America/Los_Angeles', false, 'unlisted', true, 'published', NULL, NULL, NULL, true, true, NULL, NULL, NULL, false, true, NULL, NULL, NULL, false, NULL),
	('f00fa973-93c7-4ca3-98bb-e5e28dcdfed9', 'b6ee0559-a406-4992-b621-9c5af015adce', 'testing', 'asd', '<p>asd</p>', 'oneTime', 'qr-code', '2026-03-02 01:33:36.398417+00', '{"oneTime": {"date": "2026-03-29", "endTime": "17:00", "startTime": "09:00", "volunteers": 3}}', 'upcoming', true, NULL, '[]', NULL, NULL, NULL, '{"text": "asd", "display_name": "asd"}', false, 'ba7fea98-9553-43dd-a289-36356d756739', '{"oneTime": false}', 'r3d9aarpic2ehh3lo8q7viif70', '2026-03-04 19:37:28.606+00', 'America/Los_Angeles', false, 'unlisted', true, 'published', NULL, NULL, NULL, true, true, NULL, '9fdd2b3c-0631-4a1a-b963-c2b40c7815d4', 17, false, true, NULL, NULL, NULL, false, '2026-03-29'),
	('02f898e0-9418-4ce3-a6bb-0963b5a18237', 'b6ee0559-a406-4992-b621-9c5af015adce', 'test pdf', 'San Jose', '<p><strong>test</strong></p>', 'oneTime', 'qr-code', '2026-03-02 01:33:33.115847+00', '{"oneTime": {"date": "2026-03-28", "endTime": "15:05", "startTime": "15:02", "volunteers": 15}}', 'upcoming', true, NULL, '[]', NULL, NULL, NULL, '{"text": "San Jose", "coordinates": {"latitude": 37.33874, "longitude": -121.8852525}, "display_name": "San Jose, CA, USA"}', false, '5db1b9b9-8aa1-4391-9fe7-1988399b5dd3', '{"oneTime": false}', NULL, NULL, 'America/Los_Angeles', false, 'unlisted', true, 'published', NULL, NULL, NULL, true, true, NULL, '6bcfd602-a53c-4491-a3a9-369b978a3c89', 6, false, true, NULL, NULL, NULL, false, '2026-03-28'),
	('892053bb-9c6f-4a04-b98f-cf9bcd27e7c8', '7b97983a-7d4b-49a1-9e03-38e25817614f', 'After School OrganizationORGANIZATION.ORG', 'Windemere Ranch Middle School', '<p>Join Mrs. Erickson''s After School <a target="_blank" rel="noopener noreferrer" class="text-primary underline hover:text-primary/80 hover:cursor-pointer" href="http://OrganizationORGANIZATION.ORG">OrganizationORGANIZATION.ORG</a> and enjoy snacks while organizing C204!</p>', 'multiDay', 'qr-code', '2025-10-22 22:48:53.21548+00', '{"multiDay": [{"date": "2025-10-22", "slots": [{"endTime": "17:00", "startTime": "16:00", "volunteers": 6}]}, {"date": "2025-10-23", "slots": [{"endTime": "17:00", "startTime": "09:00", "volunteers": 6}]}, {"date": "2025-10-27", "slots": [{"endTime": "17:00", "startTime": "09:00", "volunteers": 6}]}, {"date": "2025-10-28", "slots": [{"endTime": "17:00", "startTime": "09:00", "volunteers": 6}]}, {"date": "2025-10-29", "slots": [{"endTime": "17:00", "startTime": "09:00", "volunteers": 6}]}, {"date": "2025-10-30", "slots": [{"endTime": "17:00", "startTime": "09:00", "volunteers": 6}]}]}', 'completed', true, NULL, '[]', 'f7198ef8-db95-4199-8070-438f776fe791', NULL, NULL, '{"text": "Windemere Ranch Middle School", "coordinates": {"latitude": 37.7526022, "longitude": -121.9060244}, "display_name": "11611 E Branch Pkwy, San Ramon, CA 94582, USA"}', false, '1c12304d-1221-4bbe-b921-e5e1fa6b0df6', '{"2025-10-22-0": false, "2025-10-23-0": false, "2025-10-27-0": false, "2025-10-28-0": false, "2025-10-29-0": false, "2025-10-30-0": false}', 'a8mhsnttmho1grn4esg0a4k4sc', '2025-10-22 22:49:05.11+00', 'America/Los_Angeles', false, 'public', true, 'published', NULL, NULL, NULL, false, false, NULL, NULL, NULL, false, true, NULL, NULL, NULL, false, NULL),
	('14705a58-3fe6-4220-a896-509cab6de433', 'b6ee0559-a406-4992-b621-9c5af015adce', 'testing', 'asd', '<p>asd</p>', 'oneTime', 'qr-code', '2026-03-02 01:33:33.927366+00', '{"oneTime": {"date": "2026-03-07", "endTime": "17:00", "startTime": "09:00", "volunteers": 3}}', 'upcoming', true, NULL, '[]', NULL, NULL, NULL, '{"text": "asd", "display_name": "asd"}', false, '459d88d8-8232-4c44-9408-2bfd25407d16', '{"oneTime": false}', NULL, NULL, 'America/Los_Angeles', false, 'unlisted', true, 'published', NULL, NULL, NULL, true, true, NULL, '9fdd2b3c-0631-4a1a-b963-c2b40c7815d4', 10, false, true, NULL, NULL, NULL, false, '2026-03-07'),
	('6ee28580-a8f0-4ea6-98de-c7e7db82805a', 'b6ee0559-a406-4992-b621-9c5af015adce', 'testing', 'asd', '<p>asd</p>', 'oneTime', 'qr-code', '2026-03-02 01:33:35.013102+00', '{"oneTime": {"date": "2026-03-21", "endTime": "17:00", "startTime": "09:00", "volunteers": 3}}', 'upcoming', true, NULL, '[]', NULL, NULL, NULL, '{"text": "asd", "display_name": "asd"}', false, 'ef554e2d-1abe-46fc-93a9-b78146802bda', '{"oneTime": false}', NULL, NULL, 'America/Los_Angeles', false, 'unlisted', true, 'published', NULL, NULL, NULL, true, true, NULL, '9fdd2b3c-0631-4a1a-b963-c2b40c7815d4', 14, false, true, NULL, NULL, NULL, false, '2026-03-21'),
	('092a7745-fa96-4ebc-9091-61e611d97155', 'b6ee0559-a406-4992-b621-9c5af015adce', 'test', 'Windemere Ranch Middle School', '<p><strong>test</strong></p>', 'oneTime', 'qr-code', '2026-03-02 01:33:37.510428+00', '{"oneTime": {"date": "2026-03-28", "endTime": "20:05", "startTime": "19:03", "volunteers": 15}}', 'cancelled', true, NULL, '[]', NULL, 'Recurring series ended by organizer', '2026-03-02 05:03:40.08+00', '{"text": "Windemere Ranch Middle School", "coordinates": {"latitude": 37.7526022, "longitude": -121.9060244}, "display_name": "11611 E Branch Pkwy, San Ramon, CA 94582, USA"}', false, 'b01db058-ae25-4dc2-8abe-fd25cda5e0fe', '{"oneTime": false}', NULL, NULL, 'America/Los_Angeles', false, 'unlisted', true, 'published', NULL, NULL, NULL, true, true, NULL, 'f67b1a06-a282-41c9-bede-8d7e9fe01b6c', 3, false, true, NULL, NULL, NULL, false, '2026-03-28'),
	('20f0bbca-11a7-4e18-949c-b3bfe983624a', 'b6ee0559-a406-4992-b621-9c5af015adce', 'test', 'test', '<p>test</p>', 'oneTime', 'qr-code', '2026-02-12 16:18:07.004125+00', '{"oneTime": {"date": "2026-02-12", "endTime": "17:00", "startTime": "09:00", "volunteers": 15}}', 'upcoming', true, NULL, '[]', NULL, NULL, NULL, '{"text": "test", "display_name": "test"}', false, 'fa4c357b-65dc-4bf5-85a8-76c13d699747', '{"oneTime": false}', NULL, NULL, 'America/Los_Angeles', false, 'unlisted', true, 'published', NULL, NULL, NULL, true, true, NULL, NULL, NULL, true, true, 'project_waivers/20f0bbca-11a7-4e18-949c-b3bfe983624a/1770913087733_Volunteer_Waiver_2025.pdf', 'https://api.lets-assist.com/storage/v1/object/public/waiver-uploads/project_waivers/20f0bbca-11a7-4e18-949c-b3bfe983624a/1770913087733_Volunteer_Waiver_2025.pdf', NULL, false, NULL),
	('e8460e44-4ec4-45d1-9297-54d9e151caa2', 'b6ee0559-a406-4992-b621-9c5af015adce', 'test pdf', 'San Jose', '<p><strong>test</strong></p>', 'oneTime', 'qr-code', '2026-02-17 02:26:50.496628+00', '{"oneTime": {"date": "2026-02-17", "endTime": "20:05", "startTime": "19:03", "volunteers": 15}}', 'upcoming', false, NULL, '[]', NULL, NULL, NULL, '{"text": "San Jose", "coordinates": {"latitude": 37.33874, "longitude": -121.8852525}, "display_name": "San Jose, CA, USA"}', false, '9f784a90-afe8-47d6-a915-aeb09c6c1181', '{"oneTime": false}', NULL, NULL, 'America/Los_Angeles', false, 'unlisted', true, 'published', NULL, NULL, NULL, true, true, NULL, NULL, NULL, true, true, 'project_waivers/e8460e44-4ec4-45d1-9297-54d9e151caa2/1771295214042_Sample_Volunteer_Waiver.pdf', 'https://api.lets-assist.com/storage/v1/object/public/waiver-uploads/project_waivers/e8460e44-4ec4-45d1-9297-54d9e151caa2/1771295214042_Sample_Volunteer_Waiver.pdf', '8f95b5cf-236f-4935-8070-9b34585835bb', false, NULL),
	('49da960e-0dda-4e3d-a591-831dd5c28ba4', 'b6ee0559-a406-4992-b621-9c5af015adce', 'Santa Cruz Beach Cleanup', 'Santa Cruz Beach Boardwalk', '<p>Join us for a beach cleanup this Saturday at Santa Cruz Beach. We need volunteers for two shifts: <strong>Event Set Up </strong>from 9 AM to 12 PM and <strong>Event Cleanup</strong> from 1 PM to 3 PM. Help us collect trash and recyclables to keep our beaches beautiful.</p>', 'sameDayMultiArea', 'qr-code', '2026-03-03 00:20:03.897419+00', '{"oneTime": {"date": "", "endTime": "17:00", "startTime": "09:00", "volunteers": 0}, "multiDay": [{"date": "", "slots": [{"endTime": "17:00", "startTime": "09:00", "volunteers": 0}]}], "sameDayMultiArea": {"date": "2026-03-07", "roles": [{"name": "Event Set Up", "endTime": "12:00", "startTime": "09:00", "volunteers": 20}, {"name": "Event Cleanup", "endTime": "15:00", "startTime": "13:00", "volunteers": 20}], "overallEnd": "15:00", "overallStart": "09:00"}}', 'completed', true, 'https://api.lets-assist.com/storage/v1/object/public/project-images/project_49da960e-0dda-4e3d-a591-831dd5c28ba4_cover_1772497204111.jpeg', '[]', '4a6af894-7591-40b7-be2c-68ead99a2006', NULL, NULL, '{"text": "Santa Cruz Beach Boardwalk", "coordinates": {"latitude": 36.9645218, "longitude": -122.0166672}, "display_name": "400 Beach St, Santa Cruz, CA 95060, USA"}', false, '0509c1cb-0709-401c-8290-3c56c317e39f', '{"Event Set Up": false, "Event Cleanup": false}', '1bht381sdljc4avhv2i8q7dfm4', '2026-03-03 00:20:09.507+00', 'America/Los_Angeles', false, 'public', true, 'published', NULL, NULL, NULL, true, true, NULL, NULL, NULL, true, true, 'project_waivers/49da960e-0dda-4e3d-a591-831dd5c28ba4/1772497204542_Sample_Volunteer_Waiver.pdf', 'https://api.lets-assist.com/storage/v1/object/public/waiver-uploads/project_waivers/49da960e-0dda-4e3d-a591-831dd5c28ba4/1772497204542_Sample_Volunteer_Waiver.pdf', 'cad426f5-7ada-45b7-8df0-6e36faf80544', false, NULL),
	('b348f360-01b6-437f-bd0c-a242695c1603', 'b6ee0559-a406-4992-b621-9c5af015adce', 'r', '', '', 'oneTime', 'qr-code', '2026-01-19 08:11:21.17595+00', '{"oneTime": {"date": "", "endTime": "17:00", "startTime": "09:00", "volunteers": 0}}', 'upcoming', true, NULL, '[]', NULL, NULL, NULL, NULL, false, '7cc3baf2-0d2d-4a64-bdb4-8fb16f71c14e', '{"oneTime": false}', NULL, NULL, 'America/Los_Angeles', false, 'public', true, 'draft', NULL, NULL, NULL, false, false, NULL, NULL, NULL, false, true, NULL, NULL, NULL, false, NULL),
	('199e6562-a11e-4c26-9c96-07ba13aa6842', '7b97983a-7d4b-49a1-9e03-38e25817614f', 'After-school OrganizationORGANIZATION.org', 'Windemere Ranch Middle School', '<p>Sign up to help organize in Room C204... There will be snacks!</p>', 'multiDay', 'qr-code', '2025-10-21 23:26:02.078418+00', '{"multiDay": [{"date": "2025-10-21", "slots": [{"endTime": "17:30", "startTime": "16:30", "volunteers": 2}]}, {"date": "2025-10-22", "slots": [{"endTime": "16:25", "startTime": "14:25", "volunteers": 6}]}]}', 'completed', true, NULL, '[]', 'f7198ef8-db95-4199-8070-438f776fe791', NULL, NULL, '{"text": "Windemere Ranch Middle School", "coordinates": {"latitude": 37.7526022, "longitude": -121.9060244}, "display_name": "11611 E Branch Pkwy, San Ramon, CA 94582, USA"}', false, 'c688568b-3991-41b2-979f-edd1ecfe6090', '{"2025-10-21-0": true, "2025-10-22-0": false}', NULL, NULL, 'America/Los_Angeles', false, 'organization_only', true, 'published', NULL, NULL, NULL, false, false, NULL, NULL, NULL, false, true, NULL, NULL, NULL, false, NULL),
	('7b6cd116-f290-47ad-8e50-be35bd3a4968', 'b6ee0559-a406-4992-b621-9c5af015adce', 'DHS CSF Peer Tutoring: Spring 2026', 'TBD', 'Weekly peer tutoring sessions for DHS students. CSF members can earn active membership hours by tutoring peers in math, science, and english. Volunteers must check in via QR code upon arrival at the library.', 'oneTime', 'signup-only', '2026-02-17 03:58:19.269715+00', '{"oneTime": {"date": "2026-02-18", "endTime": "12:00", "startTime": "10:00", "volunteers": 20}}', 'upcoming', true, NULL, '[]', '4e559bd7-8cbc-41c4-9541-50c4a8cf18c4', NULL, NULL, NULL, false, 'dfc09784-8cce-43fd-b354-efe6078d00c8', '{"oneTime": false, "multiDay": false, "sameDayMultiArea": false}', NULL, NULL, 'America/Los_Angeles', false, 'unlisted', true, 'draft', NULL, NULL, NULL, true, false, NULL, NULL, NULL, false, false, NULL, NULL, NULL, false, NULL),
	('cd8e71ae-410a-4dae-9cf1-9d5732af1e63', 'b6ee0559-a406-4992-b621-9c5af015adce', 'test', 'test', '<p>test</p>', 'oneTime', 'qr-code', '2026-02-13 03:03:19.293021+00', '{"oneTime": {"date": "2026-02-13", "endTime": "17:00", "startTime": "09:00", "volunteers": 15}}', 'upcoming', true, NULL, '[]', NULL, NULL, NULL, '{"text": "test", "display_name": "test"}', false, '9dcec38c-7489-4677-beed-779ee74b6bc3', '{"oneTime": false}', NULL, NULL, 'America/Los_Angeles', false, 'unlisted', true, 'published', NULL, NULL, NULL, true, true, NULL, NULL, NULL, true, true, 'project_waivers/cd8e71ae-410a-4dae-9cf1-9d5732af1e63/1770951800914_Volunteer_Waiver_2025.pdf', 'https://api.lets-assist.com/storage/v1/object/public/waiver-uploads/project_waivers/cd8e71ae-410a-4dae-9cf1-9d5732af1e63/1770951800914_Volunteer_Waiver_2025.pdf', NULL, false, NULL),
	('6954e2d2-6581-45c7-986a-721321adc7b7', 'b6ee0559-a406-4992-b621-9c5af015adce', 'TEST: Troop 941 ''25-''26 Adult Volunteer Signups', 'Blue Oaks Church', '<p>Please review the available slots below and click on the button to sign up. Thank you!<br /></p><p>Dear Parents,</p><p>We value you as a volunteer and appreciate your dedication to the Scouts as a supportive parent / guardian, a role model, and a mentor. We are looking for parent volunteers to help us with various tasks associated with our Troop''s activities and events.</p><p>Thank you for your support to Troop 941 and signing up!<br /></p><p>YIS,</p><p>Troop 941 Commitee</p>', 'multiDay', 'signup-only', '2026-03-11 05:33:46.07119+00', '{"oneTime": {"date": "2026-03-09", "endTime": "17:00", "startTime": "09:00", "volunteers": 10}, "multiDay": [{"date": "2026-03-16", "slots": [{"name": "March BOR Signup - 2 hours", "endTime": "21:00", "startTime": "19:00", "volunteers": 12}]}, {"date": "2026-03-23", "slots": [{"name": "Red and Green Dinner Volunteers (Day of) - 2 and a half Hours", "endTime": "21:00", "startTime": "19:00", "volunteers": 5}]}, {"date": "2026-04-20", "slots": [{"name": "April BOR Signup - 2 hours", "endTime": "21:00", "startTime": "19:00", "volunteers": 12}]}, {"date": "2026-04-30", "slots": [{"name": "Memorial Day Flags Coordination - 2 volunteers for 4 hours", "endTime": "21:00", "startTime": "19:00", "volunteers": 2}]}, {"date": "2026-05-18", "slots": [{"name": "May BOR Signup - 2 hours", "endTime": "21:00", "startTime": "19:00", "volunteers": 12}]}, {"date": "2026-05-22", "slots": [{"name": "June BOR Signup - 2 hours", "endTime": "21:00", "startTime": "19:00", "volunteers": 12}]}, {"date": "2026-05-29", "slots": [{"name": "Summer COH Volunteers", "endTime": "21:00", "startTime": "19:00", "volunteers": 2}]}, {"date": "2026-08-17", "slots": [{"name": "August 2024 BOR (12 people for 2 HOURS)", "endTime": "21:00", "startTime": "19:00", "volunteers": 12}]}, {"date": "2026-09-14", "slots": [{"name": "September 2024 BOR (12 volunteers - 2 HOURS)", "endTime": "21:00", "startTime": "19:00", "volunteers": 12}]}], "sameDayMultiArea": {"date": "", "roles": [{"name": "", "endTime": "17:00", "startTime": "09:00", "volunteers": 0}], "overallEnd": "17:00", "overallStart": "09:00"}}', 'upcoming', true, NULL, '[]', '26bc1fa3-7f83-403c-bde1-2737bb71ca79', NULL, NULL, '{"text": "Blue Oaks Church", "coordinates": {"latitude": 37.6622162, "longitude": -121.8980164}, "display_name": "7139 Koll Center Pkwy, Pleasanton, CA 94566, USA"}', false, 'efecbfd5-5176-4571-9432-ca42a07069c3', '{"2026-03-16-0": false, "2026-03-23-0": false, "2026-04-20-0": false, "2026-04-30-0": false, "2026-05-18-0": false, "2026-05-22-0": false, "2026-05-29-0": false, "2026-08-17-0": false, "2026-09-14-0": false}', 'nknqm158cc4vou2tsqc982mdb8', '2026-03-11 05:33:53.025+00', 'America/Los_Angeles', false, 'unlisted', true, 'published', NULL, NULL, NULL, true, true, NULL, NULL, NULL, false, true, NULL, NULL, NULL, false, NULL),
	('3abf5353-0098-4356-a0dc-d4d1f25f5ad1', 'e90b335f-dd56-47a7-96c0-2ae511333f95', 'Test Event', 'test', '<p>This is a test event to verify the system''s functionality.</p>', 'oneTime', 'signup-only', '2026-03-03 18:45:14.235321+00', '{"oneTime": {"date": "2026-03-04", "endTime": "17:00", "startTime": "09:00", "volunteers": 10}, "multiDay": [{"date": "", "slots": [{"endTime": "17:00", "startTime": "09:00", "volunteers": 0}]}], "sameDayMultiArea": {"date": "", "roles": [{"name": "", "endTime": "17:00", "startTime": "09:00", "volunteers": 0}], "overallEnd": "17:00", "overallStart": "09:00"}}', 'cancelled', true, NULL, '[]', NULL, 'cancel', '2026-03-03 18:45:23.334+00', '{"text": "test", "display_name": "test"}', false, '97a39534-1bdd-46a3-9e99-27fb4cea0cf5', '{"oneTime": false}', NULL, NULL, 'America/Los_Angeles', false, 'unlisted', true, 'published', NULL, NULL, NULL, false, false, NULL, NULL, NULL, false, true, NULL, NULL, NULL, false, NULL),
	('aa85b022-6bc8-4eff-8b37-da11661fd95f', 'b6ee0559-a406-4992-b621-9c5af015adce', 'test', 'test', '<p>test</p>', 'oneTime', 'qr-code', '2026-02-14 07:07:44.204823+00', '{"oneTime": {"date": "2026-02-14", "endTime": "17:00", "startTime": "09:00", "volunteers": 15}}', 'upcoming', true, NULL, '[]', NULL, NULL, NULL, '{"text": "test", "display_name": "test"}', false, 'b6452bc4-4110-4d80-af50-edbe3e22265b', '{"oneTime": false}', NULL, NULL, 'America/Los_Angeles', false, 'unlisted', true, 'published', NULL, NULL, NULL, true, true, NULL, NULL, NULL, true, true, 'project_waivers/aa85b022-6bc8-4eff-8b37-da11661fd95f/1771052864926_Urban_Riparian_Buffer_Handbook.pdf', 'https://api.lets-assist.com/storage/v1/object/public/waiver-uploads/project_waivers/aa85b022-6bc8-4eff-8b37-da11661fd95f/1771052864926_Urban_Riparian_Buffer_Handbook.pdf', '34f5186b-cda0-4e8f-9b99-cb8429d89b48', false, NULL),
	('828b4438-9fd7-4fa8-a748-4bf0f3f36036', 'b6ee0559-a406-4992-b621-9c5af015adce', 'HHESPTA - Astronomy Night', 'Hidden Hills Elementary School', '<p>Hello DVHS CSF team,</p><p>Hidden Hills PTA is looking for 4 CSF Volunteers for the Astronomy Night on 01/22/2026 from 5:15 pm to 7:15 pm.Kindly provide your First and Last name , Grade and Phone Number.</p><p>Please review the time and click on the button to sign up. Thank you!</p><p>Warm wishes</p><p>HHESPTA - President</p>', 'oneTime', 'qr-code', '2026-01-19 22:01:49.757454+00', '{"oneTime": {"date": "2026-01-30", "endTime": "19:15", "startTime": "17:15", "volunteers": 4}}', 'completed', false, 'https://api.lets-assist.com/storage/v1/object/public/project-images/project_828b4438-9fd7-4fa8-a748-4bf0f3f36036_cover_1768860110564.webp', '[]', '4e559bd7-8cbc-41c4-9541-50c4a8cf18c4', NULL, NULL, '{"text": "Hidden Hills Elementary School", "coordinates": {"latitude": 37.7646641, "longitude": -121.8936929}, "display_name": "12995 Harcourt Way, San Ramon, CA 94582, USA"}', false, 'dad83d6e-99e3-4685-bfd6-311e4dc00894', '{"oneTime": false}', '275ouiremm1496gv29kogib6bk', '2026-03-11 18:42:12.857+00', 'America/Los_Angeles', false, 'unlisted', true, 'published', NULL, NULL, NULL, true, true, NULL, NULL, NULL, false, true, NULL, NULL, NULL, false, NULL),
	('0b6bd25e-9a87-405b-a123-8b4385ae23f9', 'b6ee0559-a406-4992-b621-9c5af015adce', 'test pdf', 'San Jose', '<p><strong>test</strong></p>', 'oneTime', 'qr-code', '2026-03-21 03:26:44.435315+00', '{"oneTime": {"date": "2026-04-18", "endTime": "15:05", "startTime": "15:02", "volunteers": 15}}', 'upcoming', true, NULL, '[]', NULL, NULL, NULL, '{"text": "San Jose", "coordinates": {"latitude": 37.33874, "longitude": -121.8852525}, "display_name": "San Jose, CA, USA"}', false, '9ee778d6-7acb-417d-a92c-7da8c550815f', '{"oneTime": false}', NULL, NULL, 'America/Los_Angeles', false, 'unlisted', true, 'published', NULL, NULL, NULL, true, true, NULL, '6bcfd602-a53c-4491-a3a9-369b978a3c89', 9, false, true, NULL, NULL, NULL, false, '2026-04-18'),
	('f90c6413-1569-42cf-b6ae-3f6b367ca6a4', 'b6ee0559-a406-4992-b621-9c5af015adce', 'testing', 'asd', '<p>asd</p>', 'oneTime', 'qr-code', '2026-03-21 03:26:45.228621+00', '{"oneTime": {"date": "2026-04-18", "endTime": "17:00", "startTime": "09:00", "volunteers": 3}}', 'upcoming', true, NULL, '[]', NULL, NULL, NULL, '{"text": "asd", "display_name": "asd"}', false, '28ee7dc5-9c98-459d-b037-6ed7f4d7d514', '{"oneTime": false}', NULL, NULL, 'America/Los_Angeles', false, 'unlisted', true, 'published', NULL, NULL, NULL, true, true, NULL, '9fdd2b3c-0631-4a1a-b963-c2b40c7815d4', 22, false, true, NULL, NULL, NULL, false, '2026-04-18'),
	('2ac81349-21fb-4b34-9fe8-fccc366d562b', 'b6ee0559-a406-4992-b621-9c5af015adce', 'Bookmarks for a Cause', 'Valley View Park', '<p>Come create diy bookmarks with us to be gifted to senior centers and sold at school events!</p><p>supplies and food provided</p><ul class="list-disc list-outside ml-4"><li class="my-1"><p>no experience needed</p></li><li class="my-1"><p>bring a friend!</p></li></ul><p></p><p><em>Note: this is jst a mock and I took one of your old insta posts, and it''s also unlisted so dont worry, its just for you to see and sort of understand</em></p>', 'oneTime', 'qr-code', '2025-12-27 23:16:12.369312+00', '{"oneTime": {"date": "2026-01-15", "endTime": "18:00", "startTime": "16:00", "volunteers": 20}}', 'completed', false, 'https://api.lets-assist.com/storage/v1/object/public/project-images/project_2ac81349-21fb-4b34-9fe8-fccc366d562b_cover_1766877392091.png', '[]', '4e559bd7-8cbc-41c4-9541-50c4a8cf18c4', NULL, NULL, '{"text": "Valley View Park", "coordinates": {"latitude": 37.776768, "longitude": -121.9192216}, "display_name": "N Monarch Rd, San Ramon, CA 94582, USA"}', false, '999e38ee-a661-4d46-93fb-3bd3028c4fa1', '{"oneTime": false}', NULL, NULL, 'America/Los_Angeles', false, 'unlisted', true, 'published', NULL, NULL, NULL, false, false, NULL, NULL, NULL, false, true, NULL, NULL, NULL, false, NULL),
	('9fdd2b3c-0631-4a1a-b963-c2b40c7815d4', 'b6ee0559-a406-4992-b621-9c5af015adce', 'testing', 'asd', '<p>asd</p>', 'oneTime', 'qr-code', '2026-01-20 06:24:29.102717+00', '{"oneTime": {"date": "2026-01-31", "endTime": "17:00", "startTime": "09:00", "volunteers": 3}}', 'completed', true, NULL, '[{"url": "https://api.lets-assist.com/storage/v1/object/public/project-documents/project_9fdd2b3c-0631-4a1a-b963-c2b40c7815d4_806019aa_1768890270220.pdf", "name": "2018 Sample Waiver and Release.pdf", "size": 264072, "type": "application/pdf", "originalName": "2018 Sample Waiver and Release.pdf"}]', NULL, NULL, NULL, '{"text": "asd", "display_name": "asd"}', false, '5a4b4709-3ec5-49ad-9d4a-f78b377ea7b7', '{"oneTime": false}', NULL, NULL, 'America/Los_Angeles', false, 'unlisted', true, 'published', NULL, NULL, NULL, true, true, '{"end_date": null, "end_type": "never", "interval": 1, "weekdays": ["sunday", "saturday"], "frequency": "weekly", "end_occurrences": null}', NULL, NULL, true, true, NULL, NULL, NULL, false, NULL),
	('d5e0532e-d2b1-4943-a711-459eaac3d666', '88cfede8-f76c-4c3e-8946-b4aad8580dcf', 'testing ', 'San Jose', '<p>testing</p>', 'oneTime', 'qr-code', '2025-10-22 03:46:40.259116+00', '{"oneTime": {"date": "2025-10-23", "endTime": "17:00", "startTime": "09:00", "volunteers": 3}}', 'completed', true, NULL, '[]', NULL, NULL, NULL, '{"text": "San Jose", "coordinates": {"latitude": 37.33874, "longitude": -121.8852525}, "display_name": "San Jose, CA, USA"}', false, '8b22be93-e03e-4ed5-b466-a884761eb9b6', '{"oneTime": false}', NULL, NULL, 'America/Los_Angeles', false, 'public', true, 'published', NULL, NULL, NULL, false, false, NULL, NULL, NULL, false, true, NULL, NULL, NULL, false, NULL),
	('9f647ff0-d904-420b-9204-f3e5d3c58446', 'b6ee0559-a406-4992-b621-9c5af015adce', 'multiple', 'San Jose', '<p><strong>test</strong></p>', 'multiDay', 'qr-code', '2026-02-17 04:21:13.745552+00', '{"multiDay": [{"date": "2026-02-17", "slots": [{"endTime": "11:00", "startTime": "09:00", "volunteers": 5}, {"endTime": "15:00", "startTime": "13:00", "volunteers": 15}]}, {"date": "2026-02-18", "slots": [{"endTime": "14:00", "startTime": "09:00", "volunteers": 13}, {"endTime": "17:00", "startTime": "16:03", "volunteers": 4}]}]}', 'upcoming', false, NULL, '[]', NULL, NULL, NULL, '{"text": "San Jose", "coordinates": {"latitude": 37.33874, "longitude": -121.8852525}, "display_name": "San Jose, CA, USA"}', false, 'fa0f78ed-a793-44cf-8b1f-83d83d6e68db', '{"2026-02-17-0": false, "2026-02-17-1": false, "2026-02-18-0": false, "2026-02-18-1": false}', NULL, NULL, 'America/Los_Angeles', false, 'unlisted', true, 'published', NULL, NULL, NULL, true, true, NULL, NULL, NULL, true, true, 'project_waivers/9f647ff0-d904-420b-9204-f3e5d3c58446/1771302076460_Sample_Volunteer_Waiver.pdf', 'https://api.lets-assist.com/storage/v1/object/public/waiver-uploads/project_waivers/9f647ff0-d904-420b-9204-f3e5d3c58446/1771302076460_Sample_Volunteer_Waiver.pdf', 'f24509f7-3560-4538-aeed-7217eca57905', false, NULL),
	('29600f5d-46dd-4b6b-b0d6-f8a73eaf26bc', 'b6ee0559-a406-4992-b621-9c5af015adce', 'Beach Cleanup at Santa Cruz Beach', 'Santa Cruz Beach Boardwalk', '<p>Join us for a vital beach cleanup at Santa Cruz Beach this Saturday. We have two distinct roles to cover both the east and west sides of the beach, ensuring a thorough clean-up of our beautiful coastline. All supplies will be provided.</p>', 'sameDayMultiArea', 'qr-code', '2026-01-12 20:35:51.369397+00', '{"sameDayMultiArea": {"date": "2026-01-12", "roles": [{"name": "East Side Cleanup Crew", "endTime": "12:40", "startTime": "12:38", "volunteers": 25}, {"name": "West Side Cleanup Crew", "endTime": "12:45", "startTime": "12:40", "volunteers": 25}], "overallEnd": "12:45", "overallStart": "12:38"}}', 'completed', false, NULL, '[]', '4a6af894-7591-40b7-be2c-68ead99a2006', NULL, NULL, '{"text": "Santa Cruz Beach Boardwalk", "coordinates": {"latitude": 36.9645218, "longitude": -122.0166672}, "display_name": "400 Beach St, Santa Cruz, CA 95060, USA"}', false, '9b66731a-bf74-4886-89bd-50f5a829d5a2', '{"East Side Cleanup Crew": true, "West Side Cleanup Crew": false}', NULL, NULL, 'America/Los_Angeles', false, 'public', true, 'published', NULL, NULL, NULL, false, false, NULL, NULL, NULL, false, true, NULL, NULL, NULL, false, NULL),
	('82cf07c3-5053-4b53-8c3e-628aa7185b70', '2c94347e-f1c6-418c-85f5-175501e3d4de', 'volunteering for children''s hospitals: pillow making! ', 'East Branch Park', '<p>4:30-5:30 make heart pillows with us and write valentines notes for childrens hospitals! </p>', 'oneTime', 'qr-code', '2026-02-12 06:59:39.92239+00', '{"oneTime": {"date": "2026-02-13", "endTime": "17:30", "startTime": "16:30", "volunteers": 30}}', 'upcoming', false, NULL, '[]', NULL, NULL, NULL, '{"text": "East Branch Park", "coordinates": {"latitude": 37.7609364, "longitude": -121.899403}, "display_name": "825 Pipers Brook Ct, San Ramon, CA 94582, USA"}', false, 'f5884288-b947-4bee-bc68-119facbf4bdc', '{"oneTime": false}', NULL, NULL, 'America/Los_Angeles', false, 'public', true, 'published', NULL, NULL, NULL, false, false, NULL, NULL, NULL, false, true, NULL, NULL, NULL, false, NULL),
	('a2fe9455-e0af-45bf-a3aa-4ff99da348e6', '54941f39-c830-4842-a8df-34aa52fe47d1', 'Peer Tutoring Week 1', 'Windemere Ranch Middle School', '<p>Support fellow students in Geometry and Course 1 by joining peer-led tutoring sessions during lunch or after school. Help others grasp concepts, prep for tests, and build confidence.</p>', 'sameDayMultiArea', 'qr-code', '2025-06-26 02:45:10.537651+00', '{"sameDayMultiArea": {"date": "2025-06-28", "roles": [{"name": "Geo Peer Tutoring", "endTime": "16:00", "startTime": "15:00", "volunteers": 7}, {"name": "Course 1 Peer Tutoring", "endTime": "16:00", "startTime": "15:00", "volunteers": 4}], "overallEnd": "16:00", "overallStart": "15:00"}}', 'completed', true, NULL, '[]', 'f7198ef8-db95-4199-8070-438f776fe791', NULL, NULL, '{"text": "Windemere Ranch Middle School", "coordinates": {"latitude": 37.7526022, "longitude": -121.9060244}, "display_name": "11611 E Branch Pkwy, San Ramon, CA 94582, USA"}', false, 'c3815d0f-df84-4d42-a646-c00a2a46b0f2', '{"Geo Peer Tutoring": false, "Course 1 Peer Tutoring": false}', NULL, NULL, 'America/Los_Angeles', false, 'public', true, 'published', NULL, NULL, NULL, false, false, NULL, NULL, NULL, false, true, NULL, NULL, NULL, false, NULL),
	('4618f9d5-5acc-4c5f-a8ce-7427b2974dd0', '54941f39-c830-4842-a8df-34aa52fe47d1', 'Mrs. Abdelmalek Peer Tutoring Program', 'Bay Area', '<p>asdf</p>', 'oneTime', 'qr-code', '2025-07-03 02:44:56.967756+00', '{"oneTime": {"date": "2025-07-17", "endTime": "17:00", "startTime": "09:00", "volunteers": 2}}', 'completed', true, NULL, '[]', 'f7198ef8-db95-4199-8070-438f776fe791', NULL, NULL, '{"text": "Bay Area", "display_name": "Bay Area"}', false, 'cc3f277c-3480-482a-9746-a651a56f8233', '{"oneTime": false}', NULL, NULL, 'America/Los_Angeles', false, 'public', true, 'published', NULL, NULL, NULL, false, false, NULL, NULL, NULL, false, true, NULL, NULL, NULL, false, NULL),
	('bc6e2d5f-7952-416a-8332-c0181117422e', 'b6ee0559-a406-4992-b621-9c5af015adce', 'BV Fall Book Fair Volunteers', 'Bella Vista Elementary School', '<p><em>Note: This is just a mock and what it could look like from one of your old posts on CSF. It''s also an unlisted event so don''t worry it''s not on the main feed it''s just to demo what it could look like :)</em></p><p></p><p>High school volunteers needed to help with Bella Vista Elementary''s book fair. No experience necessary! Please review the available slots below and click on the button to sign up.</p><p></p><p>Please arrive <strong>ON TIME</strong> and expect to stay the full shift if you plan to sign up.</p>', 'sameDayMultiArea', 'qr-code', '2025-12-27 22:01:42.784481+00', '{"sameDayMultiArea": {"date": "2026-01-21", "roles": [{"name": "Library Rearrangement & Set-Up", "endTime": "15:00", "startTime": "14:00", "volunteers": 15}, {"name": "Fair Cleanup", "endTime": "20:00", "startTime": "19:00", "volunteers": 10}], "overallEnd": "20:00", "overallStart": "14:00"}}', 'upcoming', true, NULL, '[]', '4e559bd7-8cbc-41c4-9541-50c4a8cf18c4', NULL, NULL, '{"text": "Bella Vista Elementary School", "coordinates": {"latitude": 37.7519919, "longitude": -121.9186347}, "display_name": "1050 Trumpet Vine Ln, San Ramon, CA 94582, USA"}', false, 'ceabcbce-f7cb-4c61-a9b3-19e2e4ce01b1', '{"Fair Cleanup": false, "Library Rearrangement & Set-Up": false}', NULL, NULL, 'America/Los_Angeles', false, 'unlisted', true, 'published', NULL, NULL, NULL, false, false, NULL, NULL, NULL, false, true, NULL, NULL, NULL, false, NULL),
	('f67b1a06-a282-41c9-bede-8d7e9fe01b6c', 'b6ee0559-a406-4992-b621-9c5af015adce', 'test', 'Windemere Ranch Middle School', '<p><strong>test</strong></p>', 'oneTime', 'qr-code', '2026-02-25 20:46:39.68481+00', '{"oneTime": {"date": "2026-02-25", "endTime": "20:05", "startTime": "19:03", "volunteers": 15}}', 'completed', true, NULL, '[]', NULL, NULL, NULL, '{"text": "Windemere Ranch Middle School", "coordinates": {"latitude": 37.7526022, "longitude": -121.9060244}, "display_name": "11611 E Branch Pkwy, San Ramon, CA 94582, USA"}', false, 'a513f36f-a000-4c58-b7a7-471bccbec04c', '{"oneTime": false}', NULL, NULL, 'America/Los_Angeles', false, 'unlisted', true, 'published', NULL, NULL, NULL, true, true, NULL, NULL, NULL, true, true, NULL, NULL, NULL, false, NULL),
	('39cd103e-3c50-4de0-8bb4-c0bc77979c4d', 'b6ee0559-a406-4992-b621-9c5af015adce', 'multiple', 'Windemere Ranch Middle School', '<p><strong>test</strong></p><p></p><p>fasdf</p>', 'sameDayMultiArea', 'qr-code', '2026-02-23 04:22:30.198549+00', '{"sameDayMultiArea": {"date": "2026-02-23", "roles": [{"name": "Event Decoration", "endTime": "17:00", "startTime": "09:00", "volunteers": 5}, {"name": "Event Cleanup", "endTime": "16:00", "startTime": "14:00", "volunteers": 2}], "overallEnd": "17:00", "overallStart": "09:00"}}', 'upcoming', true, NULL, '[]', NULL, NULL, NULL, '{"text": "Windemere Ranch Middle School", "coordinates": {"latitude": 37.7526022, "longitude": -121.9060244}, "display_name": "11611 E Branch Pkwy, San Ramon, CA 94582, USA"}', false, 'f5a7cb44-050d-448b-b31a-926ecdb5c6fb', '{"Event Cleanup": false, "Event Decoration": false}', NULL, NULL, 'America/Los_Angeles', false, 'unlisted', true, 'published', NULL, NULL, NULL, true, true, NULL, NULL, NULL, false, true, NULL, NULL, NULL, false, NULL),
	('b88d9a6e-642c-44f4-94af-478dbd8a455d', 'b6ee0559-a406-4992-b621-9c5af015adce', 'test', 'test', '<p>test</p>', 'oneTime', 'qr-code', '2026-02-14 20:14:32.752942+00', '{"oneTime": {"date": "2026-02-15", "endTime": "17:00", "startTime": "09:00", "volunteers": 15}}', 'upcoming', true, NULL, '[]', NULL, NULL, NULL, '{"text": "test", "display_name": "test"}', false, 'd56bb4d4-66f9-4b4d-97e4-db8ada3c9fc8', '{"oneTime": false}', NULL, NULL, 'America/Los_Angeles', false, 'unlisted', true, 'published', NULL, NULL, NULL, true, true, NULL, NULL, NULL, true, true, 'project_waivers/b88d9a6e-642c-44f4-94af-478dbd8a455d/1771100074172_Volunteer_Waiver_2025.pdf', 'https://api.lets-assist.com/storage/v1/object/public/waiver-uploads/project_waivers/b88d9a6e-642c-44f4-94af-478dbd8a455d/1771100074172_Volunteer_Waiver_2025.pdf', '230ef101-60be-4224-b69d-fa1f1aa7d933', false, NULL),
	('606b7bdc-99db-4d28-bdb5-11205e3e7926', 'b6ee0559-a406-4992-b621-9c5af015adce', 'Contra Costa Food Bank', 'Food Bank of Contra Costa & Solano', '<p><em>Note: This is a mock and I just made this to show what it COULD look like. I just went to one of your old instagram posts, and put in the details into here(the details I got from the Google Calendar). Also don''t worry, I made this an unlisted project so it won''t show up in the public feed it''s just for you to see.</em></p><p></p><p><strong>Attire: </strong>Closed toed shoes REQUIRED (or they will have to send you home),<strong> </strong>jeans or black pants (no sweats/track pants/leggings), NHS shirt or DVHS pride shirt. Dress in layers; we’ll be in a warehouse.</p><p><strong>Description: </strong>Students will help sort food for the food bank.<em> Please bring 5 (or more!) canned food items with you to the food bank to donate. </em>Ideas and suggestions will be sent out prior to the event</p><p></p><p><strong>**NOTE:</strong> <em>You</em> <em>cannot sign up if they have done food bank this semester)</em></p><p><strong>Points</strong>: 3</p>', 'oneTime', 'qr-code', '2025-12-26 15:52:53.512896+00', '{"oneTime": {"date": "2026-01-21", "endTime": "15:30", "startTime": "13:30", "volunteers": 20}}', 'upcoming', false, 'https://api.lets-assist.com/storage/v1/object/public/project-images/project_606b7bdc-99db-4d28-bdb5-11205e3e7926_cover_1766764378078.png', '[]', '4e559bd7-8cbc-41c4-9541-50c4a8cf18c4', NULL, NULL, '{"text": "Food Bank of Contra Costa & Solano", "coordinates": {"latitude": 38.0061499, "longitude": -122.0465115}, "display_name": "4010 Nelson Ave, Concord, CA 94520, USA"}', false, 'e35e1a93-b1b5-466f-aef9-a95e3f7af958', '{"oneTime": false}', NULL, NULL, 'America/Los_Angeles', false, 'unlisted', true, 'published', NULL, NULL, NULL, false, false, NULL, NULL, NULL, false, true, NULL, NULL, NULL, false, NULL),
	('5a584d75-1531-4b12-8382-949230fb1dfe', 'b6ee0559-a406-4992-b621-9c5af015adce', 'Gift Wrapping', 'Broadway Plaza', '<p>Join us for holiday gift wrapping at broadway plaza!Help wrap gifts for shoppers and spread some holiday cheer while supporting the American Red Cross through optional donations.<br><br>Hours- 2 DV📍Broadway Plaza Mall, Event Plaza (next to Macy’s, True Food Kitchen &amp; Starbucks)🗓️ December 23: 12–8 pm and December 24: 12–6 pm⏰ 2-hour shifts (only 4 volunteers per slot)</p><p></p><p><em>**please note this is an outdoor event, so dress accordingly</em></p><p></p><p><em>Note this is just a demo event and I just took it from one of your recent insta posts, and it''s also unlisted so don''t worry it''s just for you guys to see and understand what it would look like. There''s an option for anonymous and logged in signups only too, but I left it on anonymous incase you wanna test that as well.</em></p>', 'multiDay', 'qr-code', '2026-01-04 04:31:08.348248+00', '{"multiDay": [{"date": "2026-01-23", "slots": [{"endTime": "20:00", "startTime": "12:00", "volunteers": 4}]}, {"date": "2026-01-24", "slots": [{"endTime": "18:00", "startTime": "12:00", "volunteers": 4}]}]}', 'upcoming', false, 'https://api.lets-assist.com/storage/v1/object/public/project-images/project_5a584d75-1531-4b12-8382-949230fb1dfe_cover_1767501069234.png', '[]', '4e559bd7-8cbc-41c4-9541-50c4a8cf18c4', NULL, NULL, '{"text": "Broadway Plaza", "coordinates": {"latitude": 37.8958235, "longitude": -122.0574966}, "display_name": "1275 Broadway Plaza, Walnut Creek, CA 94596, USA"}', false, '44876a4f-9eb8-4cea-98f1-d215c40cc671', '{"2026-01-23-0": false, "2026-01-24-0": false}', NULL, NULL, 'America/Los_Angeles', false, 'unlisted', true, 'published', NULL, NULL, NULL, false, false, NULL, NULL, NULL, false, true, NULL, NULL, NULL, false, NULL),
	('80936022-669b-4b8b-83c2-e335c51ca0f8', 'b6ee0559-a406-4992-b621-9c5af015adce', 'test', 'test', '<p>test</p>', 'oneTime', 'qr-code', '2026-01-04 21:06:52.473983+00', '{"oneTime": {"date": "2026-01-05", "endTime": "17:00", "startTime": "09:00", "volunteers": 5}}', 'completed', true, NULL, '[]', NULL, NULL, NULL, '{"text": "test", "display_name": "test"}', false, '8c70fb62-da0e-476d-9e86-caaa101c880e', '{"oneTime": false}', NULL, NULL, 'America/Los_Angeles', false, 'unlisted', true, 'published', NULL, NULL, NULL, true, true, NULL, NULL, NULL, false, true, NULL, NULL, NULL, false, NULL),
	('934cb8b2-08de-4ae8-96e7-54c47cc448ae', 'b6ee0559-a406-4992-b621-9c5af015adce', 'Beach Cleanup at Santa Cruz Beach', 'Santa Cruz Beach Boardwalk', '<p>Join us for a beach cleanup event at Santa Cruz Beach. We need about 20 volunteers to help pick up trash and recyclables to keep our coastline beautiful.</p>', 'oneTime', 'qr-code', '2026-03-06 22:59:49.061314+00', '{"oneTime": {"date": "2026-03-08", "endTime": "12:00", "startTime": "09:00", "volunteers": 20}, "multiDay": [{"date": "", "slots": [{"endTime": "17:00", "startTime": "09:00", "volunteers": 0}]}], "sameDayMultiArea": {"date": "", "roles": [{"name": "", "endTime": "17:00", "startTime": "09:00", "volunteers": 0}], "overallEnd": "17:00", "overallStart": "09:00"}}', 'upcoming', true, 'https://api.lets-assist.com/storage/v1/object/public/project-images/project_934cb8b2-08de-4ae8-96e7-54c47cc448ae_cover_1772837989202.jpeg', '[]', '26bc1fa3-7f83-403c-bde1-2737bb71ca79', NULL, NULL, '{"text": "Santa Cruz Beach Boardwalk", "coordinates": {"latitude": 36.9645218, "longitude": -122.0166672}, "display_name": "400 Beach St, Santa Cruz, CA 95060, USA"}', false, '03132bd9-385b-4d24-9992-35efc4fcf72e', '{"oneTime": false}', 'm1jrc7v3h77p3m7vsopi24blls', '2026-03-06 22:59:53.387+00', 'America/Los_Angeles', false, 'unlisted', true, 'published', NULL, NULL, NULL, false, false, NULL, NULL, NULL, true, true, 'project_waivers/934cb8b2-08de-4ae8-96e7-54c47cc448ae/1772837989583_Sample_Volunteer_Waiver.pdf', 'https://api.lets-assist.com/storage/v1/object/public/waiver-uploads/project_waivers/934cb8b2-08de-4ae8-96e7-54c47cc448ae/1772837989583_Sample_Volunteer_Waiver.pdf', '0360c364-0a01-448a-affe-7d0d94a194ae', false, NULL),
	('7aee81cb-b6da-4bbd-9f06-0a09f563191a', 'b6ee0559-a406-4992-b621-9c5af015adce', 'Test Event', 'Online', '<p>This is a test event to ensure the system is working correctly.</p>', 'oneTime', 'qr-code', '2026-02-26 16:07:05.745721+00', '{"oneTime": {"date": "2026-02-26", "endTime": "17:00", "startTime": "09:00", "volunteers": 10}}', 'cancelled', true, 'https://api.lets-assist.com/storage/v1/object/public/project-images/project_7aee81cb-b6da-4bbd-9f06-0a09f563191a_cover_1772122027322.png', '[{"url": "https://api.lets-assist.com/storage/v1/object/public/project-documents/project_7aee81cb-b6da-4bbd-9f06-0a09f563191a_8639bb8b_1772122027909.pdf", "name": "Volunteer Liability Waiver SLS Sample Jul 6 2021.pdf", "size": 26871, "type": "application/pdf", "originalName": "Volunteer Liability Waiver SLS Sample Jul 6 2021.pdf"}]', NULL, 'test', '2026-02-26 16:13:42.114+00', '{"text": "test", "display_name": "test"}', false, 'ab2ba45b-1e39-4cd3-8ba0-c3725883d37c', '{"oneTime": false}', NULL, NULL, 'America/Los_Angeles', false, 'unlisted', true, 'published', NULL, NULL, NULL, true, true, NULL, NULL, NULL, true, true, NULL, NULL, NULL, false, NULL),
	('26ccca28-4363-471e-a54c-3383bc1de8f1', 'b6ee0559-a406-4992-b621-9c5af015adce', 'Volunteer Tutor for Paper Airplanes Tutoring Club', 'Dougherty Valley High School', 'Connect with teens affected by conflict in the Middle East as a volunteer English tutor and academic support provider for the Paper Airplanes Tutoring Club. Empower students by enhancing their language skills, boosting confidence, and opening doors to broader academic and career opportunities. Volunteers work one-on-one or in small groups, offering personalized guidance. Gain valuable teaching experience, develop leadership and communication skills, and deepen your understanding of global cultures. Foster cultural exchange and make a tangible impact.', 'sameDayMultiArea', 'signup-only', '2026-01-04 05:32:20.593632+00', '{"sameDayMultiArea": {"date": "2026-01-30", "roles": [{"name": "Math Tutoring", "endTime": "16:00", "startTime": "15:00", "volunteers": 8}, {"name": "Science Tutoring", "endTime": "17:00", "startTime": "16:00", "volunteers": 4}], "overallEnd": "17:00", "overallStart": "15:00"}}', 'upcoming', true, 'https://api.lets-assist.com/storage/v1/object/public/project-images/project_26ccca28-4363-471e-a54c-3383bc1de8f1_cover_1767504741532.png', '[]', NULL, NULL, NULL, '{"text": "Dougherty Valley High School", "coordinates": {"latitude": 37.7692188, "longitude": -121.9023247}, "display_name": "10550 Albion Rd, San Ramon, CA 94582, USA"}', false, 'c7a9e717-7cef-4a5e-a54b-c249ab22a189', '{"Math Tutoring": false, "Science Tutoring": false}', NULL, NULL, 'America/Los_Angeles', false, 'unlisted', true, 'published', NULL, NULL, NULL, false, false, NULL, NULL, NULL, false, true, NULL, NULL, NULL, false, NULL),
	('ed8d83c6-bd3d-480d-90ba-1ff03a991d4f', 'b6ee0559-a406-4992-b621-9c5af015adce', 'Test Event', 'test', 'This is a test event to ensure the system is working correctly.', 'oneTime', 'auto', '2026-01-04 19:51:42.490455+00', '{"oneTime": {"date": "2026-01-05", "endTime": "17:00", "startTime": "09:00", "volunteers": 10}}', 'completed', true, NULL, '[]', NULL, NULL, NULL, '{"text": "test", "display_name": "test"}', false, '91ac40bc-eb78-485d-bf78-a5857d89c0f8', '{"oneTime": false}', NULL, NULL, 'America/Los_Angeles', false, 'unlisted', true, 'published', NULL, NULL, NULL, true, true, NULL, NULL, NULL, false, true, NULL, NULL, NULL, false, NULL),
	('96191020-cbbf-4ae5-ba51-eb00b141e6d2', '54941f39-c830-4842-a8df-34aa52fe47d1', 'Art & Wind Festival', '12501 Alcosta Blvd', '<p>Hey CSF!<br><br>For each shift, the City of San Ramon needs 12 volunteers, ages 14 and up to help children make crafts in the Kids Zone Area. Join in the festival fun in the kids zone!</p><p></p><p>Happy Volunteering!<br>Arshia Ghatak<br>CSF Activities Coordinator</p>', 'multiDay', 'qr-code', '2025-06-26 02:52:29.044692+00', '{"multiDay": [{"date": "2025-06-29", "slots": [{"endTime": "11:00", "startTime": "09:00", "volunteers": 6}, {"endTime": "17:00", "startTime": "14:30", "volunteers": 12}]}, {"date": "2025-06-30", "slots": [{"endTime": "17:00", "startTime": "03:00", "volunteers": 30}]}]}', 'completed', true, NULL, '[]', '4a6af894-7591-40b7-be2c-68ead99a2006', NULL, NULL, '{"text": "12501 Alcosta Blvd", "coordinates": {"latitude": 37.7664352, "longitude": -121.9535827}, "display_name": "12501 Alcosta Blvd, San Ramon, CA 94583, USA"}', false, 'cd3b4af9-86a7-44fe-b433-9288d644c2a9', '{"2025-06-29-0": false, "2025-06-29-1": false, "2025-06-30-0": false}', NULL, NULL, 'America/Los_Angeles', false, 'public', true, 'published', NULL, NULL, NULL, false, false, NULL, NULL, NULL, false, true, NULL, NULL, NULL, false, NULL),
	('d88ea12b-34ea-42d8-b48f-4c8b3fe305bf', '88cfede8-f76c-4c3e-8946-b4aad8580dcf', 'RR Studio project', 'San Ramon', '<p>Join us for community </p>', 'multiDay', 'manual', '2025-10-22 06:37:14.713624+00', '{"multiDay": [{"date": "2025-10-23", "slots": [{"endTime": "17:00", "startTime": "09:00", "volunteers": 3}]}, {"date": "2025-10-24", "slots": [{"endTime": "16:00", "startTime": "10:00", "volunteers": 3}, {"endTime": "15:00", "startTime": "08:00", "volunteers": 7}]}]}', 'completed', true, 'https://api.lets-assist.com/storage/v1/object/public/project-images/project_d88ea12b-34ea-42d8-b48f-4c8b3fe305bf_cover_1761115036058.png', '[{"url": "https://api.lets-assist.com/storage/v1/object/public/project-documents/project_d88ea12b-34ea-42d8-b48f-4c8b3fe305bf_f058a326_1761115036700.pdf", "name": "Sunith Ajyr.pdf", "size": 193233, "type": "application/pdf", "originalName": "Sunith Ajyr.pdf"}]', NULL, NULL, NULL, '{"text": "San Ramon", "coordinates": {"latitude": 37.7643595, "longitude": -121.9539616}, "display_name": "San Ramon, CA, USA"}', false, '16fc06cb-2851-46c1-82c8-43053c57ed43', '{"2025-10-23-0": false, "2025-10-24-0": false, "2025-10-24-1": false}', NULL, NULL, 'America/Los_Angeles', false, 'public', true, 'published', NULL, NULL, NULL, false, false, NULL, NULL, NULL, false, true, NULL, NULL, NULL, false, NULL),
	('1389172e-48d8-425d-bc4b-2bb5952f5bc7', 'b6ee0559-a406-4992-b621-9c5af015adce', 'Community Trash Cleanup', 'Santa Cruz Beach Boardwalk', '<p>Hello there! Join us</p><p></p><p><strong>For an exquisite service this fine evening</strong></p><p></p><p><strong>Thanks,</strong></p><p><strong>Riddhiman</strong></p>', 'oneTime', 'qr-code', '2026-02-01 08:40:17.861312+00', '{"oneTime": {"date": "2026-02-01", "endTime": "12:00", "startTime": "09:00", "volunteers": 25}}', 'upcoming', false, NULL, '[]', NULL, NULL, NULL, '{"text": "Santa Cruz Beach Boardwalk", "coordinates": {"latitude": 36.9645218, "longitude": -122.0166672}, "display_name": "400 Beach St, Santa Cruz, CA 95060, USA"}', false, 'e879847d-11fb-48d1-a77a-4798b792b438', '{"oneTime": false}', NULL, NULL, 'America/Los_Angeles', false, 'unlisted', true, 'published', NULL, NULL, NULL, true, false, '{"end_date": "2026-02-13", "end_type": "on_date", "interval": 1, "weekdays": ["monday", "tuesday", "thursday"], "frequency": "weekly"}', NULL, NULL, false, true, NULL, NULL, NULL, false, NULL),
	('5dd96848-35ba-4056-8682-1e6f7c1ad52f', 'b6ee0559-a406-4992-b621-9c5af015adce', 'Test Event', 'test', '<p>This is a test event to verify the system''s functionality.</p>', 'sameDayMultiArea', 'qr-code', '2026-02-26 19:55:04.205957+00', '{"sameDayMultiArea": {"date": "2026-02-26", "roles": [{"name": "event decoration", "endTime": "12:10", "startTime": "12:00", "volunteers": 14}, {"name": "event wrap up", "endTime": "12:20", "startTime": "12:15", "volunteers": 6}], "overallEnd": "12:20", "overallStart": "12:00"}}', 'upcoming', false, NULL, '[]', NULL, NULL, NULL, '{"text": "test", "display_name": "test"}', false, '8b4d29d4-5c84-437c-852e-3de19655fc81', '{"event wrap up": false, "event decoration": false}', NULL, NULL, 'America/Los_Angeles', false, 'unlisted', true, 'published', NULL, NULL, NULL, true, true, NULL, NULL, NULL, true, true, 'project_waivers/5dd96848-35ba-4056-8682-1e6f7c1ad52f/1772135705846_Sample_Volunteer_Waiver.pdf', 'https://api.lets-assist.com/storage/v1/object/public/waiver-uploads/project_waivers/5dd96848-35ba-4056-8682-1e6f7c1ad52f/1772135705846_Sample_Volunteer_Waiver.pdf', '0774c57d-85f8-43ca-ace4-47c666180da4', false, NULL),
	('fd53a1f6-7316-4387-8d77-5d71f82c6610', 'b6ee0559-a406-4992-b621-9c5af015adce', 'SRVHS Red Cross: Community Service & Blood Drive Ops', 'TBD', 'A centralized hub for SRVHS American Red Cross members to sign up for shifts, track service hours, and manage waivers for upcoming humanitarian initiatives.', 'oneTime', 'signup-only', '2026-03-07 07:41:48.141183+00', '{"oneTime": {"date": "2026-03-08", "endTime": "12:00", "startTime": "10:00", "volunteers": 20}}', 'upcoming', true, NULL, '[]', NULL, NULL, NULL, NULL, false, '81c4c5e0-c459-475a-9c51-cddabd346aaa', '{"oneTime": false, "multiDay": false, "sameDayMultiArea": false}', 'dn8ub38jbo7og5jocmck9i62g8', '2026-03-17 03:08:42.305+00', 'America/Los_Angeles', false, 'unlisted', true, 'draft', NULL, NULL, NULL, true, false, NULL, NULL, NULL, false, false, NULL, NULL, NULL, false, NULL),
	('0187ec9b-bda3-446e-8904-76238de25cb6', 'b6ee0559-a406-4992-b621-9c5af015adce', 'testing', 'Dougherty Valley High School', '<p><strong>Use the following code for questions 12-13.</strong></p><p>ArrayList&lt;String&gt; a = new ArrayList&lt;String&gt;();</p><p>a.add("A");</p><p>a.add("B");</p><p>a.add("C");</p><p>a.add("D");</p><p>a.add("E");</p><p>String v = "aeiouAEIOU";</p><p>for(int i=0; i&lt;a.size(); i++)</p><p>&nbsp; &nbsp; if(v.indexOf(a.get(i))&gt;=0)</p><p>&nbsp; &nbsp; &nbsp; &nbsp; a.add(i,a.get(i));</p><p><a target="_blank" rel="noopener noreferrer" class="text-primary underline hover:text-primary/80 hover:cursor-pointer" href="http://S.o.pl">S.o.pl</a>(a.size());</p><p>&nbsp;</p><p>12. What is a after 3 iterations?*</p>', 'oneTime', 'qr-code', '2026-01-21 20:33:24.05316+00', '{"oneTime": {"date": "2026-01-21", "endTime": "17:00", "startTime": "12:50", "volunteers": 3}}', 'upcoming', true, NULL, '[]', NULL, NULL, NULL, '{"text": "Dougherty Valley High School", "coordinates": {"latitude": 37.7692188, "longitude": -121.9023247}, "display_name": "10550 Albion Rd, San Ramon, CA 94582, USA"}', false, 'b9d5cdba-4e13-405d-9cee-5522dc55ca85', '{"oneTime": false}', NULL, NULL, 'America/Los_Angeles', false, 'unlisted', true, 'published', NULL, NULL, NULL, true, true, NULL, NULL, NULL, false, true, NULL, NULL, NULL, false, NULL),
	('ad435a77-eda9-44ea-8354-c829ef35b92a', '7b97983a-7d4b-49a1-9e03-38e25817614f', 'OrganizationORGANIZATION.org', 'Windemere Ranch Middle School', '<p>Sign up to help organize after school in Rm. C204!  Make sure your families know you have signed up to volunteer; they must know where you are at all times!</p>', 'multiDay', 'qr-code', '2025-09-02 23:08:43.142378+00', '{"multiDay": [{"date": "2025-10-13", "slots": [{"endTime": "17:00", "startTime": "14:45", "volunteers": 8}]}, {"date": "2025-10-14", "slots": [{"endTime": "15:55", "startTime": "14:25", "volunteers": 8}]}, {"date": "2025-10-15", "slots": [{"endTime": "15:55", "startTime": "14:25", "volunteers": 8}]}, {"date": "2025-10-16", "slots": [{"endTime": "15:45", "startTime": "14:45", "volunteers": 8}]}, {"date": "2025-10-17", "slots": [{"endTime": "16:45", "startTime": "14:45", "volunteers": 8}]}]}', 'completed', false, 'https://fotdmeakexgrkronxlof.supabase.co/storage/v1/object/public/project-images/project_ad435a77-eda9-44ea-8354-c829ef35b92a_cover_1756854525738.png', '[{"url": "https://fotdmeakexgrkronxlof.supabase.co/storage/v1/object/public/project-documents/project_ad435a77-eda9-44ea-8354-c829ef35b92a_5f0fc883_1756854527541.pdf", "name": "CJSF School Hour Log.pdf", "size": 52665, "type": "application/pdf", "originalName": "CJSF School Hour Log.pdf"}]', NULL, NULL, NULL, '{"text": "Windemere Ranch Middle School", "coordinates": {"latitude": 37.7526022, "longitude": -121.9060244}, "display_name": "11611 E Branch Pkwy, San Ramon, CA 94582, USA"}', false, '80a2e6d5-683d-422f-a0b3-dd458840b4fe', '{"2025-10-13-0": false, "2025-10-14-0": false, "2025-10-15-0": false, "2025-10-16-0": false, "2025-10-17-0": false}', NULL, NULL, 'America/Los_Angeles', false, 'public', true, 'published', NULL, NULL, NULL, false, false, NULL, NULL, NULL, false, true, NULL, NULL, NULL, false, NULL),
	('be886475-630b-41a3-800e-b985dd9b6ed4', 'b6ee0559-a406-4992-b621-9c5af015adce', 'test event', 'Santa Cruz Beach Boardwalk', '<p>why hello there</p><p></p><p>events are cool</p>', 'oneTime', 'qr-code', '2026-02-01 22:47:52.750462+00', '{"oneTime": {"date": "2026-02-01", "endTime": "14:53", "startTime": "14:50", "volunteers": 25}}', 'completed', false, 'https://api.lets-assist.com/storage/v1/object/public/project-images/project_be886475-630b-41a3-800e-b985dd9b6ed4_cover_1769986073966.png', '[{"url": "https://api.lets-assist.com/storage/v1/object/public/project-documents/project_be886475-630b-41a3-800e-b985dd9b6ed4_3763c975_1769986074623.pdf", "name": "4A Vocab y Actividades.pdf", "size": 98523, "type": "application/pdf", "originalName": "4A Vocab y Actividades.pdf"}]', NULL, NULL, NULL, '{"text": "Santa Cruz Beach Boardwalk", "coordinates": {"latitude": 36.9645218, "longitude": -122.0166672}, "display_name": "400 Beach St, Santa Cruz, CA 95060, USA"}', false, '508e2f3b-93ae-4b64-8fd4-55904516fd9a', '{"oneTime": true}', NULL, NULL, 'America/Los_Angeles', false, 'public', true, 'published', NULL, NULL, NULL, true, true, NULL, NULL, NULL, false, true, NULL, NULL, NULL, false, NULL),
	('3a86f6d5-0f8b-48f5-8d8d-edf1434192ef', 'c78117c1-19b6-4dcd-9bd8-18be3c807bb6', 'Jiggle', 'San Ramon', '<p>idks</p>', 'oneTime', 'qr-code', '2026-03-14 23:09:31.316362+00', '{"oneTime": {"date": "2026-03-24", "endTime": "17:00", "startTime": "09:00", "volunteers": 1000}, "multiDay": [{"date": "", "slots": [{"name": "", "endTime": "17:00", "startTime": "09:00", "volunteers": 0}]}], "sameDayMultiArea": {"date": "", "roles": [{"name": "", "endTime": "17:00", "startTime": "09:00", "volunteers": 0}], "overallEnd": "17:00", "overallStart": "09:00"}}', 'upcoming', true, NULL, '[]', NULL, NULL, NULL, '{"text": "San Ramon", "coordinates": {"latitude": 37.7643595, "longitude": -121.9539616}, "display_name": "San Ramon, CA, USA"}', false, '3841cdbe-a3ab-4436-9d6f-5eeabed4aec9', '{"oneTime": false}', NULL, NULL, 'America/Los_Angeles', false, 'unlisted', true, 'published', NULL, NULL, NULL, false, false, NULL, NULL, NULL, false, true, NULL, NULL, NULL, false, NULL),
	('e40e238b-e641-4e88-bc00-5b23b471e75a', '88cfede8-f76c-4c3e-8946-b4aad8580dcf', 'Test Project', 'test', 'This is a test project for the volunteer system.', 'oneTime', 'qr-code', '2026-01-07 04:15:24.79255+00', '{"oneTime": {"date": "2026-01-10", "endTime": "17:00", "startTime": "09:00", "volunteers": 20}}', 'completed', true, NULL, '[]', NULL, NULL, NULL, '{"text": "test", "display_name": "test"}', false, 'ef9532d4-60f3-4b5e-b046-7e1ae3428ae1', '{"oneTime": false}', '2fdbrjftvug8uctqkcl6p4uu1g', '2026-01-07 04:15:26.622+00', 'America/Los_Angeles', false, 'unlisted', true, 'published', NULL, NULL, NULL, false, false, NULL, NULL, NULL, false, true, NULL, NULL, NULL, false, NULL),
	('feb01f28-1735-4643-833e-be36d3d7d045', '812030ce-3732-4486-8f06-6993b05bdca9', 'Santa Cruz Beach Cleanup', 'Santa Cruz Beach Boardwalk', 'Join us for a community beach cleanup at Santa Cruz. Help keep our beautiful coastline clean and protect marine life. All supplies will be provided.', 'oneTime', 'qr-code', '2026-03-07 08:46:14.590183+00', '{"oneTime": {"date": "2026-03-07", "endTime": "00:50", "startTime": "00:48", "volunteers": 5}, "multiDay": [{"date": "", "slots": [{"endTime": "17:00", "startTime": "09:00", "volunteers": 0}]}], "sameDayMultiArea": {"date": "", "roles": [{"name": "", "endTime": "17:00", "startTime": "09:00", "volunteers": 0}], "overallEnd": "17:00", "overallStart": "09:00"}}', 'completed', false, NULL, '[]', NULL, NULL, NULL, '{"text": "Santa Cruz Beach Boardwalk", "coordinates": {"latitude": 36.9645218, "longitude": -122.0166672}, "display_name": "400 Beach St, Santa Cruz, CA 95060, USA"}', false, '1c3688b0-4eda-4b71-a249-bde5da9d648b', '{"oneTime": false}', NULL, NULL, 'America/Los_Angeles', false, 'unlisted', true, 'published', NULL, NULL, NULL, false, false, NULL, NULL, NULL, true, true, 'project_waivers/feb01f28-1735-4643-833e-be36d3d7d045/1772873174752_Sample_Volunteer_Waiver.pdf', 'https://api.lets-assist.com/storage/v1/object/public/waiver-uploads/project_waivers/feb01f28-1735-4643-833e-be36d3d7d045/1772873174752_Sample_Volunteer_Waiver.pdf', '4317d2ba-a81b-405c-ab60-f5bc9521faf4', false, NULL),
	('6055d5ec-ede4-478f-b25f-6ebaf5a259c7', 'b6ee0559-a406-4992-b621-9c5af015adce', 'Lucky Dog Rescue Adoption Event', 'Pleasanton Farmers'' Market', '<p>Hi! Please sign up for any of the slots.&nbsp;</p>', 'oneTime', 'qr-code', '2026-01-23 01:24:10.771716+00', '{"oneTime": {"date": "2026-01-24", "endTime": "12:30", "startTime": "10:00", "volunteers": 6}}', 'completed', false, 'https://api.lets-assist.com/storage/v1/object/public/project-images/project_6055d5ec-ede4-478f-b25f-6ebaf5a259c7_cover_1769131452129.webp', '[]', '4e559bd7-8cbc-41c4-9541-50c4a8cf18c4', NULL, NULL, '{"text": "Pleasanton Farmers'' Market", "coordinates": {"latitude": 37.6593567, "longitude": -121.8757236}, "display_name": "46 W Angela St, Pleasanton, CA 94566, USA"}', false, 'f027a252-969a-4270-aa8b-13d820570ad1', '{"oneTime": false}', NULL, NULL, 'America/Los_Angeles', false, 'unlisted', true, 'published', NULL, NULL, NULL, true, true, NULL, NULL, NULL, false, true, NULL, NULL, NULL, false, NULL),
	('7aae298c-de0b-4455-a9a5-322b716a01bc', 'ec320402-3ee3-48d4-ae3b-56646960c0bf', 'Fruit Gleaning Project', 'Walnut Creek', '<p>Help harvest fresh fruit that would otherwise go to waste. This fruit will be donated to local food banks. Please wear comfortable clothing and closed-toe shoes.</p>', 'sameDayMultiArea', 'qr-code', '2026-02-09 23:35:36.459489+00', '{"sameDayMultiArea": {"date": "2026-02-14", "roles": [{"name": "Adult Shift Lead", "endTime": "11:00", "startTime": "09:00", "volunteers": 2}, {"name": "Shift Volunteer (adults and youth)", "endTime": "11:00", "startTime": "09:00", "volunteers": 20}], "overallEnd": "11:00", "overallStart": "09:00"}}', 'upcoming', true, 'https://api.lets-assist.com/storage/v1/object/public/project-images/project_7aae298c-de0b-4455-a9a5-322b716a01bc_cover_1770680138305.jpeg', '[]', NULL, NULL, NULL, '{"text": "Walnut Creek", "coordinates": {"latitude": 37.9100783, "longitude": -122.0651819}, "display_name": "Walnut Creek, CA, USA"}', false, '6c5b16e2-0809-4a96-8014-6015c68793ce', '{"Adult Shift Lead": false, "Shift Volunteer (adults and youth)": false}', NULL, NULL, 'America/Los_Angeles', false, 'public', true, 'published', NULL, NULL, NULL, false, false, NULL, NULL, NULL, false, true, NULL, NULL, NULL, false, NULL),
	('25f50ad5-27d7-4a17-8f46-e326e6edeb50', 'b6ee0559-a406-4992-b621-9c5af015adce', 'Santa Cruz Beach Boardwalk Cleanup', 'Santa Cruz Beach Boardwalk', 'Join us for a beach cleanup at the Santa Cruz Beach Boardwalk. We have two groups: West Side Garbage Collecting and East Side Garbage Collecting. Your participation will help keep our beautiful beach clean.', 'sameDayMultiArea', 'qr-code', '2025-10-30 01:08:19.375835+00', '{"sameDayMultiArea": {"date": "2025-10-29", "roles": [{"name": "West Side Garbage Collecting", "endTime": "18:30", "startTime": "18:27", "volunteers": 15}, {"name": "East Side Garbage Collecting", "endTime": "18:45", "startTime": "18:35", "volunteers": 20}], "overallEnd": "18:45", "overallStart": "18:20"}}', 'completed', true, 'https://api.lets-assist.com/storage/v1/object/public/project-images/project_25f50ad5-27d7-4a17-8f46-e326e6edeb50_cover_1761786502449.jpeg', '[]', '4a6af894-7591-40b7-be2c-68ead99a2006', NULL, NULL, '{"text": "Santa Cruz Beach Boardwalk", "coordinates": {"latitude": 36.9645218, "longitude": -122.0166672}, "display_name": "400 Beach St, Santa Cruz, CA 95060, USA"}', false, 'd777eca6-10f7-4146-8015-e46828aa60e1', '{"East Side Garbage Collecting": false, "West Side Garbage Collecting": true}', NULL, NULL, 'America/Los_Angeles', false, 'public', true, 'published', NULL, NULL, NULL, false, false, NULL, NULL, NULL, false, true, NULL, NULL, NULL, false, NULL),
	('36d2a390-2e93-4cee-85fc-4e3bdad03a63', 'b6ee0559-a406-4992-b621-9c5af015adce', 'Thorton Beach Cleanup', 'Thornton State Beach', '<p>Note, this is just a demo opportunity, and this isn''t actually on the Let''s Assist feed, it''s just to show you what it could look like. I just took one of your old instagram posts and then put it in here as a demo</p><p></p><p><strong>Meeting Spot</strong>: Look for our site captains table after the roundabout on thorton beach road where the walkway starts</p><p></p><p><strong>Supplies</strong>: Try bringing your own buckets and reusable gloves, extra gloves and buckets will be provided while supplies last. Bring extra layers, a hat, sunblock, water, and snacks.</p><p></p><p><strong>Transportation</strong>: Mission Coral will not be prroviding any transportation but we strongly recommend carpooling with friends.</p>', 'sameDayMultiArea', 'qr-code', '2025-12-26 01:43:43.302245+00', '{"sameDayMultiArea": {"date": "2026-01-14", "roles": [{"name": "East Side Pick Up Group", "endTime": "19:00", "startTime": "17:00", "volunteers": 20}, {"name": "West Side Pick Up Group", "endTime": "19:30", "startTime": "18:00", "volunteers": 18}], "overallEnd": "19:30", "overallStart": "17:00"}}', 'completed', false, 'https://api.lets-assist.com/storage/v1/object/public/project-images/project_36d2a390-2e93-4cee-85fc-4e3bdad03a63_cover_1766714256676.png', '[]', '4e559bd7-8cbc-41c4-9541-50c4a8cf18c4', NULL, NULL, '{"text": "Thornton State Beach", "coordinates": {"latitude": 37.6980773, "longitude": -122.4960046}, "display_name": "Thornton State Beach, Thornton Beach Rd, Daly City, CA 94015, USA"}', false, 'a2b04432-0b85-48f5-ad0d-87c727efd6a0', '{"East San Ramon Pick Up": false, "West San Ramon Pick Up": false}', NULL, NULL, 'America/Los_Angeles', false, 'unlisted', true, 'published', NULL, NULL, NULL, false, false, NULL, NULL, NULL, false, true, NULL, NULL, NULL, false, NULL),
	('3f3708e2-7058-4331-8d08-ab5c42adb89a', '88cfede8-f76c-4c3e-8946-b4aad8580dcf', 'SR Test', 'San Francisco', '<p>Testing</p>', 'multiDay', 'qr-code', '2026-03-11 03:46:52.057167+00', '{"oneTime": {"date": "", "endTime": "17:00", "startTime": "09:00", "volunteers": 0}, "multiDay": [{"date": "2026-03-12", "slots": [{"name": "Morning slot", "endTime": "12:00", "startTime": "09:00", "volunteers": 2}, {"name": "Afternoon slot", "endTime": "17:00", "startTime": "13:00", "volunteers": 3}]}, {"date": "2026-03-16", "slots": [{"name": "", "endTime": "17:00", "startTime": "09:00", "volunteers": 3}]}], "sameDayMultiArea": {"date": "", "roles": [{"name": "", "endTime": "17:00", "startTime": "09:00", "volunteers": 0}], "overallEnd": "17:00", "overallStart": "09:00"}}', 'upcoming', true, NULL, '[]', NULL, NULL, NULL, '{"text": "San Francisco", "coordinates": {"latitude": 37.7749295, "longitude": -122.4194155}, "display_name": "San Francisco, CA, USA"}', false, '850e193c-11d7-4de5-91e0-a85974a19adb', '{"2026-03-12-0": false, "2026-03-12-1": false, "2026-03-16-0": false}', 'v276j328it4qjp04ir589ijno4', '2026-03-11 03:46:55.347+00', 'America/Los_Angeles', false, 'unlisted', true, 'published', NULL, NULL, NULL, true, false, NULL, NULL, NULL, true, true, NULL, NULL, NULL, false, NULL),
	('a291e132-1852-4dd6-a202-f916c9c027b5', 'b6ee0559-a406-4992-b621-9c5af015adce', 'testing', 'asd', '<p>asd</p>', 'oneTime', 'qr-code', '2026-03-15 03:55:03.899283+00', '{"oneTime": {"date": "2026-04-12", "endTime": "17:00", "startTime": "09:00", "volunteers": 3}}', 'upcoming', true, NULL, '[]', NULL, NULL, NULL, '{"text": "asd", "display_name": "asd"}', false, '21aa9933-bd41-4127-90f0-7f0b6aef1594', '{"oneTime": false}', '77hk1t3egg6gm0asu097rd572s', '2026-03-17 03:08:33.113+00', 'America/Los_Angeles', false, 'unlisted', true, 'published', NULL, NULL, NULL, true, true, NULL, '9fdd2b3c-0631-4a1a-b963-c2b40c7815d4', 21, false, true, NULL, NULL, NULL, false, '2026-04-12'),
	('b11ab760-c7be-4b5d-8c18-c19948a719cd', '0e6eed0f-01e6-47e0-b832-901b4585f5cc', 'Lucky Dog Adoption Event ', 'Delucchi Park', '<ul><li><p>Come help Lucky Dog Rescue set up, raise enthusiasm, and play with the dogs during their adoption event!</p></li></ul>', 'oneTime', 'manual', '2026-03-11 17:12:51.776912+00', '{"oneTime": {"date": "2026-03-14", "endTime": "12:30", "startTime": "09:30", "volunteers": 6}, "multiDay": [{"date": "", "slots": [{"name": "", "endTime": "17:00", "startTime": "09:00", "volunteers": 0}]}], "sameDayMultiArea": {"date": "", "roles": [{"name": "", "endTime": "17:00", "startTime": "09:00", "volunteers": 0}], "overallEnd": "17:00", "overallStart": "09:00"}}', 'upcoming', false, NULL, '[]', NULL, NULL, NULL, '{"text": "Delucchi Park", "coordinates": {"latitude": 37.659351, "longitude": -121.8743963}, "display_name": "4501 First St, Pleasanton, CA 94566, USA"}', false, '660220ad-8bc8-4421-b301-468fb9dba98e', '{"oneTime": false}', NULL, NULL, 'America/Los_Angeles', false, 'unlisted', true, 'published', NULL, NULL, NULL, false, false, NULL, NULL, NULL, false, true, NULL, NULL, NULL, false, NULL),
	('dc173c32-5356-40bc-830e-a53c973cbf4b', 'b6ee0559-a406-4992-b621-9c5af015adce', 'Sandwich Making', 'Room 1118', '<p>Hey Wildcats! Join us in room 1118 this Friday (4/18) after school to make sandwiches for the local homeless community! You will earn 1 CSF Non-drive point for participating in this activity. We hope to see you there! This will be during B Period.</p>', 'oneTime', 'qr-code', '2026-01-04 22:49:13.335252+00', '{"oneTime": {"date": "2026-01-23", "endTime": "17:00", "startTime": "09:00", "volunteers": 12}}', 'upcoming', true, 'https://api.lets-assist.com/storage/v1/object/public/project-images/project_dc173c32-5356-40bc-830e-a53c973cbf4b_cover_1767566954225.png', '[]', '4e559bd7-8cbc-41c4-9541-50c4a8cf18c4', NULL, NULL, '{"text": "Room 1118", "display_name": "Room 1118"}', false, '10013c01-eb1f-4b2f-9241-e458102aca3d', '{"oneTime": false}', NULL, NULL, 'America/Los_Angeles', false, 'unlisted', true, 'published', NULL, NULL, NULL, false, false, NULL, NULL, NULL, false, true, NULL, NULL, NULL, false, NULL),
	('f5fb7a5c-52b9-40bc-bd3c-d7692593828b', 'b6ee0559-a406-4992-b621-9c5af015adce', 'Test Event', 'test', '<p>This is a test event to ensure the system is working correctly.</p>', 'multiDay', 'qr-code', '2026-02-26 20:06:45.181716+00', '{"multiDay": [{"date": "2026-02-28", "slots": [{"endTime": "11:00", "startTime": "09:00", "volunteers": 5}, {"endTime": "15:00", "startTime": "13:00", "volunteers": 3}]}, {"date": "2026-03-01", "slots": [{"endTime": "11:00", "startTime": "09:00", "volunteers": 5}, {"endTime": "15:00", "startTime": "01:00", "volunteers": 2}]}]}', 'upcoming', false, NULL, '[]', NULL, NULL, NULL, '{"text": "test", "display_name": "test"}', false, 'ededd3c8-eb44-47a8-b3c1-e0bfdda98a33', '{"2026-02-28-0": false, "2026-02-28-1": false, "2026-03-01-0": false, "2026-03-01-1": false}', NULL, NULL, 'America/Los_Angeles', false, 'unlisted', true, 'published', NULL, NULL, NULL, true, true, NULL, NULL, NULL, true, true, 'project_waivers/f5fb7a5c-52b9-40bc-bd3c-d7692593828b/1772136408270_Volunteer_Liability_Waiver_SLS_Sample_Jul_6_2021.pdf', 'https://api.lets-assist.com/storage/v1/object/public/waiver-uploads/project_waivers/f5fb7a5c-52b9-40bc-bd3c-d7692593828b/1772136408270_Volunteer_Liability_Waiver_SLS_Sample_Jul_6_2021.pdf', '3fd3f5ee-c2c2-4ed4-accc-afd98868f8ec', false, NULL),
	('91cdef89-d369-47b3-a7d0-3a133ba6b21c', 'b6ee0559-a406-4992-b621-9c5af015adce', 'Lucky Dog Rescue Adoption Event', '4500 Las Positas Rd', '<p>Hi! Please sign up for any of the slots! Show up at 9:20am please! <br><em>Note this is just a demo event  and it''s also unlisted so don''t worry it''s just for you guys to see and understand what it would look like. There''s an option for anonymous and logged in signups only too, but I left it on anonymous incase you wanna test that as well.</em></p>', 'oneTime', 'qr-code', '2026-01-16 06:52:56.34131+00', '{"oneTime": {"date": "2026-01-31", "endTime": "12:00", "startTime": "09:20", "volunteers": 6}}', 'upcoming', false, 'https://api.lets-assist.com/storage/v1/object/public/project-images/project_91cdef89-d369-47b3-a7d0-3a133ba6b21c_cover_1768546393293.webp', '[]', '4e559bd7-8cbc-41c4-9541-50c4a8cf18c4', NULL, NULL, '{"text": "4500 Las Positas Rd", "coordinates": {"latitude": 37.70069429999999, "longitude": -121.743102}, "display_name": "4500 Las Positas Rd, Livermore, CA 94551, USA"}', false, '35c2fbd7-a052-4893-9cd4-9acff1f5096e', '{"oneTime": false}', NULL, NULL, 'America/Los_Angeles', false, 'unlisted', true, 'published', NULL, NULL, NULL, false, false, NULL, NULL, NULL, false, true, NULL, NULL, NULL, false, NULL),
	('f2a201ab-4e84-4250-a94e-07711c1dddff', 'b6ee0559-a406-4992-b621-9c5af015adce', 'test', 'test', '<p>test</p>', 'oneTime', 'qr-code', '2026-02-16 02:30:10.659909+00', '{"oneTime": {"date": "2026-02-16", "endTime": "17:00", "startTime": "09:00", "volunteers": 15}}', 'cancelled', true, NULL, '[]', NULL, 'not necessary', '2026-02-16 05:23:16.571+00', '{"text": "test", "display_name": "test"}', false, '0225eca7-9668-4535-94ea-2ff54e32abae', '{"oneTime": false}', NULL, NULL, 'America/Los_Angeles', false, 'unlisted', true, 'published', NULL, NULL, NULL, true, true, NULL, NULL, NULL, true, true, 'project_waivers/f2a201ab-4e84-4250-a94e-07711c1dddff/1771209013649_Shoreline_Waiver_Agreement.pdf', 'https://api.lets-assist.com/storage/v1/object/public/waiver-uploads/project_waivers/f2a201ab-4e84-4250-a94e-07711c1dddff/1771209013649_Shoreline_Waiver_Agreement.pdf', '9b084f00-4b9d-4d16-ac44-d58b62d078a8', false, NULL),
	('8e376257-2f34-43a5-bb93-6b0488e704ee', '337186dd-158a-49aa-ac17-831fba64f07f', 'Lenton Reconciliation 2026', 'St. Augustine Catholic Church', '<p>On Wednesday, March 18, CCOP will be having reconciliation sessions from 9:00 AM to 9:00 PM in the St. Augustine Church. There will be several priests available at different stations throughout the church.</p><p></p><p>We have been asked to help out as greeters. We will welcome those coming and direct them to one of the stations. In addition, we will help with taking down the stations afterwards. </p><p></p><p>Please review the time slots and volunteer if you can.</p>', 'sameDayMultiArea', 'manual', '2026-03-17 16:58:48.52116+00', '{"oneTime": {"date": "", "endTime": "17:00", "startTime": "09:00", "volunteers": 0}, "multiDay": [{"date": "", "slots": [{"name": "", "endTime": "17:00", "startTime": "09:00", "volunteers": 0}]}], "sameDayMultiArea": {"date": "2026-03-18", "roles": [{"name": "9:00 - 11:00", "endTime": "11:00", "startTime": "09:00", "volunteers": 3}, {"name": "11:00 - 1:00", "endTime": "13:00", "startTime": "11:00", "volunteers": 3}, {"name": "1:00 - 3:00", "endTime": "15:00", "startTime": "13:00", "volunteers": 3}, {"name": "3:00 - 5:00", "endTime": "17:00", "startTime": "15:00", "volunteers": 3}, {"name": "5:00 - 7:00", "endTime": "19:00", "startTime": "17:00", "volunteers": 3}, {"name": "7:00 - 9:00", "endTime": "21:00", "startTime": "19:00", "volunteers": 3}, {"name": "Cleanup", "endTime": "21:30", "startTime": "21:00", "volunteers": 3}], "overallEnd": "21:30", "overallStart": "09:00"}}', 'upcoming', false, NULL, '[]', NULL, NULL, NULL, '{"text": "St. Augustine Catholic Church", "coordinates": {"latitude": 37.6547376, "longitude": -121.8622385}, "display_name": "3999 Bernal Ave, Pleasanton, CA 94566, USA"}', false, '2d5f0775-ff3b-4911-896c-f1e3b73f81d4', '{"Cleanup": false, "1:00 - 3:00": false, "3:00 - 5:00": false, "5:00 - 7:00": false, "7:00 - 9:00": false, "11:00 - 1:00": false, "9:00 - 11:00": false}', NULL, NULL, 'America/Los_Angeles', false, 'unlisted', true, 'published', NULL, NULL, NULL, true, false, NULL, NULL, NULL, false, true, NULL, NULL, NULL, false, NULL),
	('b1ad3b59-89e4-4bd9-ae59-aa327fbf83db', 'b6ee0559-a406-4992-b621-9c5af015adce', 'Hearts4Hands Movie Fundraiser Volunteers', 'Dougherty Valley High School', '<p>Vounteering from 5-8:30 on october 24th for a movie fundraiser. Worth 3 total csf points. We will randomly pick 7-10 volunteers and let you know!&nbsp;</p><p></p><p><em>Note: this is just a mock and it''s unlisted too so its jst for you to figure out how it works and what it looks like</em></p>', 'sameDayMultiArea', 'qr-code', '2025-12-27 23:26:22.868504+00', '{"sameDayMultiArea": {"date": "2026-01-21", "roles": [{"name": "Fundraiser Set up", "endTime": "18:00", "startTime": "17:00", "volunteers": 7}, {"name": "Running the Fundraiser", "endTime": "19:30", "startTime": "18:00", "volunteers": 10}, {"name": "Funderaiser Cleanup", "endTime": "20:30", "startTime": "19:30", "volunteers": 8}], "overallEnd": "20:30", "overallStart": "17:00"}}', 'completed', false, 'https://api.lets-assist.com/storage/v1/object/public/project-images/project_b1ad3b59-89e4-4bd9-ae59-aa327fbf83db_cover_1766877996809.png', '[]', '4e559bd7-8cbc-41c4-9541-50c4a8cf18c4', NULL, NULL, '{"text": "Dougherty Valley High School", "coordinates": {"latitude": 37.7692188, "longitude": -121.9023247}, "display_name": "10550 Albion Rd, San Ramon, CA 94582, USA"}', false, '38d397f7-8a26-450e-89c6-2d157eb1202e', '{"Fundraiser Set up": false, "Funderaiser Cleanup": false, "Running the Fundraiser": false}', NULL, NULL, 'America/Los_Angeles', false, 'unlisted', true, 'published', NULL, NULL, NULL, false, false, NULL, NULL, NULL, false, true, NULL, NULL, NULL, false, NULL),
	('451c8c6e-30be-4dc5-a3c2-2d2ea3744d8b', 'b6ee0559-a406-4992-b621-9c5af015adce', 'test', 'test', '<p>test</p>', 'oneTime', 'qr-code', '2026-02-16 05:33:08.0312+00', '{"oneTime": {"date": "2026-02-16", "endTime": "17:00", "startTime": "09:00", "volunteers": 15}}', 'upcoming', true, NULL, '[]', NULL, NULL, NULL, '{"text": "test", "display_name": "test"}', false, '292d857c-da61-478c-83ea-524f2db88fdb', '{"oneTime": false}', NULL, NULL, 'America/Los_Angeles', false, 'unlisted', true, 'published', NULL, NULL, NULL, false, false, NULL, NULL, NULL, true, true, NULL, NULL, '06e07195-3a72-4c41-9581-3c9477269735', false, NULL),
	('c489ca33-1ebe-4eaf-94c7-28d428273555', 'b6ee0559-a406-4992-b621-9c5af015adce', 'DVHS SAS Bookmark Crochet Event', 'San Ramon Library - Contra Costa County Library', '<p>Hey CSF!<br /><br />Join DV Stitch a Smile to make crochet bookmarks! As the event approaches, we will send out more information via <strong>Gmail</strong> and <strong>Remind</strong>, so make sure to be on the lookout!</p>', 'oneTime', 'qr-code', '2026-03-11 18:38:49.095182+00', '{"oneTime": {"date": "2026-03-13", "endTime": "15:00", "startTime": "13:00", "volunteers": 15}, "multiDay": [{"date": "", "slots": [{"name": "", "endTime": "17:00", "startTime": "09:00", "volunteers": 0}]}], "sameDayMultiArea": {"date": "", "roles": [{"name": "", "endTime": "17:00", "startTime": "09:00", "volunteers": 0}], "overallEnd": "17:00", "overallStart": "09:00"}}', 'upcoming', false, NULL, '[]', '4e559bd7-8cbc-41c4-9541-50c4a8cf18c4', NULL, NULL, '{"text": "San Ramon Library - Contra Costa County Library", "coordinates": {"latitude": 37.7643745, "longitude": -121.9532807}, "display_name": "100 Montgomery St, San Ramon, CA 94583, USA"}', false, '2ef4e84c-e6f8-424f-b119-cdf63e6fb0ce', '{"oneTime": false}', 'qalm72118odih5tbjd69ua4r8c', '2026-03-11 18:38:53.638+00', 'America/Los_Angeles', false, 'unlisted', true, 'published', NULL, NULL, NULL, true, true, NULL, NULL, NULL, false, true, NULL, NULL, NULL, false, NULL),
	('0488d1cf-6b77-4cf4-8a1f-93bdb53b1475', 'b6ee0559-a406-4992-b621-9c5af015adce', 'Beach Boardwalk Cleanup', 'Santa Cruz Beach Boardwalk', 'Help keep the Santa Cruz beach boardwalk beautiful by participating in a cleanup event. We''ll focus on removing litter and debris from the sand and boardwalk areas.', 'multiDay', 'qr-code', '2026-03-08 02:22:24.879122+00', '{"oneTime": {"date": "2026-03-15", "endTime": "12:00", "startTime": "09:00", "volunteers": 30}, "multiDay": [{"date": "2026-03-07", "slots": [{"name": "Morning Registration", "endTime": "18:30", "startTime": "18:25", "volunteers": 15}, {"name": "Evening Registration", "endTime": "19:00", "startTime": "18:30", "volunteers": 5}]}, {"date": "2026-03-08", "slots": [{"name": "Morning Registration", "endTime": "17:00", "startTime": "09:00", "volunteers": 1}, {"name": "Lunch Registration", "endTime": "22:00", "startTime": "20:00", "volunteers": 1}]}], "sameDayMultiArea": {"date": "", "roles": [{"name": "", "endTime": "17:00", "startTime": "09:00", "volunteers": 0}], "overallEnd": "17:00", "overallStart": "09:00"}}', 'upcoming', false, 'https://api.lets-assist.com/storage/v1/object/public/project-images/project_0488d1cf-6b77-4cf4-8a1f-93bdb53b1475_cover_1772936545010.jpeg', '[]', NULL, NULL, NULL, '{"text": "Santa Cruz Beach Boardwalk", "coordinates": {"latitude": 36.9645218, "longitude": -122.0166672}, "display_name": "400 Beach St, Santa Cruz, CA 95060, USA"}', false, '918ffcd3-7837-4833-928b-2bb29f6a81cf', '{"2026-03-07-0": false, "2026-03-07-1": false, "2026-03-08-0": false, "2026-03-08-1": false}', 'pnfcfb4hpj34u62sgfisbbom8o', '2026-03-08 02:22:32.767+00', 'America/Los_Angeles', false, 'public', true, 'published', NULL, NULL, NULL, true, true, NULL, NULL, NULL, true, true, 'project_waivers/0488d1cf-6b77-4cf4-8a1f-93bdb53b1475/1772936545596_Sample_Volunteer_Waiver.pdf', 'https://api.lets-assist.com/storage/v1/object/public/waiver-uploads/project_waivers/0488d1cf-6b77-4cf4-8a1f-93bdb53b1475/1772936545596_Sample_Volunteer_Waiver.pdf', '166f96a8-0123-428b-90ec-75462ed400bf', false, NULL),
	('84daa291-30a1-4f0f-b799-5dccf46bd4d7', 'b6ee0559-a406-4992-b621-9c5af015adce', 'test pdf', 'San Jose', '<p><strong>test</strong></p>', 'oneTime', 'qr-code', '2026-03-14 03:33:15.543621+00', '{"oneTime": {"date": "2026-04-11", "endTime": "15:05", "startTime": "15:02", "volunteers": 15}}', 'upcoming', true, NULL, '[]', NULL, NULL, NULL, '{"text": "San Jose", "coordinates": {"latitude": 37.33874, "longitude": -121.8852525}, "display_name": "San Jose, CA, USA"}', false, '1cb99763-ed16-4eb4-9367-88a7418f17e9', '{"oneTime": false}', NULL, NULL, 'America/Los_Angeles', false, 'unlisted', true, 'published', NULL, NULL, NULL, true, true, NULL, '6bcfd602-a53c-4491-a3a9-369b978a3c89', 8, false, true, NULL, NULL, NULL, false, '2026-04-11'),
	('b51f9490-0e9a-4237-8e20-fe02b08d718a', 'b6ee0559-a406-4992-b621-9c5af015adce', 'testing', 'asd', '<p>asd</p>', 'oneTime', 'qr-code', '2026-03-14 03:33:16.290047+00', '{"oneTime": {"date": "2026-04-11", "endTime": "17:00", "startTime": "09:00", "volunteers": 3}}', 'upcoming', true, NULL, '[]', NULL, NULL, NULL, '{"text": "asd", "display_name": "asd"}', false, 'ab22ee2c-36a2-428e-ad80-2e5ce36498e2', '{"oneTime": false}', NULL, NULL, 'America/Los_Angeles', false, 'unlisted', true, 'published', NULL, NULL, NULL, true, true, NULL, '9fdd2b3c-0631-4a1a-b963-c2b40c7815d4', 20, false, true, NULL, NULL, NULL, false, '2026-04-11'),
	('3f8849c9-331b-42a2-bc74-358d89ad7ac1', '88cfede8-f76c-4c3e-8946-b4aad8580dcf', 'SR Test', 'San Francisco', '<p>Testing</p>', 'multiDay', 'qr-code', '2026-03-11 03:32:11.871856+00', '{"multiDay": [{"date": "2026-03-12", "slots": [{"name": "Morning slot", "endTime": "12:00", "startTime": "09:00", "volunteers": 2}, {"name": "Afternoon slot", "endTime": "17:00", "startTime": "13:00", "volunteers": 3}]}, {"date": "2026-03-16", "slots": [{"name": "", "endTime": "17:00", "startTime": "09:00", "volunteers": 3}]}]}', 'upcoming', true, NULL, '[]', NULL, NULL, NULL, '{"text": "San Francisco", "coordinates": {"latitude": 37.7749295, "longitude": -122.4194155}, "display_name": "San Francisco, CA, USA"}', false, '0191ee39-dfab-4d0d-9df9-8cb1d8b768d7', '{"2026-03-12-0": false, "2026-03-12-1": false, "2026-03-16-0": false}', 'b3nrfcvpdshe2f2n1ekn0t4qjk', '2026-03-11 03:32:17.409+00', 'America/Los_Angeles', false, 'public', true, 'published', NULL, NULL, NULL, true, false, NULL, NULL, NULL, true, true, NULL, NULL, NULL, false, NULL),
	('02b9bac9-cb30-4de5-9157-49b9db8a9d71', 'b6ee0559-a406-4992-b621-9c5af015adce', 'test pdf', 'San Jose', '<p><strong>test</strong></p>', 'oneTime', 'qr-code', '2026-03-02 01:33:32.256207+00', '{"oneTime": {"date": "2026-03-07", "endTime": "15:05", "startTime": "15:02", "volunteers": 15}}', 'upcoming', true, NULL, '[]', NULL, NULL, NULL, '{"text": "San Jose", "coordinates": {"latitude": 37.33874, "longitude": -121.8852525}, "display_name": "San Jose, CA, USA"}', false, 'eb5b8bc3-5585-4b0d-a65a-909b08560243', '{"oneTime": false}', NULL, NULL, 'America/Los_Angeles', false, 'unlisted', true, 'published', NULL, NULL, NULL, true, true, NULL, '6bcfd602-a53c-4491-a3a9-369b978a3c89', 3, false, true, NULL, NULL, NULL, false, '2026-03-07'),
	('40aa09fe-d177-4c77-8de2-47199e36ee22', 'b6ee0559-a406-4992-b621-9c5af015adce', 'Dandiya Event', 'Thomas S. Hart Middle School', '<p>Come volunteer at a Dandiya event this SATURDAY, OCTOBER 4 to earn 3 CSF points. The event takes place at HART MIDDLE SCHOOL, and the dress code is Indian semi-formal. Timings vary, but slots begin at 2 PM</p><p><strong>EARN 3 CSF POINTS</strong></p><p></p><p><em>Note: This is just a mock up and I just took one of your old insta posts and put in those images and stuff. I didn''t have the exact slot details bc the SignUpGenius expired but I just made up a quick mock. Also don''t worry this event is unlisted so it''s not publicly on the feed, it''s just for you to sort of see and evaluate </em></p>', 'sameDayMultiArea', 'qr-code', '2025-12-28 03:27:29.501261+00', '{"sameDayMultiArea": {"date": "2026-01-24", "roles": [{"name": "Event Decoration & Set-Up", "endTime": "16:00", "startTime": "14:00", "volunteers": 20}, {"name": "Event Cleanup", "endTime": "19:30", "startTime": "19:00", "volunteers": 12}], "overallEnd": "19:30", "overallStart": "14:00"}}', 'upcoming', false, 'https://api.lets-assist.com/storage/v1/object/public/project-images/project_40aa09fe-d177-4c77-8de2-47199e36ee22_cover_1766892452950.png', '[]', '4e559bd7-8cbc-41c4-9541-50c4a8cf18c4', NULL, NULL, '{"text": "Thomas S. Hart Middle School", "coordinates": {"latitude": 37.6857354, "longitude": -121.896816}, "display_name": "4433 Willow Rd, Pleasanton, CA 94588, USA"}', false, 'f99ce200-feea-44e2-b75d-8aab8bacbc57', '{"Event Cleanup": false, "Event Decoration & Set-Up": false}', NULL, NULL, 'America/Los_Angeles', false, 'unlisted', true, 'published', NULL, NULL, NULL, false, false, NULL, NULL, NULL, false, true, NULL, NULL, NULL, false, NULL),
	('5615342c-2add-4855-8701-f92a2552f680', 'be5c0095-6171-4843-ad43-b2a890d8d45e', 'Nick Maehr Eagle Project - Helping Knights of Columbus', '3999 Bernal Ave', '<p>Come help improve the local Knights of Columbus Council''s storage shed. There''s a lot to get done: moving equipment, installing shelves, using basic hand-held tools, and more! We need all the help we can get, so please lend a hand.</p>', 'multiDay', 'qr-code', '2025-12-30 20:01:42.527755+00', '{"multiDay": [{"date": "2026-01-10", "slots": [{"endTime": "13:00", "startTime": "10:00", "volunteers": 8}, {"endTime": "15:00", "startTime": "13:00", "volunteers": 6}]}, {"date": "2026-01-11", "slots": [{"endTime": "11:30", "startTime": "09:30", "volunteers": 8}, {"endTime": "14:00", "startTime": "11:30", "volunteers": 8}]}]}', 'completed', false, 'https://api.lets-assist.com/storage/v1/object/public/project-images/project_5615342c-2add-4855-8701-f92a2552f680_cover_1767124905269.png', '[]', '26bc1fa3-7f83-403c-bde1-2737bb71ca79', NULL, NULL, '{"text": "3999 Bernal Ave", "coordinates": {"latitude": 37.6548304, "longitude": -121.8620163}, "display_name": "3999 Bernal Ave, Pleasanton, CA 94566, USA"}', false, '6c1fbde5-e6a9-4f30-b5d7-d43c5d63a860', '{"2026-01-10-0": false, "2026-01-10-1": false, "2026-01-11-0": false, "2026-01-11-1": true}', NULL, NULL, 'America/Los_Angeles', false, 'public', true, 'published', NULL, NULL, NULL, false, false, NULL, NULL, NULL, false, true, NULL, NULL, NULL, false, NULL),
	('b61efe11-b00e-4848-b9c5-d9741b52ea3a', '82d3edc5-82ba-4554-8063-d325c24406e5', 'Tutors for Edutine Contra Costa', 'Remote', '<p>Our dedicated team of tutors comprises passionate high school volunteers eager to make a difference. As a tutor, you’ll not only gain valuable experience but also have the opportunity to earn volunteer hours and prestigious awards such as the President’s Volunteer Service Award (PVSA), the Daily Point of Light Award, and the Edutine Volunteer of the Year Award.</p><p></p><p>To sign up, fill out this Google Form: <a target="_blank" rel="noopener noreferrer" class="text-primary underline hover:text-primary/80 hover:cursor-pointer" href="https://forms.gle/NWFWJ5ge3cNrjMNw6">https://forms.gle/NWFWJ5ge3cNrjMNw6</a></p>', 'oneTime', 'signup-only', '2026-01-17 00:39:12.3939+00', '{"oneTime": {"date": "2026-02-28", "endTime": "17:00", "startTime": "09:00", "volunteers": 20}}', 'upcoming', true, NULL, '[]', '41853092-579b-4816-ae62-44d203b82408', NULL, NULL, '{"text": "Remote", "display_name": "Remote"}', false, '7e061e8e-30f7-4714-86cf-58b7253f310e', '{"oneTime": false}', NULL, NULL, 'America/Los_Angeles', false, 'public', true, 'published', NULL, NULL, NULL, true, true, NULL, NULL, NULL, false, true, NULL, NULL, NULL, false, NULL),
	('083a7bd6-d4aa-4e30-bad7-e83f4545ba5d', 'b6ee0559-a406-4992-b621-9c5af015adce', 'testing', 'asd', '<p>asd</p>', 'oneTime', 'qr-code', '2026-03-02 01:33:34.178107+00', '{"oneTime": {"date": "2026-03-08", "endTime": "17:00", "startTime": "09:00", "volunteers": 3}}', 'upcoming', true, NULL, '[]', NULL, NULL, NULL, '{"text": "asd", "display_name": "asd"}', false, '36952fc2-2ae8-4457-955c-6f7889b0eb16', '{"oneTime": false}', NULL, NULL, 'America/Los_Angeles', false, 'unlisted', true, 'published', NULL, NULL, NULL, true, true, NULL, '9fdd2b3c-0631-4a1a-b963-c2b40c7815d4', 11, false, true, NULL, NULL, NULL, false, '2026-03-08'),
	('35660ac8-a51d-4d4a-9f88-a46e617caab9', 'b6ee0559-a406-4992-b621-9c5af015adce', 'testing', 'asd', '<p>asd</p>', 'oneTime', 'qr-code', '2026-03-02 01:33:35.316677+00', '{"oneTime": {"date": "2026-03-22", "endTime": "17:00", "startTime": "09:00", "volunteers": 3}}', 'upcoming', true, NULL, '[]', NULL, NULL, NULL, '{"text": "asd", "display_name": "asd"}', false, '690d96a9-eaea-4e3c-bba2-7cbfd9746ddb', '{"oneTime": false}', NULL, NULL, 'America/Los_Angeles', false, 'unlisted', true, 'published', NULL, NULL, NULL, true, true, NULL, '9fdd2b3c-0631-4a1a-b963-c2b40c7815d4', 15, false, true, NULL, NULL, NULL, false, '2026-03-22'),
	('814af85e-c768-433e-900b-9ef3211e61e3', 'b6ee0559-a406-4992-b621-9c5af015adce', 'test pdf', 'San Jose', '<p><strong>test</strong></p>', 'oneTime', 'qr-code', '2026-03-08 09:11:57.481614+00', '{"oneTime": {"date": "2026-04-04", "endTime": "15:05", "startTime": "15:02", "volunteers": 15}}', 'upcoming', true, NULL, '[]', NULL, NULL, NULL, '{"text": "San Jose", "coordinates": {"latitude": 37.33874, "longitude": -121.8852525}, "display_name": "San Jose, CA, USA"}', false, 'a56b321b-384e-4dc8-b06a-a4d335f63cb2', '{"oneTime": false}', NULL, NULL, 'America/Los_Angeles', false, 'unlisted', true, 'published', NULL, NULL, NULL, true, true, NULL, '6bcfd602-a53c-4491-a3a9-369b978a3c89', 7, false, true, NULL, NULL, NULL, false, '2026-04-04'),
	('5ae4fbf3-0fdd-405a-bbb9-f994edd36a38', '337186dd-158a-49aa-ac17-831fba64f07f', 'Lenton Reconciliation 2026', 'St. Augustine Catholic Church', '<p>On Wednesday, May 18, CCOP will be having reconciliation sessions from 9:00 AM to 9:00 PM in the St. Augustine Church. There will be several priests available at different stations throughout the church.</p><p></p><p>We have been asked to help out as greeters. We will welcome those coming and direct them to one of the stations. In addition, we will help with taking down the stations afterwards. </p><p></p><p>Please review the time slots and volunteer if you can.</p>', 'oneTime', 'qr-code', '2026-03-17 02:37:25.730335+00', '{"oneTime": {"date": "2026-03-18", "endTime": "21:00", "startTime": "09:00", "volunteers": 12}, "multiDay": [{"date": "", "slots": [{"name": "", "endTime": "17:00", "startTime": "09:00", "volunteers": 0}]}], "sameDayMultiArea": {"date": "", "roles": [{"name": "", "endTime": "17:00", "startTime": "09:00", "volunteers": 0}], "overallEnd": "17:00", "overallStart": "09:00"}}', 'upcoming', false, NULL, '[]', NULL, NULL, NULL, '{"text": "St. Augustine Catholic Church", "coordinates": {"latitude": 37.6547376, "longitude": -121.8622385}, "display_name": "3999 Bernal Ave, Pleasanton, CA 94566, USA"}', false, 'c2d1366a-8629-4df0-b852-1a0885124f14', '{"oneTime": false}', NULL, NULL, 'America/Los_Angeles', false, 'unlisted', true, 'published', NULL, NULL, NULL, false, false, NULL, NULL, NULL, false, true, NULL, NULL, NULL, false, NULL),
	('bd9c9819-7a06-4f37-bcb0-4c485445126f', 'b6ee0559-a406-4992-b621-9c5af015adce', 'NSDA Last Chance Quallifier', 'Online', '<p>Tournament Information:</p><p>Dates: September 6–8, 2025</p><p>Location: Online</p><p>Cost: $100</p><p>Form Deadline: August 18, 2025 at 11:59 PM — no late entries accepted.</p><p>Details &amp; Registration Links:</p><p><strong>Tournament Info:</strong> Tabroom Info (<a target="_blank" rel="noopener noreferrer" class="text-primary underline hover:text-primary/80 hover:cursor-pointer" href="https://www.tabroom.com/index/tourn/index.mhtml?tourn_id=36144">https://www.tabroom.com/index/tourn/index.mhtml?tourn_id=36144</a>)</p><p>Binding Commitment: Submitting this form is a binding commitment.</p><p>Form Instructions: Fill out the form carefully. Use correct spelling, punctuation, and capitalization throughout.</p><p>Drop Policy: To drop, email Bhargavi Mallajosyula at <a target="_blank" rel="noopener noreferrer" class="text-primary underline hover:text-primary/80 hover:cursor-pointer" href="mailto:bmallajosyula22@gmail.com">bmallajosyula22@gmail.com</a>.</p><p>Drop fees apply after the form closes.National Speech and Debate Season Opener (UKSO)</p><p>Dates: September 6–8, 2025</p>', 'multiDay', 'signup-only', '2026-03-13 00:06:00.565187+00', '{"multiDay": [{"date": "2026-04-24", "slots": [{"name": "LD", "endTime": "20:00", "startTime": "16:00", "volunteers": 2}, {"name": "PF", "endTime": "20:00", "startTime": "04:00", "volunteers": 2}]}, {"date": "2026-04-25", "slots": [{"name": "LD", "endTime": "20:00", "startTime": "08:00", "volunteers": 2}, {"name": "PF", "endTime": "17:00", "startTime": "09:00", "volunteers": 2}]}, {"date": "2026-04-26", "slots": [{"name": "LD", "endTime": "17:00", "startTime": "09:00", "volunteers": 2}, {"name": "PF", "endTime": "17:00", "startTime": "09:00", "volunteers": 2}]}]}', 'upcoming', true, NULL, '[]', '4a6af894-7591-40b7-be2c-68ead99a2006', NULL, NULL, '{"text": "Online", "display_name": "Online"}', false, 'b4d32616-c041-48d7-9525-21fb3c589616', '{"2026-04-24-0": false, "2026-04-24-1": false, "2026-04-25-0": false, "2026-04-25-1": false, "2026-04-26-0": false, "2026-04-26-1": false}', 'oas3ou1m3f4bvkm5lqg1tn59j4', '2026-03-13 00:06:07.115+00', 'America/Los_Angeles', false, 'unlisted', true, 'published', NULL, NULL, NULL, false, true, NULL, NULL, NULL, true, true, 'project_waivers/bd9c9819-7a06-4f37-bcb0-4c485445126f/1773360360911_Sample_Volunteer_Waiver.pdf', 'https://api.lets-assist.com/storage/v1/object/public/waiver-uploads/project_waivers/bd9c9819-7a06-4f37-bcb0-4c485445126f/1773360360911_Sample_Volunteer_Waiver.pdf', '863a3f4e-60bd-40a1-8ff6-c02222fc89b8', false, NULL),
	('c6a6d1ba-9ac6-4683-a5a4-77dade1e7a3f', 'b6ee0559-a406-4992-b621-9c5af015adce', 'testing', 'asd', '<p>asd</p>', 'oneTime', 'qr-code', '2026-03-22 03:43:53.96985+00', '{"oneTime": {"date": "2026-04-19", "endTime": "17:00", "startTime": "09:00", "volunteers": 3}}', 'upcoming', true, NULL, '[]', NULL, NULL, NULL, '{"text": "asd", "display_name": "asd"}', false, '6cee4927-7fb6-46b9-a617-8d873760b3b5', '{"oneTime": false}', NULL, NULL, 'America/Los_Angeles', false, 'unlisted', true, 'published', NULL, NULL, NULL, true, true, NULL, '9fdd2b3c-0631-4a1a-b963-c2b40c7815d4', 23, false, true, NULL, NULL, NULL, false, '2026-04-19'),
	('d941b7f5-f8b4-4fe0-a998-e8f3f8b2ca22', 'b6ee0559-a406-4992-b621-9c5af015adce', 'Camp Quail 2026 Volunteers', 'Quail Run Elementary School', '<p>Dear Teens and Parents, </p><p>We are getting ready to host camp quail 2026 on Friday, May 1, 2026 from 4:30-8:00p.</p><p> </p><p>We need outgoing, enthusiastic, fun and engaging camp counselors to help make Camp Quail a success! </p><p> </p><p>The following volunteer opportunities are meant for parents/teens, please sign up for the position you can fulfill. </p><p> </p><p>For Teens:</p><p>You will be responsible for the job described and will receive community volunteer hours for the job done once completed. </p><p> </p><p>For parents:</p><p><strong>You will be responsible for the job described and will receive one free admission for your child to attend.</strong></p><p><strong>***Please register your child in the camp quail SUG and we will reimburse the ticket amount after camp. This will ensure all kids information is orgenized in one place. </strong></p><p>Please review the available slots below and click on the button to sign up. Thank you!</p><p>*** Note that free admission for you child will ONLY be honored if you attend and serve as volunteer. If you arent able to fulfil your duty you will be chared admission and/or you child may not be able to participate duirng event</p>', 'sameDayMultiArea', 'qr-code', '2026-03-19 19:07:00.555333+00', '{"sameDayMultiArea": {"date": "2026-05-01", "roles": [{"name": "Teens Only! (REGISTRATION LEADERS)", "endTime": "18:00", "startTime": "16:00", "volunteers": 2}, {"name": "TEENS Only! - EVENT PHOTOS", "endTime": "19:30", "startTime": "16:30", "volunteers": 1}, {"name": "Parents Only! (GROUP LEADERS)", "endTime": "19:15", "startTime": "17:00", "volunteers": 5}, {"name": "Parents Only! (STATION LEADER)", "endTime": "19:15", "startTime": "17:00", "volunteers": 5}, {"name": "Teens Only! (EVENT FLOATERS)", "endTime": "20:30", "startTime": "17:00", "volunteers": 2}, {"name": "Teens Only! (GROUP ASSISTANTS)", "endTime": "20:15", "startTime": "17:00", "volunteers": 5}, {"name": "Teens Only! (STATION HELPER)", "endTime": "20:15", "startTime": "17:00", "volunteers": 5}, {"name": "Parents (CAMP FLOATERS)", "endTime": "20:30", "startTime": "17:30", "volunteers": 2}, {"name": "Parents ONLY! ( DINNER SET UP/PIZZA RUN)", "endTime": "19:30", "startTime": "17:30", "volunteers": 5}], "overallEnd": "20:30", "overallStart": "16:00"}}', 'upcoming', true, 'https://api.lets-assist.com/storage/v1/object/public/project-images/project_d941b7f5-f8b4-4fe0-a998-e8f3f8b2ca22_cover_1773947221131.jpeg', '[]', '4e559bd7-8cbc-41c4-9541-50c4a8cf18c4', NULL, NULL, '{"text": "Quail Run Elementary School", "coordinates": {"latitude": 37.7628743, "longitude": -121.9142774}, "display_name": "4000 Goldenbay Ave, San Ramon, CA 94582, USA"}', false, '6043781c-428c-4a74-ab0d-50c19f51a413', '{"Parents (CAMP FLOATERS)": false, "TEENS Only! - EVENT PHOTOS": false, "Teens Only! (EVENT FLOATERS)": false, "Teens Only! (STATION HELPER)": false, "Parents Only! (GROUP LEADERS)": false, "Parents Only! (STATION LEADER)": false, "Teens Only! (GROUP ASSISTANTS)": false, "Teens Only! (REGISTRATION LEADERS)": false, "Parents ONLY! ( DINNER SET UP/PIZZA RUN)": false}', 'jeu7vmgpfmcigumocik7oq4a94', '2026-03-19 19:07:10.573+00', 'America/Los_Angeles', false, 'unlisted', true, 'published', NULL, NULL, NULL, true, true, NULL, NULL, NULL, false, true, NULL, NULL, NULL, false, NULL),
	('4c8f1011-526e-4c18-8de0-169eb253c35a', 'b6ee0559-a406-4992-b621-9c5af015adce', 'DVHS Stitch a Smile Bookmarks', 'San Ramon Library - Contra Costa County Library', '<p>Hey CSF!<br /><br />Join DV Stitch a Smile to make crochet bookmarks!<br />1 bookmark = 1 nondrive point <strong>(3 max)</strong></p>', 'oneTime', 'qr-code', '2026-03-12 23:16:46.775861+00', '{"oneTime": {"date": "2026-03-13", "endTime": "15:00", "startTime": "13:00", "volunteers": 15}, "multiDay": [{"date": "", "slots": [{"name": "", "endTime": "17:00", "startTime": "09:00", "volunteers": 0}]}], "sameDayMultiArea": {"date": "", "roles": [{"name": "", "endTime": "17:00", "startTime": "09:00", "volunteers": 0}], "overallEnd": "17:00", "overallStart": "09:00"}}', 'cancelled', false, NULL, '[]', '4e559bd7-8cbc-41c4-9541-50c4a8cf18c4', 'made a mistake in making the event :(', '2026-03-12 23:17:56.119+00', '{"text": "San Ramon Library - Contra Costa County Library", "coordinates": {"latitude": 37.7643745, "longitude": -121.9532807}, "display_name": "100 Montgomery St, San Ramon, CA 94583, USA"}', false, '302f1485-d0ec-4373-921c-6418a6e66b2e', '{"oneTime": false}', 'q11ano5kum3m4lbp3vo499kags', '2026-03-12 23:17:59.123+00', 'America/Los_Angeles', false, 'unlisted', true, 'published', NULL, NULL, NULL, true, true, NULL, NULL, NULL, false, true, NULL, NULL, NULL, false, NULL);


--
-- Data for Name: anonymous_signups; Type: TABLE DATA; Schema: public; Owner: postgres
--

INSERT INTO "public"."anonymous_signups" ("id", "project_id", "created_at", "token", "email", "name", "phone_number", "confirmed_at", "linked_user_id") VALUES
	('4263fefd-42d4-4bb4-a047-d80d2b075993', 'f5fb7a5c-52b9-40bc-bd3c-d7692593828b', '2026-02-26 20:12:31.139319+00', '10c23251-0506-4a08-8204-c85fef6f54c2', 'iamaryanpatel602@gmail.com', 'Aryan Patel', '4083334305', '2026-02-26 20:12:55.508+00', NULL),
	('83fd72be-16f9-48d4-8f09-6cf44ca19f31', 'feb01f28-1735-4643-833e-be36d3d7d045', '2026-03-07 08:47:49.430531+00', '4df24f8f-7ba6-4dfe-9330-7d167d6da058', 'ni8z1p@dollicons.com', 'Riddhiman Rana', '4083334305', '2026-03-07 08:49:03.302+00', 'b6ee0559-a406-4992-b621-9c5af015adce'),
	('c3fe6258-7f42-4bc4-90b9-0ede4eaaa87b', '0488d1cf-6b77-4cf4-8a1f-93bdb53b1475', '2026-03-08 02:23:27.487435+00', 'bc942a9f-aca1-4042-9b1e-4339027c6fe7', 'ni8z1p@dollicons.com', 'Riddhiman Rana', '4083334305', '2026-03-08 02:24:06.172+00', NULL);


--
-- Data for Name: banned_emails; Type: TABLE DATA; Schema: public; Owner: postgres
--



--
-- Data for Name: project_signups; Type: TABLE DATA; Schema: public; Owner: postgres
--

INSERT INTO "public"."project_signups" ("id", "project_id", "user_id", "schedule_id", "status", "created_at", "anonymous_id", "check_in_time", "check_out_time", "volunteer_calendar_event_id", "volunteer_synced_at", "volunteer_comment") VALUES
	('75810c0c-21b1-4609-a885-ca4cb519c5af', 'e8460e44-4ec4-45d1-9297-54d9e151caa2', 'e90b335f-dd56-47a7-96c0-2ae511333f95', 'oneTime', 'approved', '2026-02-17 04:13:48.500762+00', NULL, NULL, NULL, NULL, NULL, NULL),
	('832145b4-0176-43db-8e06-ded97f780e6c', '7aae298c-de0b-4455-a9a5-322b716a01bc', 'b6ee0559-a406-4992-b621-9c5af015adce', 'Shift Volunteer (adults and youth)', 'approved', '2026-02-09 23:36:10.394419+00', NULL, NULL, NULL, NULL, NULL, NULL),
	('d23562f9-dd99-4616-b6a1-51dc33d22443', '82cf07c3-5053-4b53-8c3e-628aa7185b70', 'b6ee0559-a406-4992-b621-9c5af015adce', 'oneTime', 'approved', '2026-02-12 07:14:46.699717+00', NULL, NULL, NULL, NULL, NULL, NULL),
	('749505ea-c08c-4a9c-9565-c1ab98aca810', '199e6562-a11e-4c26-9c96-07ba13aa6842', 'b6ee0559-a406-4992-b621-9c5af015adce', '2025-10-21-0', 'attended', '2025-10-21 23:27:57.043373+00', NULL, '2025-10-21 23:31:40.926+00', '2025-10-21 23:32:17.7+00', NULL, NULL, NULL),
	('2ee8b32c-2196-4293-bc98-ed121e7777d0', 'b61efe11-b00e-4848-b9c5-d9741b52ea3a', 'b6ee0559-a406-4992-b621-9c5af015adce', 'oneTime', 'approved', '2026-01-19 09:07:54.794738+00', NULL, NULL, NULL, NULL, NULL, 'volunteering is cool'),
	('ecf2d767-6aa2-41f2-9180-3ce6f2f9c546', '49da960e-0dda-4e3d-a591-831dd5c28ba4', 'e90b335f-dd56-47a7-96c0-2ae511333f95', 'Event Set Up', 'approved', '2026-03-03 00:21:48.912591+00', NULL, NULL, NULL, NULL, NULL, 'bringing chips'),
	('11d4e0d4-34a3-4f88-bd34-1bd5e2dc337d', '5615342c-2add-4855-8701-f92a2552f680', 'b6ee0559-a406-4992-b621-9c5af015adce', '2026-01-11-1', 'attended', '2026-01-10 21:31:59.807146+00', NULL, '2026-01-11 19:34:26.877+00', '2026-01-11 22:00:00+00', NULL, NULL, NULL),
	('54625aac-9ddb-4588-8670-3cea876d27ec', 'feb01f28-1735-4643-833e-be36d3d7d045', 'b6ee0559-a406-4992-b621-9c5af015adce', 'oneTime', 'approved', '2026-03-07 08:47:49.531186+00', NULL, NULL, NULL, NULL, NULL, NULL),
	('5e01eef4-4868-4fe1-ade1-8a6fb0cc5c9d', '0488d1cf-6b77-4cf4-8a1f-93bdb53b1475', NULL, '2026-03-07-1', 'approved', '2026-03-08 02:23:29.057496+00', 'c3fe6258-7f42-4bc4-90b9-0ede4eaaa87b', NULL, NULL, NULL, NULL, 'bringing chips to all events'),
	('9f98ee9e-1c92-4891-93b0-6cc0380102f6', 'bd9c9819-7a06-4f37-bcb0-4c485445126f', 'e90b335f-dd56-47a7-96c0-2ae511333f95', '2026-04-24-0', 'approved', '2026-03-13 00:26:01.786201+00', NULL, NULL, NULL, 'qt8gb1umogl693hj97j0b5ibj4', '2026-03-13 00:26:07.074+00', NULL),
	('ba7a5a51-f5e3-4576-9b14-6a2dd8960dcf', 'f2a201ab-4e84-4250-a94e-07711c1dddff', 'e90b335f-dd56-47a7-96c0-2ae511333f95', 'oneTime', 'approved', '2026-02-16 05:22:56.943572+00', NULL, NULL, NULL, NULL, NULL, NULL),
	('b934214b-bd58-4589-94d0-dd09f7e8b856', '6bcfd602-a53c-4491-a3a9-369b978a3c89', 'e90b335f-dd56-47a7-96c0-2ae511333f95', 'oneTime', 'approved', '2026-02-16 23:03:25.091177+00', NULL, NULL, NULL, NULL, NULL, NULL),
	('fb3a8c73-0699-4fd8-8a40-aafa3c567c31', '91aef231-e3d4-4744-86ed-4aebf149fdbd', 'e90b335f-dd56-47a7-96c0-2ae511333f95', 'Event Decoration', 'attended', '2026-01-18 02:59:33.299081+00', NULL, '2026-01-18 03:00:04.138+00', '2026-01-18 03:00:04.138+00', NULL, NULL, NULL),
	('a5a22bdf-a5a9-4f16-8f6c-eb9ee0e09637', '91aef231-e3d4-4744-86ed-4aebf149fdbd', 'e90b335f-dd56-47a7-96c0-2ae511333f95', 'Event Cleanup', 'attended', '2026-01-18 02:59:38.380561+00', NULL, '2026-01-18 03:00:06.823+00', '2026-01-18 04:00:00+00', NULL, NULL, NULL),
	('417415c1-df41-47ec-93eb-435abdd1093a', '0488d1cf-6b77-4cf4-8a1f-93bdb53b1475', NULL, '2026-03-07-0', 'approved', '2026-03-08 02:23:27.61754+00', 'c3fe6258-7f42-4bc4-90b9-0ede4eaaa87b', NULL, NULL, NULL, NULL, 'bringing chips to all events'),
	('ed88c859-7bce-40dc-bb7f-e0d732570152', '0488d1cf-6b77-4cf4-8a1f-93bdb53b1475', NULL, '2026-03-08-1', 'approved', '2026-03-08 02:23:29.735057+00', 'c3fe6258-7f42-4bc4-90b9-0ede4eaaa87b', NULL, NULL, NULL, NULL, 'bringing chips to all events');


--
-- Data for Name: certificates; Type: TABLE DATA; Schema: public; Owner: postgres
--

INSERT INTO "public"."certificates" ("id", "project_title", "creator_name", "is_certified", "event_start", "event_end", "volunteer_email", "user_id", "check_in_method", "created_at", "organization_name", "project_id", "schedule_id", "issued_at", "signup_id", "volunteer_name", "project_location", "creator_id", "type", "description") VALUES
	('e80edadc-a413-4646-92e4-58f9e5af30ab', 'asdfasdf', 'asdfasd', false, '2025-10-10 13:00:00+00', '2025-10-10 21:00:00+00', 'riddhiman.rana@gmail.com', 'b6ee0559-a406-4992-b621-9c5af015adce', 'self_report', '2025-10-09 04:09:05.097814+00', 'asdfasdf', NULL, NULL, '2025-10-09 04:09:05.097814+00', NULL, 'Riddhiman Rana', NULL, 'b6ee0559-a406-4992-b621-9c5af015adce', 'self-reported', 'asdfasdf'),
	('dc8eddff-4de3-4eec-9682-f38ac4775f7d', 'testing 2', 'Riddhiman Rana', false, '2025-10-20 00:24:45.713+00', '2025-10-20 00:24:47.232+00', 'ridz.techtube@gmail.com', NULL, 'qr-code', '2025-10-22 01:47:59.159797+00', NULL, NULL, 'oneTime', '2025-10-22 01:47:59.159797+00', NULL, 'Riddhiman Rana', 'Dougherty Valley High School', 'b6ee0559-a406-4992-b621-9c5af015adce', NULL, NULL),
	('75448794-6cd8-4d1d-a623-a403d2cd9e25', 'anonymous sign ups', 'Riddhiman Rana', false, '2025-12-31 05:25:52.325+00', '2025-12-31 05:35:00+00', 'p55oj@airsworld.net', NULL, 'qr-code', '2025-12-31 05:41:45.139712+00', NULL, NULL, 'oneTime', '2025-12-31 05:41:45.139712+00', NULL, 'testing', 'Dougherty Valley High School', 'b6ee0559-a406-4992-b621-9c5af015adce', NULL, NULL),
	('b36459a6-ddd6-43ec-90bb-c75a0894bbc9', 'test', 'test', false, '2026-02-01 17:00:00+00', '2026-02-02 01:00:00+00', 'riddhiman.rana@gmail.com', 'b6ee0559-a406-4992-b621-9c5af015adce', 'self_report', '2026-02-01 22:39:55.332963+00', 'test', NULL, NULL, '2026-02-01 22:39:55.332963+00', NULL, 'Riddhiman Rana', NULL, 'b6ee0559-a406-4992-b621-9c5af015adce', 'self-reported', NULL),
	('869dfc5d-a4d6-4e27-b682-d389ba437bd8', 'Santa Cruz Beach Boardwalk Cleanup', 'Riddhiman Rana', true, '2025-10-30 01:24:28.759+00', '2025-10-30 01:55:00+00', 'iamaryanpatel602@gmail.com', NULL, 'qr-code', '2025-10-30 02:46:50.175529+00', 'Dougherty Valley High School', '25f50ad5-27d7-4a17-8f46-e326e6edeb50', 'West Side Garbage Collecting', '2025-10-30 02:46:50.175529+00', NULL, 'Bob Smith', 'Santa Cruz Beach Boardwalk', 'b6ee0559-a406-4992-b621-9c5af015adce', 'verified', NULL),
	('fbe053a1-f921-4ed4-a946-3720516e5d2b', 'Nick Maehr Eagle Project - Helping Knights of Columbus', 'Nicholas Maehr', false, '2026-01-11 19:34:26.877+00', '2026-01-11 22:00:00+00', 'riddhiman.rana@gmail.com', 'b6ee0559-a406-4992-b621-9c5af015adce', 'qr-code', '2026-01-13 22:26:30.469459+00', 'Troop 941', '5615342c-2add-4855-8701-f92a2552f680', '2026-01-11-1', '2026-01-13 22:26:30.469459+00', '11d4e0d4-34a3-4f88-bd34-1bd5e2dc337d', 'Riddhiman Rana', '3999 Bernal Ave', 'be5c0095-6171-4843-ad43-b2a890d8d45e', 'verified', NULL),
	('1020bf03-1172-44b9-b8aa-1f4b87ecc87c', 'Beach Cleanup at Santa Cruz Beach', 'Riddhiman Rana', true, '2026-01-12 20:38:01.385+00', '2026-01-12 20:40:00+00', 'ridz.techtube@gmail.com', NULL, 'qr-code', '2026-01-14 20:47:16.992185+00', 'Dougherty Valley High School', '29600f5d-46dd-4b6b-b0d6-f8a73eaf26bc', 'East Side Cleanup Crew', '2026-01-14 20:47:16.992185+00', NULL, 'Riddhiman Rana', 'Santa Cruz Beach Boardwalk', 'b6ee0559-a406-4992-b621-9c5af015adce', 'verified', NULL),
	('70b90ba1-414f-4c3e-a858-623e86dc9716', 'Knights of Columbus Volunteer Project', 'Riddhiman Rana', false, '2026-01-18 03:00:04.138+00', '2026-01-18 03:00:04.138+00', 'ridz.techtube@gmail.com', 'e90b335f-dd56-47a7-96c0-2ae511333f95', 'qr-code', '2026-01-20 03:55:17.630741+00', NULL, '91aef231-e3d4-4744-86ed-4aebf149fdbd', 'Event Decoration', '2026-01-20 03:55:17.630741+00', 'fb3a8c73-0699-4fd8-8a40-aafa3c567c31', 'Riddhiman Rana', 'Pleasanton', 'b6ee0559-a406-4992-b621-9c5af015adce', 'verified', NULL),
	('2caa685c-6a71-4c92-bd26-17dbfa692c32', 'Community Cleanup', 'Jane Smith', false, '2026-03-03 17:00:00+00', '2026-03-04 01:00:00+00', 'ridz.techtube@gmail.com', 'e90b335f-dd56-47a7-96c0-2ae511333f95', 'self_report', '2026-03-07 08:14:57.383762+00', 'Local Food Bank', NULL, NULL, '2026-03-07 08:14:57.383762+00', NULL, 'Riddhiman Rana', NULL, 'e90b335f-dd56-47a7-96c0-2ae511333f95', 'self-reported', 'I just went around cleaning dishes.'),
	('78e87fd5-70d7-4b9d-a9c4-588cbee3dc32', 'Tutoring Session', 'Akash Tayal', false, '2025-10-15 17:30:00+00', '2025-10-15 19:00:00+00', 'iamaryanpatel602@gmail.com', NULL, 'self_report', '2025-10-30 06:02:35.380071+00', 'Tulip Coaching', NULL, NULL, '2025-10-30 06:02:35.380071+00', NULL, 'Aryan Patel', NULL, NULL, 'self-reported', 'I tutored a group of 5 middle schoolers for Algebra 1 Classes and provided assistance as a part of a local tutoring organization.'),
	('69d01dea-ca53-4337-bdde-7db691dd4332', 'qr code test', 'Riddhiman Rana', false, '2025-10-22 17:25:08.486+00', '2025-10-22 17:36:00+00', 'iamaryanpatel602@gmail.com', NULL, 'qr-code', '2025-10-22 17:27:44.724399+00', NULL, NULL, 'oneTime', '2025-10-22 17:27:44.724399+00', NULL, 'asdfasdf', 'somewhere..', 'b6ee0559-a406-4992-b621-9c5af015adce', NULL, NULL),
	('28774cc7-4e5e-4418-bb7a-d97572dab67c', 'troop 941 test', 'Riddhiman Rana', true, '2025-10-14 02:44:41.592+00', '2025-10-14 02:48:12.916+00', 'iamaryanpatel602@gmail.com', NULL, 'qr-code', '2025-10-14 06:12:19.850559+00', 'Dougherty Valley High School', NULL, 'oneTime', '2025-10-14 06:12:19.850559+00', NULL, 'Aryan Patel', 'Koll Center Parkway', 'b6ee0559-a406-4992-b621-9c5af015adce', NULL, NULL),
	('6ffe7b6a-8ead-4125-8872-f0dbe830e0bb', 'Knights of Columbus Volunteer Project', 'Riddhiman Rana', false, '2026-01-18 03:00:06.823+00', '2026-01-18 04:00:00+00', 'ridz.techtube@gmail.com', 'e90b335f-dd56-47a7-96c0-2ae511333f95', 'qr-code', '2026-01-20 04:50:42.631948+00', NULL, '91aef231-e3d4-4744-86ed-4aebf149fdbd', 'Event Cleanup', '2026-01-20 04:50:42.631948+00', 'a5a22bdf-a5a9-4f16-8f6c-eb9ee0e09637', 'Riddhiman Rana', 'Pleasanton', 'b6ee0559-a406-4992-b621-9c5af015adce', 'verified', NULL),
	('964b3a89-3d3c-4d43-b3e7-3b79182bed87', 'house party cleanup', 'Priya Rana', false, '2025-07-06 07:09:35.855+00', '2025-07-06 07:44:00+00', 'riddhiman.rana@gmail.com', 'b6ee0559-a406-4992-b621-9c5af015adce', 'qr-code', '2025-07-06 07:17:46.264733+00', NULL, NULL, 'oneTime', '2025-07-06 07:17:46.264733+00', NULL, 'Riddhiman Rana', 'Windemere Ranch Middle School', NULL, NULL, NULL),
	('4e4192c4-a79a-4e6c-987d-efb203903a42', 'test event', 'Riddhiman Rana', false, '2026-02-01 22:51:48.697+00', '2026-02-01 23:33:05.76+00', 'riddhimanrana@alphastar.academy', NULL, 'qr-code', '2026-02-01 23:08:13.452753+00', NULL, 'be886475-630b-41a3-800e-b985dd9b6ed4', 'oneTime', '2026-02-01 23:08:13.452753+00', NULL, 'Riddhiman Rana', 'Santa Cruz Beach Boardwalk', 'b6ee0559-a406-4992-b621-9c5af015adce', 'verified', NULL),
	('d7a8d6cb-a479-4f2f-a36c-3f8adfc591be', 'Pleasanton Community Garden Compost', 'Riddhiman Rana', false, '2025-07-10 19:44:07.383+00', '2025-07-10 20:15:00+00', 'riddhiman.rana@gmail.com', 'b6ee0559-a406-4992-b621-9c5af015adce', 'qr-code', '2025-07-10 20:09:18.471089+00', NULL, NULL, 'Wrap-Up & Cleanup Crew', '2025-07-10 20:09:18.471089+00', NULL, 'Bob Jones', '550 Laguna Creek Ln', NULL, NULL, NULL),
	('f9d1a59b-66fe-4edf-93d0-7d62468314c0', 'Eagle Project Test', 'Riddhiman Rana', false, '2026-01-21 03:37:10.658+00', '2026-01-21 03:37:10.658+00', 'riddhiman.rana@gmail.com', 'b6ee0559-a406-4992-b621-9c5af015adce', 'qr-code', '2026-01-23 03:53:24.594505+00', 'Troop 941', NULL, 'Event Decoration', '2026-01-23 03:53:24.594505+00', NULL, 'Riddhiman Rana', 'Blue Oaks Church', NULL, NULL, NULL),
	('f359bfd8-ba1b-4981-9cff-2b05740b1db8', 'Order of the Arrow Klondike Derby Staffing', 'Yerba Buena Lodge, OA', false, '2025-02-15 00:00:00+00', '2025-02-15 23:59:00+00', 'vkeshav300@gmail.com', '62250190-33d8-471d-bc56-a1efc978c184', 'self_report', '2026-02-23 02:12:32.718584+00', 'Yerba Buena Lodge, OA', NULL, NULL, '2026-02-23 02:12:32.718584+00', NULL, 'Keshav V', NULL, '62250190-33d8-471d-bc56-a1efc978c184', 'self-reported', 'Day 1'),
	('7f12fb58-0180-43c2-a91d-26dcbb53c785', 'hello testing', 'Test Account', false, '2025-10-20 00:00:34.088+00', '2025-10-20 00:12:44.286+00', 'iamaryanpatel602@gmail.com', NULL, 'qr-code', '2025-10-20 00:04:13.153501+00', NULL, '7eeee3d9-7400-49cc-862f-397b50c9bda5', 'oneTime', '2025-10-20 00:04:13.153501+00', NULL, 'bob', 'Dougherty Valley High School', '7062f213-c560-41db-891f-be8f24044eba', 'verified', NULL),
	('9d2bc17f-61b2-41e7-8e69-c83d761d3c5e', 'After-school OrganizationORGANIZATION.org', 'Jenny Erickson', true, '2025-10-21 23:31:40.926+00', '2025-10-21 23:32:17.7+00', 'riddhiman.rana@gmail.com', 'b6ee0559-a406-4992-b621-9c5af015adce', 'qr-code', '2025-10-23 23:38:03.462087+00', 'Windemere Ranch Middle School', '199e6562-a11e-4c26-9c96-07ba13aa6842', '2025-10-21-0', '2025-10-23 23:38:03.462087+00', '749505ea-c08c-4a9c-9565-c1ab98aca810', 'Riddhiman Rana', 'Windemere Ranch Middle School', '7b97983a-7d4b-49a1-9e03-38e25817614f', 'verified', NULL),
	('e676866a-2c9d-4b1f-92b2-95ff6a77a540', 'asdfa', 'asdfasd', false, '2025-09-12 16:00:00+00', '2025-09-13 00:00:00+00', 'riddhiman.rana@gmail.com', 'b6ee0559-a406-4992-b621-9c5af015adce', 'self-reported', '2025-09-07 04:45:51.530498+00', 'testing', NULL, NULL, '2025-09-07 04:45:51.530498+00', NULL, 'Riddhiman Rana', NULL, 'b6ee0559-a406-4992-b621-9c5af015adce', 'self-reported', 'asdfa'),
	('e7ffecb9-3f39-4f2f-9c97-7bed318c72ee', 'asdf', 'Riddhiman Rana', false, '2025-10-20 00:26:52.029+00', '2025-10-20 00:58:00+00', 'ranariddhiman@troop941.org', NULL, 'qr-code', '2025-10-20 00:29:04.943994+00', NULL, NULL, 'oneTime', '2025-10-20 00:29:04.943994+00', NULL, 'Riddhiman Rana', 'asdf', 'b6ee0559-a406-4992-b621-9c5af015adce', NULL, NULL),
	('3753c794-246c-4e13-a314-fb9c59285d50', 'Order of the Arrow Klondike Derby Staffing', 'Yerba Buena Lodge, OA', false, '2025-02-16 00:00:00+00', '2025-02-16 23:59:00+00', 'vkeshav300@gmail.com', '62250190-33d8-471d-bc56-a1efc978c184', 'self_report', '2026-02-23 02:13:30.967181+00', 'Yerba Buena Lodge, OA', NULL, NULL, '2026-02-23 02:13:30.967181+00', NULL, 'Keshav V', NULL, '62250190-33d8-471d-bc56-a1efc978c184', 'self-reported', 'Day 2'),
	('c3580f3a-00eb-4d5c-9945-92d4736a3c80', 'qr code test', 'Riddhiman Rana', false, '2025-10-20 00:27:22.888+00', '2025-10-20 00:27:22.888+00', 'iamaryanpatel602@gmail.com', NULL, 'qr-code', '2025-10-20 00:30:00.48105+00', NULL, NULL, 'oneTime', '2025-10-20 00:30:00.48105+00', NULL, 'aryan', 'Dougherty Valley High School', 'b6ee0559-a406-4992-b621-9c5af015adce', NULL, NULL),
	('6acbdb1c-0eae-4687-b386-b1e2e91aaf36', 'El Cerrito - Friends of Five Creek - French Broom Removal at Hillside Natural Area', 'Friends of Five Creeks', false, '2024-09-15 08:00:00+00', '2024-09-15 14:00:00+00', 'vkeshav300@gmail.com', '62250190-33d8-471d-bc56-a1efc978c184', 'self_report', '2026-02-23 02:16:42.359289+00', 'Friends of Five Creeks', NULL, NULL, '2026-02-23 02:16:42.359289+00', NULL, 'Keshav V', NULL, '62250190-33d8-471d-bc56-a1efc978c184', 'self-reported', NULL),
	('8d188650-80a9-4342-9b3e-f84b0621af1f', 'Tutoring Session', 'Mrs. Guntakatta', false, '2025-09-10 22:00:00+00', '2025-09-11 00:00:00+00', 'riddhiman.rana@gmail.com', 'b6ee0559-a406-4992-b621-9c5af015adce', 'self_report', '2025-09-07 07:24:58.666875+00', 'Dougherty Valley High School', NULL, NULL, '2025-09-07 07:24:58.666875+00', NULL, 'Riddhiman Rana', NULL, 'b6ee0559-a406-4992-b621-9c5af015adce', 'self-reported', 'I helped out with a bunch of stuff sdafasdfasdfasdfas dfI helped out with a bunch of stuff sdafasdfasdfasdfas dfI helped out with a bunch of stuff sdafasdfasdfasdfas dfI helped out with a bunch of stuff sdafasdfasdfasdfas dfI helped out with a bunch of stuff sdafasdfasdfasdfas dfI helped out with a bunch of stuff sdafasdfasdfasdfas dfI helped out with a bunch of stuff sdafasdfasdfasdfas dfI helped out with a bunch of stuff sdafasdfasdfasdfas dfI helped out with a bunch of stuff sdafasdfasdfasdfas dfI helped out with a bunch of stuff sdafasdfasdfasdfas dfI helped out with a bunch of stuff sdafasdfasdfasdfas dfI helped out with a bunch of stuff sdafasdfasdfasdfas dfI helped out with a bunch of stuff sdafasdfasdfasdfas dfI helped out with a bunch of stuff sdafasdfasdfasdfas df');


--
-- Data for Name: content_flags; Type: TABLE DATA; Schema: public; Owner: postgres
--

INSERT INTO "public"."content_flags" ("id", "content_type", "content_id", "content_url", "flag_type", "flag_source", "confidence_score", "flagged_categories", "flag_details", "status", "auto_action", "reviewed_by", "reviewed_at", "review_notes", "created_at") VALUES
	('9141ae4e-da48-416e-8e9a-fcd5c5c7b141', 'project', '992127a8-5fdc-4f49-b0c7-00470cdb1a8b', NULL, 'removal', 'moderator', 1.0000, NULL, '{"action": "remove_content", "reason": "The project is a clear spam placeholder that misled a user into a nonexistent meeting, warranting removal to maintain platform quality.", "takenBy": "b6ee0559-a406-4992-b621-9c5af015adce"}', 'dismissed', NULL, 'b6ee0559-a406-4992-b621-9c5af015adce', '2026-03-02 00:48:14.108+00', 'Dismissed as false positive', '2026-01-16 07:10:41.970291+00'),
	('bb6ebc64-0815-4a6c-8542-93ee9b6f816b', 'project', '80936022-669b-4b8b-83c2-e335c51ca0f8', NULL, 'spam', 'ai', 0.9000, NULL, '{"reasoning": "spam", "toolsUsed": ["content_analysis", "policy_check", "context_verification"], "shortSummary": "The project contains only placeholder text with no substantive details, indicating a potential spam submission.", "reasoningSteps": [{"step": 1, "title": "Content Analysis", "analysis": "The project’s title is ''test'' and the description is a simple HTML paragraph containing the word ''test''. No further information, context, or actionable details are provided.", "conclusion": "Content is minimal and non-informative."}, {"step": 2, "title": "Policy Check", "analysis": "The description lacks any disallowed content (violence, hate speech, sexual, etc.). However, the placeholder nature and absence of meaningful information align with patterns of spam or incomplete postings.", "conclusion": "Potential violation of the spam policy."}, {"step": 3, "title": "Context Verification", "analysis": "Without additional details such as project objectives, beneficiaries, or volunteer tasks, it is impossible to confirm that this is a legitimate volunteer effort.", "conclusion": "Legitimacy cannot be established."}, {"step": 4, "title": "Final Decision", "analysis": "Given the absence of substantive content and the typical characteristics of spam entries, this project should be flagged.", "conclusion": "Flag for spam"}]}', 'dismissed', NULL, 'b6ee0559-a406-4992-b621-9c5af015adce', '2026-03-02 00:47:54.804+00', 'Dismissed as false positive', '2026-01-13 18:53:09.183539+00');


--
-- Data for Name: content_reports; Type: TABLE DATA; Schema: public; Owner: postgres
--

INSERT INTO "public"."content_reports" ("id", "reporter_id", "content_type", "content_id", "reason", "description", "status", "priority", "reviewed_by", "reviewed_at", "resolution_notes", "created_at", "updated_at", "resolved_at", "ai_metadata") VALUES
	('c025def5-a141-4d06-8706-f7a7dfb2cbf8', 'e90b335f-dd56-47a7-96c0-2ae511333f95', 'project', '992127a8-5fdc-4f49-b0c7-00470cdb1a8b', 'spam', 'hi this was extremely misleading i signed up but there was no meeting and i wasted 15 min driving there

Content URL: http://localhost:3000/projects/992127a8-5fdc-4f49-b0c7-00470cdb1a8b
Content Title: test
Content Creator: Riddhiman Rana
Reported at: 2026-01-16T06:02:27.813Z', 'resolved', 'low', 'b6ee0559-a406-4992-b621-9c5af015adce', '2026-03-02 03:03:50.476+00', 'Resolved via moderation dashboard', '2026-01-16 06:04:43.536+00', '2026-03-02 03:03:50.476+00', NULL, '{"tags": ["spam", "misinformation"], "verdict": "The project is a minimal placeholder with no substantive content and is likely a spam entry that misled a user into expecting a meeting. Recommended action is to remove the content to prevent further confusion.", "priority": "low", "reasoning": "Context Understanding: The context suggests a low-quality, possibly spammy project that caused user inconvenience. → Evidence Assessment: Evidence strength is moderate (0.7) as the report directly references user harm, though content is sparse. → Severity Evaluation: Severity assessment is low (0.3). → Intent Analysis: Intent appears to be either accidental or low‑level spam; not a serious violation. → Action Recommendation: Recommended action: remove_content with priority low.", "toolsUsed": ["content_analysis", "policy_check", "context_verification", "severity_scoring"], "triagedAt": "2026-01-16T06:39:30.374Z", "confidence": 0.75, "shortSummary": "A user reported a project titled ''test'' that claimed a meeting but provided no details, causing a 15‑minute wasted trip. The project contains only a placeholder title and description, indicating spam or misleading content. Removing it will eliminate future user confusion.", "reasoningSteps": [{"step": 1, "title": "Context Understanding", "analysis": "The reported content is a project page titled ''test'' with a description containing only the word ''test''. The report states the user was misled into attending a non-existent meeting, indicating potential deceptive content or a spam placeholder.", "conclusion": "The context suggests a low-quality, possibly spammy project that caused user inconvenience."}, {"step": 2, "title": "Evidence Assessment", "analysis": "Evidence consists of the reporter''s brief description and the minimal project content. No additional content, meeting schedules, or links are provided. The lack of substantial content reduces evidence strength slightly but the user’s experience confirms a misleading claim.", "conclusion": "Evidence strength is moderate (0.7) as the report directly references user harm, though content is sparse."}, {"step": 3, "title": "Severity Evaluation", "analysis": "The violation is not harmful or dangerous; it merely wastes time and may reflect spam. This is a low severity issue on the platform’s policy scale.", "conclusion": "Severity assessment is low (0.3)."}, {"step": 4, "title": "Intent Analysis", "analysis": "The creator’s minimal content and absence of meeting information suggest either accidental neglect or intentional spam to attract clicks. The report implies a user-facing deception rather than a maliciously harmful act.", "conclusion": "Intent appears to be either accidental or low‑level spam; not a serious violation."}, {"step": 5, "title": "Action Recommendation", "analysis": "Given the minimal content, user harm, and spam classification, the most appropriate action is to remove the project. A warning could also be considered, but removal better protects users.", "conclusion": "Recommended action: remove_content with priority low."}], "suggestedStatus": "under_review", "recommendedAction": "remove_content", "actionJustification": "The project is a clear spam placeholder that misled a user into a nonexistent meeting, warranting removal to maintain platform quality.", "confidenceBreakdown": {"contextClarity": 0.6, "evidenceStrength": 0.7, "severityAssessment": 0.3}}'),
	('7b6bae07-7d3d-4b31-a799-c5227e53727f', 'b6ee0559-a406-4992-b621-9c5af015adce', 'project', '5615342c-2add-4855-8701-f92a2552f680', 'other', 'test system

Content URL: http://localhost:3000/projects/5615342c-2add-4855-8701-f92a2552f680
Content Title: Nick Maehr Eagle Project - Helping Knights of Columbus
Content Creator: Nicholas Maehr
Context: Troop 941
Reported at: 2026-01-04T03:47:26.416Z', 'dismissed', 'normal', 'b6ee0559-a406-4992-b621-9c5af015adce', '2026-01-29 01:59:13.547+00', 'Dismissed via moderation dashboard', '2026-01-04 03:47:26.782+00', '2026-01-29 01:59:13.547+00', NULL, NULL),
	('e3ea1da0-814f-4f7e-b36c-62707886bda8', 'b6ee0559-a406-4992-b621-9c5af015adce', 'project', '5615342c-2add-4855-8701-f92a2552f680', 'misinformation', 'i dont know lol this is cool

Content URL: https://lets-assist.com/projects/5615342c-2add-4855-8701-f92a2552f680
Content Title: Nick Maehr Eagle Project - Helping Knights of Columbus
Content Creator: Nicholas Maehr
Context: Troop 941
Reported at: 2026-03-02T04:55:32.395Z', 'resolved', 'normal', 'b6ee0559-a406-4992-b621-9c5af015adce', '2026-03-02 18:41:40.655+00', 'Resolved via moderation dashboard', '2026-03-02 04:55:32.775+00', '2026-03-02 18:41:40.655+00', NULL, NULL),
	('6d7f49a0-6f41-4413-8dfc-04add77f216c', '63812735-3c32-4e5f-8aaf-eaf032c0fa29', 'project', '49da960e-0dda-4e3d-a591-831dd5c28ba4', 'spam', 'this is very misleading and may be potentially bad. Please fix

Content URL: http://localhost:3000/projects/49da960e-0dda-4e3d-a591-831dd5c28ba4
Content Title: Santa Cruz Beach Cleanup
Content Creator: Riddhiman Rana
Context: Dougherty Valley High School
Reported at: 2026-03-07T08:07:08.426Z', 'pending', 'normal', NULL, NULL, NULL, '2026-03-07 08:07:08.602+00', '2026-03-07 08:07:08.602+00', NULL, NULL);


--
-- Data for Name: feedback; Type: TABLE DATA; Schema: public; Owner: postgres
--

INSERT INTO "public"."feedback" ("id", "user_id", "section", "email", "title", "feedback", "created_at", "page_path", "metadata") VALUES
	('f1f5b931-4ab3-4f06-9926-a0d3d03a17f7', '54941f39-c830-4842-a8df-34aa52fe47d1', 'issue', 'admin@lets-assist.com', 'eferer', 'dfsdfsdfsdfsdfsdfds adf a', '2026-01-30 21:49:35.57574+00', '/home', '{"url": "http://localhost:3000/home", "language": "en-US", "referrer": "", "viewport": "1482x1350", "timestamp": "2026-01-30T21:49:35.458Z", "userAgent": "Mozilla/5.0 (Macintosh; Intel Mac OS X 10_15_7) AppleWebKit/537.36 (KHTML, like Gecko) Chrome/144.0.0.0 Safari/537.36", "screenSize": "3440x1440", "adminModeration": {"notes": null, "status": "approved", "reviewedAt": "2026-03-02T02:46:20.171Z", "reviewedBy": "b6ee0559-a406-4992-b621-9c5af015adce"}}');


--
-- Data for Name: notification_settings; Type: TABLE DATA; Schema: public; Owner: postgres
--

INSERT INTO "public"."notification_settings" ("user_id", "email_notifications", "project_updates", "general") VALUES
	('712538fa-4214-4545-9888-37d930993f65', true, true, true),
	('54941f39-c830-4842-a8df-34aa52fe47d1', true, true, true),
	('72898b29-f4f5-4fa7-be22-440457b3c43f', true, true, true),
	('88cfede8-f76c-4c3e-8946-b4aad8580dcf', true, true, true),
	('a0d4083b-35eb-4f43-ae1a-6808ed1e2a62', true, true, true),
	('7b97983a-7d4b-49a1-9e03-38e25817614f', true, true, true),
	('017607a4-b111-48ed-8b0b-594694890493', true, true, true),
	('0257affd-7012-4c14-9c88-9ae35cc89ea2', true, true, true),
	('0b5c3672-9ffc-4559-a6e6-3f7448ced86d', true, true, true),
	('0cea39a5-6939-4db1-a896-22c3cad1c90d', true, true, true),
	('12be5ade-341c-4fc6-a2cf-158248d93c86', true, true, true),
	('1982b385-1257-49a5-8dbf-9f49df309e25', true, true, true),
	('1f1f1083-df8b-4855-b2e1-3a8df544a224', true, true, true),
	('b6ee0559-a406-4992-b621-9c5af015adce', true, true, true),
	('20db7c18-484d-47d3-9b25-03a4835e2760', true, true, true),
	('2831cc06-c63e-4c5c-9413-e1226acfd23b', true, true, true),
	('2c94347e-f1c6-418c-85f5-175501e3d4de', true, true, true),
	('3325676a-0d4f-4180-bc7d-09b4c7cbb660', true, true, true),
	('4341c24a-7f80-40af-8ee3-e8966f64eb11', true, true, true),
	('4a1e4ec1-97fa-4b39-a0aa-e71ad9c4b698', true, true, true),
	('7041d86d-9783-48b6-a01e-819b1870334a', true, true, true),
	('4c3a7e51-f319-48a7-b161-ebaf9afa054e', true, true, true),
	('5d23c10f-4ee6-48d3-916a-fa39040c3a87', true, true, true),
	('5e46b0c7-e263-4c84-99bf-f82aef05cc69', true, true, true),
	('62250190-33d8-471d-bc56-a1efc978c184', true, true, true),
	('6d84a3bc-b240-4ff9-aa3d-bea213696874', true, true, true),
	('7062f213-c560-41db-891f-be8f24044eba', true, true, true),
	('7543ffde-bc9a-421b-ab3a-e346de3112f6', true, true, true),
	('76b222a9-e3ca-4dc7-8d17-3d350f195599', true, true, true),
	('812030ce-3732-4486-8f06-6993b05bdca9', true, true, true),
	('82d3edc5-82ba-4554-8063-d325c24406e5', true, true, true),
	('8e155db9-8bd4-4cb0-a24a-129316fae4fd', true, true, true),
	('abd8b49e-8f81-49f5-8fee-c930a3f365ba', true, true, true),
	('b1b466ae-6a6e-4e5d-8d08-6c992be19bb0', true, true, true),
	('b5acfa2f-e2ca-41d6-b862-f76b5fec26b9', true, true, true),
	('b9a14c59-3a2f-4295-b8e2-99edcb7d2801', true, true, true),
	('be436566-98c1-4a7b-abc0-0e7e2365dfca', true, true, true),
	('be5c0095-6171-4843-ad43-b2a890d8d45e', true, true, true),
	('c0c278ac-115b-4d48-9767-11e56749bd2c', true, true, true),
	('c244d427-717e-4bd9-93c2-0817fbd1fc38', true, true, true),
	('c78117c1-19b6-4dcd-9bd8-18be3c807bb6', true, true, true),
	('c95ef609-6adf-43d2-b8f0-82dcfb2a4b19', true, true, true),
	('cab30dd9-87e9-42f2-83b6-a35d15c6a22d', true, true, true),
	('d56bb46c-e544-40c7-9508-3e58f60a8cb0', true, true, true),
	('e6200108-3c9e-4330-997a-49f16d5f126d', true, true, true),
	('e90b335f-dd56-47a7-96c0-2ae511333f95', true, true, true),
	('e9c7b7eb-e47a-4951-8444-475c3f7057b9', true, true, true),
	('ebde38f5-37b2-46c1-b7e8-87f1c36ccbc2', true, true, true),
	('ec320402-3ee3-48d4-ae3b-56646960c0bf', true, true, true),
	('f26cf1a2-b0d5-4069-a30a-a75a209b6888', true, true, true),
	('f547b4cc-aabc-45cd-a947-b109b5d7c751', true, true, true),
	('f5776495-1d20-4d80-ab06-776c7e341175', true, true, true),
	('fa5740b3-a762-47fb-aac5-9bcfb586d8cd', true, true, true),
	('dc9c65ab-8cf7-4540-9d2e-804494c21ac7', true, true, true),
	('63812735-3c32-4e5f-8aaf-eaf032c0fa29', true, true, true),
	('c7d63db2-b086-4958-9727-0cb54f1b9aef', true, true, true),
	('a31b3304-31d3-47ac-9094-97a7e74220cd', true, true, true),
	('0e6eed0f-01e6-47e0-b832-901b4585f5cc', true, true, true),
	('fc4500e7-d733-4e65-afa6-9de117df7edf', true, true, true),
	('68dab869-c875-408b-aece-95f79e40b250', true, true, true),
	('86e4ba43-b78f-48a3-b087-1cc4c7fa035b', true, true, true),
	('337186dd-158a-49aa-ac17-831fba64f07f', true, true, true);


--
-- Data for Name: notifications; Type: TABLE DATA; Schema: public; Owner: postgres
--

INSERT INTO "public"."notifications" ("id", "user_id", "title", "body", "type", "read", "data", "created_at", "action_url", "displayed", "severity") VALUES
	('e110825e-4ebe-405e-9948-682a688295f9', 'b6ee0559-a406-4992-b621-9c5af015adce', 'Trusted Member Application Update', 'Thank you for your interest in becoming a trusted member. Unfortunately, your application was not approved at this time. Please contact support for more information.', 'general', true, NULL, '2025-10-09 01:16:31.640771+00', '/contact', true, 'warning'),
	('13d62695-3052-4fdb-8a88-1b5fdbc75c44', 'ebde38f5-37b2-46c1-b7e8-87f1c36ccbc2', 'Trusted Member Application Approved! 🎉', 'Congratulations! Your trusted member application has been approved. You can now create projects and organizations.', 'general', false, NULL, '2026-01-29 02:47:19.284152+00', '/trusted-member', false, 'success'),
	('a51276c8-7078-4aa4-9303-67fbd22c1562', 'e90b335f-dd56-47a7-96c0-2ae511333f95', 'Your Volunteer Hours Have Been Published! 🎉', 'Your volunteer certificate for "Knights of Columbus Volunteer Project" is now available. You volunteered for 0 hours and 0 minutes.', 'project_updates', true, NULL, '2026-01-20 03:55:17.670638+00', '/certificates/70b90ba1-414f-4c3e-a858-623e86dc9716', false, 'success'),
	('a0aea5ce-f602-44f6-8081-27bbbbbc95e8', '88cfede8-f76c-4c3e-8946-b4aad8580dcf', 'Project Status Update', 'The project "asdfasd" which you signed up for has been cancelled.', 'project_updates', true, '{"signupId": "88cfede8-f76c-4c3e-8946-b4aad8580dcf", "projectId": "a4c5f56c-e503-4faf-9ce8-833a58dc1f02"}', '2025-04-02 18:45:26.434445+00', '/projects/a4c5f56c-e503-4faf-9ce8-833a58dc1f02', true, 'warning'),
	('9a33c53c-2938-4d81-a8ee-b081608fd17c', 'b6ee0559-a406-4992-b621-9c5af015adce', 'stupid', 'hey r u stupid?', 'project_updates', true, NULL, '2025-03-30 06:46:40.073479+00', NULL, true, 'info'),
	('b3991fc9-c69d-41fe-ac27-34ed29b15a52', '88cfede8-f76c-4c3e-8946-b4aad8580dcf', 'Project Status Update', 'Your signup to volunteer for "Emerald Glen WAVE Cleanup Project" has been rejected', 'project_updates', true, '{"signupId": "7ef3a11f-a90f-4e55-93b3-f0e2fcdcdec0", "projectId": "ab8e8df9-d113-42ed-b2ed-adbeb8df9ca9"}', '2025-04-11 16:28:37.339346+00', '/projects/ab8e8df9-d113-42ed-b2ed-adbeb8df9ca9', true, 'warning'),
	('ea052a7a-07ac-4950-9828-5bafd6a24b06', 'e90b335f-dd56-47a7-96c0-2ae511333f95', 'you suck', 'stupid guy', 'general', true, NULL, '2026-03-04 19:41:34.120858+00', '/toshan', true, 'success'),
	('9a921a1a-13d3-4dc5-8cdc-45da44359ce8', '7062f213-c560-41db-891f-be8f24044eba', 'Trusted Member Application Update', 'Thank you for your interest in becoming a trusted member. Unfortunately, your application was not approved at this time. Please contact support for more information.', 'general', true, NULL, '2025-10-20 07:11:59.073707+00', '/trusted-member', false, 'warning'),
	('f2a3ead3-84a2-4977-9bb8-5f9fabda04fe', '7062f213-c560-41db-891f-be8f24044eba', 'Trusted Member Application Approved! 🎉', 'Congratulations! Your trusted member application has been approved. You can now create projects and organizations.', 'general', true, NULL, '2025-10-19 23:17:15.72364+00', '/trusted-member', false, 'success'),
	('a1a85e24-4935-459c-b3b2-a33792c7f171', '88cfede8-f76c-4c3e-8946-b4aad8580dcf', 'Project Status Update', 'Your signup to volunteer for "Emerald Glen WAVE Cleanup Project" has been rejected', 'project_updates', true, '{"signupId": "5e3077f4-276f-450d-a627-33fdecaef462", "projectId": "ab8e8df9-d113-42ed-b2ed-adbeb8df9ca9"}', '2025-04-11 16:29:01.202373+00', '/projects/ab8e8df9-d113-42ed-b2ed-adbeb8df9ca9', true, 'warning'),
	('05c712be-3bb6-47fc-908c-d29c724de568', '88cfede8-f76c-4c3e-8946-b4aad8580dcf', 'Project Cancelled', 'The project "DVHS Nature Walk" which you signed up for has been cancelled.', 'project_updates', true, '{"signupId": "88cfede8-f76c-4c3e-8946-b4aad8580dcf", "projectId": "54807316-b92e-48d5-a6d3-dd279cf3a643"}', '2025-04-12 00:58:06.593623+00', '/projects/54807316-b92e-48d5-a6d3-dd279cf3a643', true, 'warning'),
	('e8f524c6-9ddf-44d9-abfa-5ff2c6e48a7d', 'b6ee0559-a406-4992-b621-9c5af015adce', 'very cool', 'very stupid', 'idek', true, NULL, '2025-03-30 06:48:47.941709+00', NULL, true, 'info'),
	('1ec64931-48f4-4ba3-9c0c-2e76c52148ff', '1982b385-1257-49a5-8dbf-9f49df309e25', 'Trusted Member Application Approved! 🎉', 'Congratulations! Your trusted member application has been approved. You can now create projects and organizations.', 'general', false, NULL, '2025-11-24 03:12:03.679788+00', '/trusted-member', false, 'success'),
	('e7fda342-a8e7-46ad-babd-cf8cf211adcc', 'b6ee0559-a406-4992-b621-9c5af015adce', 'stupid', 'people', 'stupider', true, NULL, '2025-03-30 07:15:58.928283+00', NULL, true, 'success'),
	('2c7fd4ad-8047-4cf3-bc8d-323b22b740b5', '7062f213-c560-41db-891f-be8f24044eba', 'Trusted Member Application Update', 'Thank you for your interest in becoming a trusted member. Unfortunately, your application was not approved at this time. Please contact support for more information.', 'general', false, NULL, '2025-10-28 08:08:10.018407+00', '/trusted-member', false, 'warning'),
	('9cf61360-f156-4080-888a-180fe648782a', '7062f213-c560-41db-891f-be8f24044eba', 'Trusted Member Application Approved! 🎉', 'Congratulations! Your trusted member application has been approved. You can now create projects and organizations.', 'general', false, NULL, '2025-10-28 08:08:11.544769+00', '/trusted-member', false, 'success'),
	('eabc084e-4583-4e59-9d58-dcc4c9e96656', '1982b385-1257-49a5-8dbf-9f49df309e25', 'Trusted Member Application Update', 'Thank you for your interest in becoming a trusted member. Unfortunately, your application was not approved at this time. Please contact support for more information.', 'general', false, NULL, '2025-11-24 03:12:13.337975+00', '/trusted-member', false, 'warning'),
	('370c6985-e9c5-4742-99dc-d70bbbc766ac', '1982b385-1257-49a5-8dbf-9f49df309e25', 'Trusted Member Application Approved! 🎉', 'Congratulations! Your trusted member application has been approved. You can now create projects and organizations.', 'general', false, NULL, '2025-11-24 03:12:19.901878+00', '/trusted-member', false, 'success'),
	('0abdfde8-2215-4c6f-bfcb-2ce40af59071', '1982b385-1257-49a5-8dbf-9f49df309e25', 'Trusted Member Application Update', 'Thank you for your interest in becoming a trusted member. Unfortunately, your application was not approved at this time. Please contact support for more information.', 'general', false, NULL, '2025-11-24 03:12:21.629746+00', '/trusted-member', false, 'warning'),
	('97b9795b-fa81-46ff-8b7a-a29b77f6f02a', '88cfede8-f76c-4c3e-8946-b4aad8580dcf', 'Project Status Update', 'Your signup to volunteer for "dd" has been rejected', 'project_updates', true, '{"signupId": "ad0b9bec-442e-45f2-859d-da4821b27535", "projectId": "3fa063c8-e245-4f50-860e-d0427f7a4e19"}', '2025-04-09 05:00:58.461293+00', '/projects/3fa063c8-e245-4f50-860e-d0427f7a4e19', true, 'warning'),
	('368775ab-88d0-4a15-ba68-8bb12abc47fc', '88cfede8-f76c-4c3e-8946-b4aad8580dcf', 'Set Your Custom Username', 'Personalize your profile by setting a custom username in your account settings.', 'general', true, NULL, '2025-04-01 03:42:02.631942+00', '/account/profile', true, 'info'),
	('9b24afb2-c67c-4646-809b-f3e4a16646a6', '88cfede8-f76c-4c3e-8946-b4aad8580dcf', 'Project Status Update', 'Your signup to volunteer for "CSF Opportunity!" has been rejected', 'project_updates', true, '{"signupId": "e4a2b614-ded1-40f3-9547-39b8be773ce6", "projectId": "f57c77e8-1773-4dca-8f09-4541de6b01e3"}', '2025-05-19 03:10:09.857982+00', '/projects/f57c77e8-1773-4dca-8f09-4541de6b01e3', true, 'warning'),
	('6d8a3e94-65da-4632-972b-f7d4fcff04be', 'b6ee0559-a406-4992-b621-9c5af015adce', 'Project Application Update', 'Your application to volunteer has been rejected', 'project_rejection', true, '{"signupId": "e31d0e41-d17e-431f-8fa6-64730f8e8094", "projectId": "01cc694b-c361-4360-aca0-bcf374deef94"}', '2025-04-02 04:30:10.226229+00', '/projects/01cc694b-c361-4360-aca0-bcf374deef94', true, 'warning'),
	('4adbe6fd-ee6c-4f31-b993-241f1325198a', '88cfede8-f76c-4c3e-8946-b4aad8580dcf', 'Project Status Update', 'Your signup to volunteer for "sdfg" has been rejected', 'project_rejection', true, '{"signupId": "fca6e108-262a-4e79-9a60-c3b62e6b9136", "projectId": "bb16f46b-21e6-465f-88cf-b537357abc9e"}', '2025-04-02 05:55:29.534883+00', '/projects/bb16f46b-21e6-465f-88cf-b537357abc9e', true, 'warning'),
	('68367ce4-273c-4931-ac87-2bdd0020b90a', 'b6ee0559-a406-4992-b621-9c5af015adce', 'Project Status Update', 'Your signup to volunteer for "ddd" has been rejected', 'project_updates', true, '{"signupId": "910722fc-112a-4725-ac79-165eaf19fe86", "projectId": "a07b32e7-1404-452e-820e-f77ba885d310"}', '2025-05-31 08:09:15.546024+00', '/projects/a07b32e7-1404-452e-820e-f77ba885d310', true, 'warning'),
	('9d12a18d-b8e9-4e1f-a901-a1cb8e39cf88', 'b6ee0559-a406-4992-b621-9c5af015adce', 'Project Status Update', 'Your signup to volunteer for "asdfasd" has been rejected', 'project_updates', true, '{"signupId": "646abecf-02ee-4551-8272-6d7cfa4418b7", "projectId": "01cc694b-c361-4360-aca0-bcf374deef94"}', '2025-04-02 06:30:40.163687+00', '/projects/01cc694b-c361-4360-aca0-bcf374deef94', true, 'warning'),
	('57c5317a-7f20-4d5a-a64e-757c6de2a578', '88cfede8-f76c-4c3e-8946-b4aad8580dcf', 'Project Cancelled', 'This project has been cancelled. Click to view project details.', 'general', true, NULL, '2025-04-02 06:55:08.934331+00', '/projects/bb16f46b-21e6-465f-88cf-b537357abc9e', true, 'warning'),
	('5f8efbcb-63cf-4486-8427-434b079896e2', 'b6ee0559-a406-4992-b621-9c5af015adce', 'Trusted Member Application Approved! 🎉', 'Congratulations! Your trusted member application has been approved. You can now create projects and organizations.', 'general', true, NULL, '2025-10-09 01:17:12.269114+00', '/home', true, 'success'),
	('dc79688a-9acf-4aaf-8b2a-5bbc2f9500e8', '2831cc06-c63e-4c5c-9413-e1226acfd23b', 'Trusted Member Application Approved! 🎉', 'Congratulations! Your trusted member application has been approved. You can now create projects and organizations.', 'general', true, NULL, '2026-01-21 04:13:09.196663+00', '/trusted-member', true, 'success'),
	('2dbceb39-d631-4402-8fb0-5d87c89a0fa2', 'b6ee0559-a406-4992-b621-9c5af015adce', 'Project Application Update', 'Your application to volunteer has been rejected', 'project_rejection', true, '{"signupId": "45456f50-1419-45f3-8a19-45fd23478b2e", "projectId": "99dd8fd0-588f-48bc-8dfc-4c7881f8b499"}', '2025-03-27 05:26:35.853428+00', '/projects/99dd8fd0-588f-48bc-8dfc-4c7881f8b499', true, 'warning'),
	('091e9f51-d744-4a9a-819f-453307faee69', 'b6ee0559-a406-4992-b621-9c5af015adce', 'Project Status', 'your application to "cool kids" was revoked', 'project_updates', true, NULL, '2025-03-30 06:47:22.002752+00', NULL, true, 'warning'),
	('11e7b3c4-c38f-4aac-9b2e-5344d15820e1', '72898b29-f4f5-4fa7-be22-440457b3c43f', 'Set Your Custom Username', 'Personalize your profile by setting a custom username in your account settings.', 'username_reminder', false, NULL, '2025-03-20 01:48:24.40877+00', '/account/profile', true, 'warning'),
	('828f4ca0-765d-441d-a78e-c5439d8ffa47', 'e90b335f-dd56-47a7-96c0-2ae511333f95', 'Account banned', 'Your account has been banned. Reason: just a test', 'general', true, NULL, '2026-03-04 19:42:47.365355+00', '/help', true, 'warning'),
	('3a6b142a-8e86-4017-9c8b-b4e72968c597', '88cfede8-f76c-4c3e-8946-b4aad8580dcf', 'Set Your Custom Username', 'Personalize your profile by setting a custom username in your account settings.', 'username_reminder', true, NULL, '2025-03-27 03:13:58.121478+00', '/account/profile', true, 'warning'),
	('7c3641dc-64a6-4723-8ceb-54a2ce931abf', 'fa5740b3-a762-47fb-aac5-9bcfb586d8cd', 'Trusted Member Application Approved! 🎉', 'Congratulations! Your trusted member application has been approved. You can now create projects and organizations.', 'general', false, NULL, '2026-01-22 01:07:32.71062+00', '/trusted-member', true, 'success'),
	('45bf79a5-8daa-4097-94e1-25929fd25e57', 'b6ee0559-a406-4992-b621-9c5af015adce', 'Project Application Update', 'Your application to volunteer has been rejected', 'project_rejection', true, '{"signupId": "7bf8722f-8805-409b-8726-8ac0fa929888", "projectId": "99dd8fd0-588f-48bc-8dfc-4c7881f8b499"}', '2025-03-27 03:35:20.190003+00', '/projects/99dd8fd0-588f-48bc-8dfc-4c7881f8b499', true, 'warning'),
	('98cc8895-4147-4799-a098-8e112019cdd3', '88cfede8-f76c-4c3e-8946-b4aad8580dcf', 'Project Application Update', 'Your application to volunteer has been rejected', 'project_rejection', true, '{"signupId": "e1542f90-17e6-4ce7-9aaf-af097ac0aa0c", "projectId": "99dd8fd0-588f-48bc-8dfc-4c7881f8b499"}', '2025-03-27 03:40:41.134083+00', '/projects/99dd8fd0-588f-48bc-8dfc-4c7881f8b499', true, 'warning'),
	('7b67369f-46b4-4bef-a648-67eb9371dc75', '88cfede8-f76c-4c3e-8946-b4aad8580dcf', 'Project Status Update', 'Your signup to volunteer for "the WAVE cleanup project" has been rejected', 'project_updates', true, '{"signupId": "2b6ef0f0-173d-4de0-b2ba-d5982d40f972", "projectId": "f7646b97-8418-434d-9f14-1872658d4e4d"}', '2025-04-10 06:23:45.022419+00', '/projects/f7646b97-8418-434d-9f14-1872658d4e4d', true, 'warning'),
	('ebed9c71-a0a7-447e-b364-1154e549beab', '88cfede8-f76c-4c3e-8946-b4aad8580dcf', 'Project Application Update', 'Your application to volunteer has been rejected', 'project_rejection', true, '{"signupId": "d0e92488-678a-4029-b80f-1c66e97a7da5", "projectId": "99dd8fd0-588f-48bc-8dfc-4c7881f8b499"}', '2025-03-27 03:59:12.042591+00', '/projects/99dd8fd0-588f-48bc-8dfc-4c7881f8b499', true, 'warning'),
	('c3f510fc-54b2-4ed3-b867-3e9e1f4e0f0a', '54941f39-c830-4842-a8df-34aa52fe47d1', 'Trusted Member Application Approved! 🎉', 'Congratulations! Your trusted member application has been approved. You can now create projects and organizations.', 'general', true, NULL, '2026-01-29 17:03:07.031557+00', '/trusted-member', false, 'success'),
	('99883def-563a-4cc1-882f-6324d02ff7e4', 'b6ee0559-a406-4992-b621-9c5af015adce', 'Project Status Update', 'Your signup to volunteer for "Pleasanton Community Garden Compost Building" has been rejected', 'project_updates', true, '{"signupId": "828dcd95-857c-4372-b174-d13358063b65", "projectId": "3f175ccd-9453-4286-b7c6-5eeb9699db6d"}', '2025-07-10 05:43:09.909661+00', '/projects/3f175ccd-9453-4286-b7c6-5eeb9699db6d', true, 'warning'),
	('67f0bff3-7cd6-4403-aae2-a468a3680c42', 'b6ee0559-a406-4992-b621-9c5af015adce', 'Project Application Update', 'Your application to volunteer has been rejected', 'project_rejection', true, '{"signupId": "49482ebe-360f-42a8-959a-c2cd2774e19c", "projectId": "34dc5482-233e-422e-889b-916ee78058bc"}', '2025-03-27 06:35:10.017623+00', '/projects/34dc5482-233e-422e-889b-916ee78058bc', true, 'warning'),
	('c546ba77-8b5f-4ae8-9ea8-39cc5a979455', '88cfede8-f76c-4c3e-8946-b4aad8580dcf', 'Project Application Update', 'Your application to volunteer has been rejected', 'project_rejection', true, '{"signupId": "a3e34494-7175-445f-8ccd-0395d37e4932", "projectId": "99dd8fd0-588f-48bc-8dfc-4c7881f8b499"}', '2025-03-27 04:26:46.444347+00', '/projects/99dd8fd0-588f-48bc-8dfc-4c7881f8b499', true, 'warning'),
	('38022f92-4e9f-49d9-9ea8-efecc0a2f41b', '88cfede8-f76c-4c3e-8946-b4aad8580dcf', 'Project Status Update', 'Your signup to volunteer for "asdf" has been rejected', 'project_rejection', true, '{"signupId": "f36cf042-906e-4f39-a018-5c189eb960dd", "projectId": "27d76ea8-2836-4af6-ab3e-14d16d69686e"}', '2025-04-01 05:59:04.973561+00', '/projects/27d76ea8-2836-4af6-ab3e-14d16d69686e', true, 'warning'),
	('eaa34c93-47cf-4a2a-bfc4-fd97c27cdd08', 'b6ee0559-a406-4992-b621-9c5af015adce', 'Project Status Update', 'Your signup to volunteer for "asdfasd" has been rejected', 'project_rejection', true, '{"signupId": "68af61c7-9d99-4c22-a591-0e1db7accec6", "projectId": "01cc694b-c361-4360-aca0-bcf374deef94"}', '2025-04-02 04:33:24.110885+00', '/projects/01cc694b-c361-4360-aca0-bcf374deef94', true, 'warning'),
	('cd19f55b-f042-4e43-b130-379d9c89761d', '88cfede8-f76c-4c3e-8946-b4aad8580dcf', 'Project Status Update', 'Your signup to volunteer for "asdfasd" has been rejected', 'project_updates', true, '{"signupId": "8f5e779e-781d-4319-a7a3-8d767b7849fb", "projectId": "01cc694b-c361-4360-aca0-bcf374deef94"}', '2025-04-02 06:23:34.723842+00', '/projects/01cc694b-c361-4360-aca0-bcf374deef94', true, 'warning'),
	('ca463bad-8f7d-4670-8b0d-1e3b4cccc3a3', 'b6ee0559-a406-4992-b621-9c5af015adce', 'Project Status Update', 'Your signup to volunteer for "asdfasd" has been rejected', 'project_updates', true, '{"signupId": "a6e0b737-640c-4507-b4d7-58936093468f", "projectId": "01cc694b-c361-4360-aca0-bcf374deef94"}', '2025-04-02 06:32:08.40317+00', '/projects/01cc694b-c361-4360-aca0-bcf374deef94', true, 'warning'),
	('cb69af2b-9925-4e9b-b7a5-1d1be7760ec2', 'b6ee0559-a406-4992-b621-9c5af015adce', 'Project Status Update', 'Your signup to volunteer for "asdfasd" has been rejected', 'project_updates', true, '{"signupId": "090d3eb5-765d-4c8e-9359-3d96b7c907cb", "projectId": "01cc694b-c361-4360-aca0-bcf374deef94"}', '2025-04-02 06:33:23.669175+00', '/projects/01cc694b-c361-4360-aca0-bcf374deef94', true, 'warning'),
	('e7bb527c-3a6e-4735-a5e2-f6834b0ab54c', 'b6ee0559-a406-4992-b621-9c5af015adce', 'Project Status Update', 'Your signup to volunteer for "asdfasd" has been rejected', 'project_updates', true, '{"signupId": "d5793d04-3fc1-43c0-a614-47a3846ff5e1", "projectId": "01cc694b-c361-4360-aca0-bcf374deef94"}', '2025-04-02 06:34:12.903416+00', '/projects/01cc694b-c361-4360-aca0-bcf374deef94', true, 'warning'),
	('711a1a30-0160-4c1d-a6cb-d35ba94bdab9', 'b6ee0559-a406-4992-b621-9c5af015adce', 'Project Status Update', 'Your signup to volunteer for "asdfasd" has been rejected', 'project_updates', true, '{"signupId": "ea2b683f-5c69-49dc-bb84-0501bb8901a3", "projectId": "01cc694b-c361-4360-aca0-bcf374deef94"}', '2025-04-02 06:35:01.421692+00', '/projects/01cc694b-c361-4360-aca0-bcf374deef94', true, 'warning'),
	('caca0e34-c79e-422e-8f7f-aa2949b00407', 'b6ee0559-a406-4992-b621-9c5af015adce', 'Project Status Update', 'Your signup to volunteer for "asdfasd" has been rejected', 'project_updates', true, '{"signupId": "ed767afc-55b1-4446-9125-8363586f3209", "projectId": "01cc694b-c361-4360-aca0-bcf374deef94"}', '2025-04-02 06:35:42.620527+00', '/projects/01cc694b-c361-4360-aca0-bcf374deef94', true, 'warning'),
	('d0ed9166-86a0-41b2-b3fe-d0ce48e385ab', '88cfede8-f76c-4c3e-8946-b4aad8580dcf', 'Project Cancelled', 'This project has been cancelled. Click to view project details.', 'general', true, NULL, '2025-04-02 06:55:08.734173+00', '/projects/bb16f46b-21e6-465f-88cf-b537357abc9e', true, 'warning'),
	('8aa678b8-2f1b-48c2-aac7-89fbfcc6ed4f', '88cfede8-f76c-4c3e-8946-b4aad8580dcf', 'New Volunteer Signup', 'Riddhiman Rana has signed up for your project "asdfasd" for April 4, 2025 at 09:00 - 17:00', 'project_updates', true, '{"projectId": "01cc694b-c361-4360-aca0-bcf374deef94"}', '2025-04-02 06:33:12.996873+00', '/projects/01cc694b-c361-4360-aca0-bcf374deef94/signups', true, 'success'),
	('e4123e39-a3f3-444c-b69a-097c2a82185b', '88cfede8-f76c-4c3e-8946-b4aad8580dcf', 'New Volunteer Signup', 'Riddhiman Rana has signed up for your project "asdfasd" for April 4, 2025 at 09:00 - 17:00', 'project_updates', true, '{"projectId": "01cc694b-c361-4360-aca0-bcf374deef94"}', '2025-04-02 06:34:07.250513+00', '/projects/01cc694b-c361-4360-aca0-bcf374deef94/signups', true, 'success'),
	('3111223f-1740-4740-a0f4-214b53ac80d3', '88cfede8-f76c-4c3e-8946-b4aad8580dcf', 'New Volunteer Signup', 'Riddhiman Rana has signed up for your project "asdfasd" for April 4, 2025 at 09:00 - 17:00', 'project_updates', true, '{"projectId": "01cc694b-c361-4360-aca0-bcf374deef94"}', '2025-04-02 06:34:57.237537+00', '/projects/01cc694b-c361-4360-aca0-bcf374deef94/signups', true, 'success'),
	('78b7cc64-7a36-4383-a516-44cb9837a7dd', '88cfede8-f76c-4c3e-8946-b4aad8580dcf', 'New Volunteer Signup', 'Riddhiman Rana has signed up for your project "asdfasd" for April 4, 2025 at 09:00 - 17:00', 'project_updates', true, '{"projectId": "01cc694b-c361-4360-aca0-bcf374deef94"}', '2025-04-02 06:35:39.975+00', '/projects/01cc694b-c361-4360-aca0-bcf374deef94/signups', true, 'success'),
	('c0991834-7059-4c62-9346-8b37826c5d36', '88cfede8-f76c-4c3e-8946-b4aad8580dcf', 'New Volunteer Signup', 'Riddhiman Rana has signed up for your project "asdfasd" for April 4, 2025 at 09:00 - 17:00', 'project_updates', true, '{"projectId": "01cc694b-c361-4360-aca0-bcf374deef94"}', '2025-04-02 06:38:34.625119+00', '/projects/01cc694b-c361-4360-aca0-bcf374deef94/signups', true, 'success'),
	('6d69dc9a-8b77-4d8d-ade3-e829b9875c15', '88cfede8-f76c-4c3e-8946-b4aad8580dcf', 'New Volunteer Signup', 'Riddhiman Rana has signed up for your project "asdfasd" for April 4, 2025 at 09:00 - 17:00', 'project_updates', true, '{"projectId": "01cc694b-c361-4360-aca0-bcf374deef94"}', '2025-04-02 06:46:52.28618+00', '/projects/01cc694b-c361-4360-aca0-bcf374deef94/signups', true, 'success'),
	('83453b95-c8fb-4480-97ef-1a600ad660bd', '88cfede8-f76c-4c3e-8946-b4aad8580dcf', 'Project Status Update', 'Your signup to volunteer for "asdfads" has been rejected', 'project_updates', true, '{"signupId": "4ea2d2a6-55d9-40c7-9c52-4a6a0afa0be5", "projectId": "b9756bbe-8ff6-4a37-bfc0-066c3ec6f1f0"}', '2025-04-02 18:42:12.504852+00', '/projects/b9756bbe-8ff6-4a37-bfc0-066c3ec6f1f0', true, 'warning'),
	('3a2248ce-cfeb-40ae-ae28-62b659626d65', '88cfede8-f76c-4c3e-8946-b4aad8580dcf', 'Project Status Update', 'Your signup to volunteer for "asdfads" has been rejected', 'project_updates', true, '{"signupId": "bcdac9db-e64b-450a-b996-a8297c86ed37", "projectId": "b9756bbe-8ff6-4a37-bfc0-066c3ec6f1f0"}', '2025-04-02 18:41:35.70327+00', '/projects/b9756bbe-8ff6-4a37-bfc0-066c3ec6f1f0', true, 'warning'),
	('91b92e6c-0a79-450d-a3eb-1471943d831f', '88cfede8-f76c-4c3e-8946-b4aad8580dcf', 'Project Status Update', 'The project "asdfads" which you signed up for has been cancelled.', 'project_updates', true, '{"signupId": "88cfede8-f76c-4c3e-8946-b4aad8580dcf", "projectId": "b9756bbe-8ff6-4a37-bfc0-066c3ec6f1f0"}', '2025-04-02 18:42:23.710785+00', '/projects/b9756bbe-8ff6-4a37-bfc0-066c3ec6f1f0', true, 'warning'),
	('d68bb498-3014-4df5-899c-7187924586aa', '88cfede8-f76c-4c3e-8946-b4aad8580dcf', 'Project Status Update', 'The project "asdfads" which you signed up for has been cancelled.', 'project_updates', true, '{"signupId": "88cfede8-f76c-4c3e-8946-b4aad8580dcf", "projectId": "b9756bbe-8ff6-4a37-bfc0-066c3ec6f1f0"}', '2025-04-02 18:42:23.930671+00', '/projects/b9756bbe-8ff6-4a37-bfc0-066c3ec6f1f0', true, 'warning'),
	('9d9854f2-c1e1-4761-b93d-1229fa546f1e', '88cfede8-f76c-4c3e-8946-b4aad8580dcf', 'Project Status Update', 'The project "asdfads" which you signed up for has been cancelled.', 'project_updates', true, '{"signupId": "88cfede8-f76c-4c3e-8946-b4aad8580dcf", "projectId": "b9756bbe-8ff6-4a37-bfc0-066c3ec6f1f0"}', '2025-04-02 18:42:24.090847+00', '/projects/b9756bbe-8ff6-4a37-bfc0-066c3ec6f1f0', true, 'warning'),
	('c534a315-74d4-466c-937a-eb64f397b637', 'b6ee0559-a406-4992-b621-9c5af015adce', 'Your Volunteer Hours Have Been Published! 🎉', 'Your volunteer certificate for "Eagle Project Test" is now available. You volunteered for 0 hours and 0 minutes.', 'project_updates', true, NULL, '2026-01-23 03:53:24.650944+00', '/certificates/f9d1a59b-66fe-4edf-93d0-7d62468314c0', true, 'success'),
	('bb1d41ac-910c-4c4e-ae26-96178a7b316a', 'b6ee0559-a406-4992-b621-9c5af015adce', 'Project Status Update', 'Your signup to volunteer for "ddd" has been rejected', 'project_updates', true, '{"signupId": "910722fc-112a-4725-ac79-165eaf19fe86", "projectId": "a07b32e7-1404-452e-820e-f77ba885d310"}', '2025-05-31 08:03:13.099539+00', '/projects/a07b32e7-1404-452e-820e-f77ba885d310', true, 'warning'),
	('e215a901-4b24-4c23-ae2f-c2598c28f1f6', '88cfede8-f76c-4c3e-8946-b4aad8580dcf', 'Project Status Update', 'Your signup to volunteer for "cool" has been rejected', 'project_updates', true, '{"signupId": "51165946-328e-4fb3-b8a5-3a4801b796fe", "projectId": "5b881f61-322c-4cdb-9fa5-26fa3a880493"}', '2025-04-06 20:01:21.708944+00', '/projects/5b881f61-322c-4cdb-9fa5-26fa3a880493', true, 'warning'),
	('d4d2513c-5c32-4aff-8e46-65e0cfeea2ed', '88cfede8-f76c-4c3e-8946-b4aad8580dcf', 'Project Status Update', 'Your signup to volunteer for "DVHS Nature Walk" has been rejected', 'project_updates', true, '{"signupId": "e5d6716e-c122-4c7c-8d7d-56edf22f27ae", "projectId": "54807316-b92e-48d5-a6d3-dd279cf3a643"}', '2025-04-11 04:17:57.241689+00', '/projects/54807316-b92e-48d5-a6d3-dd279cf3a643', true, 'warning'),
	('7d830230-78fa-4dcb-8e34-a13eda949697', '88cfede8-f76c-4c3e-8946-b4aad8580dcf', 'Project Cancelled', 'The project "DVHS Nature Walk" which you signed up for has been cancelled.', 'project_updates', true, '{"signupId": "88cfede8-f76c-4c3e-8946-b4aad8580dcf", "projectId": "54807316-b92e-48d5-a6d3-dd279cf3a643"}', '2025-04-12 00:58:06.992169+00', '/projects/54807316-b92e-48d5-a6d3-dd279cf3a643', true, 'warning'),
	('e54c7eeb-de51-48aa-9f51-1322c37e609a', '88cfede8-f76c-4c3e-8946-b4aad8580dcf', 'Project Cancelled', 'The project "DVHS Nature Walk" which you signed up for has been cancelled.', 'project_updates', true, '{"signupId": "88cfede8-f76c-4c3e-8946-b4aad8580dcf", "projectId": "54807316-b92e-48d5-a6d3-dd279cf3a643"}', '2025-04-12 00:58:07.357592+00', '/projects/54807316-b92e-48d5-a6d3-dd279cf3a643', true, 'warning'),
	('6b2dc080-104c-4c0f-a227-95fc12e82284', '4c3a7e51-f319-48a7-b161-ebaf9afa054e', 'Trusted Member Application Approved! 🎉', 'Congratulations! Your trusted member application has been approved. You can now create projects and organizations.', 'general', false, NULL, '2025-10-20 07:09:16.963676+00', '/trusted-member', false, 'success'),
	('b0fc0a0b-999f-4ae5-83ce-04951442da14', '7062f213-c560-41db-891f-be8f24044eba', 'Trusted Member Application Approved! 🎉', 'Congratulations! Your trusted member application has been approved. You can now create projects and organizations.', 'general', true, NULL, '2025-10-20 07:12:00.382342+00', '/trusted-member', false, 'success'),
	('0addefdf-c19a-4d54-8d44-87b548a37d8c', '88cfede8-f76c-4c3e-8946-b4aad8580dcf', 'Trusted Member Application Approved! 🎉', 'Congratulations! Your trusted member application has been approved. You can now create projects and organizations.', 'general', true, NULL, '2025-10-22 03:43:00.042826+00', '/trusted-member', true, 'success'),
	('ac6e37b3-42f9-4bbf-9153-0ce9b07874ae', 'b6ee0559-a406-4992-b621-9c5af015adce', 'Your Volunteer Hours Have Been Published! 🎉', 'Your volunteer certificate for "After-school OrganizationORGANIZATION.org" is now available. You volunteered for 0 hours and 1 minutes.', 'project_updates', true, NULL, '2025-10-23 23:38:03.574828+00', '/certificates/9d2bc17f-61b2-41e7-8e69-c83d761d3c5e', true, 'success'),
	('a7b29900-10a0-4ea5-8ae9-87b78570bac0', '1982b385-1257-49a5-8dbf-9f49df309e25', 'Trusted Member Application Approved! 🎉', 'Congratulations! Your trusted member application has been approved. You can now create projects and organizations.', 'general', false, NULL, '2025-11-24 03:12:24.282058+00', '/trusted-member', false, 'success'),
	('ef62fa02-ddec-49fe-8096-4a7438710ba2', '1982b385-1257-49a5-8dbf-9f49df309e25', 'Trusted Member Application Update', 'Thank you for your interest in becoming a trusted member. Unfortunately, your application was not approved at this time. Please contact support for more information.', 'general', false, NULL, '2025-11-24 03:12:26.517135+00', '/trusted-member', false, 'warning'),
	('e5c9401d-1f85-4848-9821-bb378afc5a84', '1982b385-1257-49a5-8dbf-9f49df309e25', 'Trusted Member Application Approved! 🎉', 'Congratulations! Your trusted member application has been approved. You can now create projects and organizations.', 'general', false, NULL, '2025-11-24 03:12:28.4422+00', '/trusted-member', false, 'success'),
	('7f181440-3bcb-49f3-b716-3a51e3d959b5', '7062f213-c560-41db-891f-be8f24044eba', 'Trusted Member Application Update', 'Thank you for your interest in becoming a trusted member. Unfortunately, your application was not approved at this time. Please contact support for more information.', 'general', false, NULL, '2025-11-24 03:12:45.0827+00', '/trusted-member', false, 'warning'),
	('a26b9f5b-101e-4582-9615-1223eed160e3', '1982b385-1257-49a5-8dbf-9f49df309e25', 'Trusted Member Application Update', 'Thank you for your interest in becoming a trusted member. Unfortunately, your application was not approved at this time. Please contact support for more information.', 'general', false, NULL, '2025-11-24 04:01:49.702873+00', '/trusted-member', false, 'warning'),
	('bed4373b-3f96-414d-8612-c5311fe433f0', 'be436566-98c1-4a7b-abc0-0e7e2365dfca', 'Trusted Member Application Approved! 🎉', 'Congratulations! Your trusted member application has been approved. You can now create projects and organizations.', 'general', false, NULL, '2026-01-14 16:46:25.104842+00', '/trusted-member', false, 'success'),
	('56678bfe-9cf2-46d9-9bd2-9c278e731d2a', 'e90b335f-dd56-47a7-96c0-2ae511333f95', 'Account access restored', 'Your account access has been restored. You can now sign in again.', 'general', true, NULL, '2026-03-07 07:50:03.805793+00', '/help', false, 'success'),
	('af2ec6da-190b-4c81-bb15-904c8d3f4e8a', 'f26cf1a2-b0d5-4069-a30a-a75a209b6888', 'Trusted Member Application Update', 'Thank you for your interest in becoming a trusted member. Unfortunately, your application was not approved at this time. Please contact support for more information.', 'general', true, NULL, '2025-12-25 18:06:20.735234+00', '/trusted-member', false, 'warning'),
	('363a6278-daaa-4ed6-b9d5-8a7f75a94969', 'd56bb46c-e544-40c7-9508-3e58f60a8cb0', 'Trusted Member Application Approved! 🎉', 'Congratulations! Your trusted member application has been approved. You can now create projects and organizations.', 'general', false, NULL, '2026-01-07 03:18:18.448585+00', '/trusted-member', false, 'success'),
	('e1a745a5-1f1e-4861-9e07-cce57e63e374', 'b6ee0559-a406-4992-b621-9c5af015adce', 'Update on your report', 'asdf', 'general', true, NULL, '2025-11-24 05:41:34.888667+00', '/help', true, 'info'),
	('2e7c3e20-2ec4-4a11-a003-33ca93d88a78', 'b6ee0559-a406-4992-b621-9c5af015adce', 'Update on your report', 'skibidi', 'general', true, NULL, '2025-11-24 06:40:38.624612+00', '/help', true, 'info'),
	('813bb08e-1a23-4e72-b147-c76ec3508e54', 'b6ee0559-a406-4992-b621-9c5af015adce', 'Update on your report', 'awesome!', 'general', true, '{"status": "resolved", "message": "awesome!", "reportId": "ed869a45-ae4e-4c1f-812f-358a0456c09d", "modalType": "report-feedback", "resolvedAt": "2025-11-24T07:07:41.708Z"}', '2025-11-24 07:07:42.91405+00', NULL, true, 'info'),
	('96893155-4211-486c-a7a1-f8f82cc6286c', 'b6ee0559-a406-4992-b621-9c5af015adce', 'Update on your project', 'We issued a warning about your project “test”. Reason: Please update this content to meet our community guidelines.', 'general', true, '{"kind": "moderation_action", "action": "warn_user", "contentId": "80936022-669b-4b8b-83c2-e335c51ca0f8", "contentType": "project"}', '2026-01-28 05:43:45.587786+00', 'http://localhost:3000/projects/80936022-669b-4b8b-83c2-e335c51ca0f8', true, 'warning'),
	('8ee4183d-04c0-4f65-bb2e-42bb7f6773aa', 'f26cf1a2-b0d5-4069-a30a-a75a209b6888', 'Trusted Member Application Update', 'Thank you for your interest in becoming a trusted member. Unfortunately, your application was not approved at this time. Please contact support for more information.', 'general', true, NULL, '2025-12-15 16:19:23.317798+00', '/trusted-member', true, 'warning'),
	('e003beee-da14-478f-ab4d-964ad86026f4', 'f26cf1a2-b0d5-4069-a30a-a75a209b6888', 'Trusted Member Application Approved! 🎉', 'Congratulations! Your trusted member application has been approved. You can now create projects and organizations.', 'general', true, NULL, '2025-12-15 16:19:28.245107+00', '/trusted-member', true, 'success'),
	('b8eeaba5-c92a-4d21-a025-0836a670d9bf', 'be5c0095-6171-4843-ad43-b2a890d8d45e', 'Trusted Member Application Approved! 🎉', 'Congratulations! Your trusted member application has been approved. You can now create projects and organizations.', 'general', true, NULL, '2025-10-20 07:09:14.896921+00', '/trusted-member', true, 'success'),
	('2cfba87e-719c-43eb-903b-cb416c7b5860', '7041d86d-9783-48b6-a01e-819b1870334a', 'Project Status Update', 'Your signup to volunteer for "Competitive Programming" has been rejected', 'project_updates', true, '{"signupId": "0aca0287-9654-41c9-8644-d737e3b667a5", "projectId": "41b76012-2402-4bfb-b0ba-f0af1ef85bb3"}', '2026-01-07 04:02:34.961365+00', '/projects/41b76012-2402-4bfb-b0ba-f0af1ef85bb3', true, 'warning'),
	('b21ba279-8d84-4ca5-8779-716a3f30defa', '7041d86d-9783-48b6-a01e-819b1870334a', 'Project Cancelled', 'The project "Competitive Programming" which you signed up for has been cancelled.', 'project_updates', false, '{"signupId": "7041d86d-9783-48b6-a01e-819b1870334a", "projectId": "41b76012-2402-4bfb-b0ba-f0af1ef85bb3"}', '2026-01-07 04:33:37.145832+00', '/projects/41b76012-2402-4bfb-b0ba-f0af1ef85bb3', false, 'warning'),
	('1482e729-6efb-498e-a0e1-38d1ff2bc67f', 'b6ee0559-a406-4992-b621-9c5af015adce', 'Your Volunteer Hours Have Been Published! 🎉', 'Your volunteer certificate for "Nick Maehr Eagle Project - Helping Knights of Columbus" is now available. You volunteered for 2 hours and 26 minutes.', 'project_updates', true, NULL, '2026-01-13 22:26:30.530078+00', '/certificates/fbe053a1-f921-4ed4-a946-3720516e5d2b', true, 'success'),
	('1acf7145-98d1-4df1-a187-9fdb1c6fc0f8', 'b6ee0559-a406-4992-b621-9c5af015adce', '📋 New user reports', 'spam (project) report submitted. Please review in the admin dashboard.', 'general', true, '{"count": 1, "items": ["spam (project)"], "latest": "spam (project)", "batchKey": "content_report:normal", "lastEvent": {"type": "content_report", "reason": "spam", "priority": "normal", "reportId": "c025def5-a141-4d06-8706-f7a7dfb2cbf8", "occurredAt": "2026-01-16T06:06:15.486Z", "contentType": "project"}, "lastEventAt": "2026-01-16T06:06:15.486Z", "firstEventAt": "2026-01-16T06:06:15.486Z"}', '2026-01-16 06:06:33.615868+00', '/admin?tab=reports', true, 'info'),
	('5ab4109f-9de0-4974-90a8-27ea9b7ab66e', 'b6ee0559-a406-4992-b621-9c5af015adce', '✨ New trusted member applications', 'Riddhiman Rana (ridz.techtube@gmail.com) has applied to become a trusted member. Please review their application.', 'general', true, '{"count": 1, "items": ["Riddhiman Rana (ridz.techtube@gmail.com)"], "latest": "Riddhiman Rana (ridz.techtube@gmail.com)", "batchKey": "trusted_member_application", "lastEvent": {"type": "trusted_member_application", "occurredAt": "2026-01-16T05:55:31.770Z", "applicantName": "Riddhiman Rana", "applicationId": "e90b335f-dd56-47a7-96c0-2ae511333f95", "applicantEmail": "ridz.techtube@gmail.com"}, "lastEventAt": "2026-01-16T05:55:31.770Z", "firstEventAt": "2026-01-16T05:55:31.770Z"}', '2026-01-16 05:55:31.802046+00', '/admin?tab=trusted-members', true, 'info'),
	('c7b936a5-b030-4592-a122-3d5a6aea7a8a', 'b6ee0559-a406-4992-b621-9c5af015adce', '🚨 High-confidence content flags', 'spam (project) has been flagged. Please review.', 'general', true, '{"count": 1, "items": ["spam (project)"], "latest": "spam (project)", "batchKey": "flagged_content:spam", "lastEvent": {"type": "flagged_content", "flagType": "spam", "contentId": "80936022-669b-4b8b-83c2-e335c51ca0f8", "occurredAt": "2026-01-16T06:39:11.604Z", "contentType": "project", "confidenceScore": 0.9}, "lastEventAt": "2026-01-16T06:39:11.604Z", "firstEventAt": "2026-01-16T06:39:11.604Z"}', '2026-01-16 06:39:11.686869+00', '/admin?tab=flagged', true, 'warning'),
	('15b2eca5-782e-4e0a-b412-33e5ec7fa8f3', 'b6ee0559-a406-4992-b621-9c5af015adce', 'Update on your project', 'We removed your project “test”. Reason: The project is a clear spam placeholder that misled a user into a nonexistent meeting, warranting removal to maintain platform quality.', 'general', true, '{"kind": "moderation_action", "action": "remove_content", "contentId": "992127a8-5fdc-4f49-b0c7-00470cdb1a8b", "contentType": "project"}', '2026-01-16 07:10:42.245693+00', 'http://localhost:3000/projects/992127a8-5fdc-4f49-b0c7-00470cdb1a8b', true, 'warning'),
	('ef47d358-69ab-4b84-9e2c-71a0e231b975', 'b6ee0559-a406-4992-b621-9c5af015adce', 'Update on your project', 'We issued a warning about your project “test”. Reason: Please update this content to meet our community guidelines.', 'general', true, '{"kind": "moderation_action", "action": "warn_user", "contentId": "992127a8-5fdc-4f49-b0c7-00470cdb1a8b", "contentType": "project"}', '2026-01-16 07:30:05.33088+00', 'https://dev.lets-assist.com/projects/992127a8-5fdc-4f49-b0c7-00470cdb1a8b', true, 'warning'),
	('743b8896-d443-427e-982b-4555cf2e4534', '82d3edc5-82ba-4554-8063-d325c24406e5', 'Trusted Member Application Approved! 🎉', 'Congratulations! Your trusted member application has been approved. You can now create projects and organizations.', 'general', true, NULL, '2026-01-17 00:26:00.171723+00', '/trusted-member', true, 'success'),
	('d0408188-797c-4f0b-9bea-71d486c0bb1d', 'b6ee0559-a406-4992-b621-9c5af015adce', '✨ New trusted member applications', 'Anay Gandhi (anaygandhi10@gmail.com) has applied to become a trusted member. Please review their application.', 'general', true, '{"count": 1, "items": ["Anay Gandhi (anaygandhi10@gmail.com)"], "latest": "Anay Gandhi (anaygandhi10@gmail.com)", "batchKey": "trusted_member_application", "lastEvent": {"type": "trusted_member_application", "occurredAt": "2026-01-17T00:25:52.189Z", "applicantName": "Anay Gandhi", "applicationId": "82d3edc5-82ba-4554-8063-d325c24406e5", "applicantEmail": "anaygandhi10@gmail.com"}, "lastEventAt": "2026-01-17T00:25:52.189Z", "firstEventAt": "2026-01-17T00:25:52.189Z"}', '2026-01-17 00:25:52.215745+00', '/admin?tab=trusted-members', true, 'info'),
	('2a4a2a3d-7157-4b22-a9f9-b924fc7efffb', 'b6ee0559-a406-4992-b621-9c5af015adce', 'New trusted member applications', 'Riddhiman Rana (ranariddhiman@troop941.org) has applied to become a trusted member. Please review their application.', 'general', true, '{"count": 1, "items": ["Riddhiman Rana (ranariddhiman@troop941.org)"], "latest": "Riddhiman Rana (ranariddhiman@troop941.org)", "batchKey": "trusted_member_application", "lastEvent": {"type": "trusted_member_application", "occurredAt": "2026-01-21T03:05:02.841Z", "applicantName": "Riddhiman Rana", "applicationId": "99bc526b-dfbb-420f-8b3d-f0ee71158389", "applicantEmail": "ranariddhiman@troop941.org"}, "lastEventAt": "2026-01-21T03:05:02.841Z", "firstEventAt": "2026-01-21T03:05:02.841Z"}', '2026-01-21 03:05:02.876906+00', '/admin?tab=trusted-members', true, 'info'),
	('2a3c5a03-3df6-488b-8165-9b4eeaf61c62', 'b6ee0559-a406-4992-b621-9c5af015adce', 'New trusted member applications', 'Nithilan Krishnakumar (krishnakumarnithilan@troop941.org) has applied to become a trusted member. Please review their application.', 'general', true, '{"count": 1, "items": ["Nithilan Krishnakumar (krishnakumarnithilan@troop941.org)"], "latest": "Nithilan Krishnakumar (krishnakumarnithilan@troop941.org)", "batchKey": "trusted_member_application", "lastEvent": {"type": "trusted_member_application", "occurredAt": "2026-01-21T04:13:01.759Z", "applicantName": "Nithilan Krishnakumar", "applicationId": "2831cc06-c63e-4c5c-9413-e1226acfd23b", "applicantEmail": "krishnakumarnithilan@troop941.org"}, "lastEventAt": "2026-01-21T04:13:01.759Z", "firstEventAt": "2026-01-21T04:13:01.759Z"}', '2026-01-21 04:13:01.777306+00', '/admin?tab=trusted-members', true, 'info'),
	('8f1e4d54-aba5-4ea1-a282-9ee9c4fc3df5', 'b6ee0559-a406-4992-b621-9c5af015adce', 'New trusted member applications', 'E2E TM Applicant (jdrb4l@virgilian.com) has applied to become a trusted member. Please review their application.', 'general', true, '{"count": 1, "items": ["E2E TM Applicant (jdrb4l@virgilian.com)"], "latest": "E2E TM Applicant (jdrb4l@virgilian.com)", "batchKey": "trusted_member_application", "lastEvent": {"type": "trusted_member_application", "occurredAt": "2026-01-22T01:06:04.862Z", "applicantName": "E2E TM Applicant", "applicationId": "fa5740b3-a762-47fb-aac5-9bcfb586d8cd", "applicantEmail": "jdrb4l@virgilian.com"}, "lastEventAt": "2026-01-22T01:06:04.862Z", "firstEventAt": "2026-01-22T01:06:04.862Z"}', '2026-01-22 01:06:04.908674+00', '/admin?tab=trusted-members', true, 'info'),
	('9a5be974-692c-4812-b387-d6469a69fcf8', 'b6ee0559-a406-4992-b621-9c5af015adce', 'Update on your project', 'We issued a warning about your project “test”. Reason: Please update this content to meet our community guidelines.', 'general', true, '{"kind": "moderation_action", "action": "warn_user", "contentId": "80936022-669b-4b8b-83c2-e335c51ca0f8", "contentType": "project"}', '2026-01-28 05:43:48.093892+00', 'http://localhost:3000/projects/80936022-669b-4b8b-83c2-e335c51ca0f8', true, 'warning'),
	('e865e2e6-880b-4fbc-abec-415d0ad979a2', 'b6ee0559-a406-4992-b621-9c5af015adce', 'New trusted member applications', 'Let''s Assist (admin@lets-assist.com) has applied to become a trusted member. Please review their application.', 'general', true, '{"count": 1, "items": ["Let''s Assist (admin@lets-assist.com)"], "latest": "Let''s Assist (admin@lets-assist.com)", "batchKey": "trusted_member_application", "lastEvent": {"type": "trusted_member_application", "occurredAt": "2026-01-29T08:31:04.738Z", "applicantName": "Let''s Assist", "applicationId": "54941f39-c830-4842-a8df-34aa52fe47d1", "applicantEmail": "admin@lets-assist.com"}, "lastEventAt": "2026-01-29T08:31:04.738Z", "firstEventAt": "2026-01-29T08:31:04.738Z"}', '2026-01-29 08:31:04.75764+00', '/admin?tab=trusted-members', true, 'info'),
	('7dcd5a9a-e19b-40b5-8e2d-4f00f6a21435', 'b6ee0559-a406-4992-b621-9c5af015adce', 'Yep', 'This was very successful!', 'general', true, NULL, '2026-03-02 03:05:02.76507+00', NULL, true, 'success'),
	('2477e870-67d4-4dbf-b6d4-0f847d5b018e', '54941f39-c830-4842-a8df-34aa52fe47d1', 'Trusted Member Application Update', 'Thank you for your interest in becoming a trusted member. Unfortunately, your application was not approved at this time. Please contact support for more information.', 'general', true, NULL, '2026-01-29 17:03:54.186561+00', '/trusted-member', false, 'warning'),
	('1c0b612a-16d8-4d55-9b91-777627a08e48', '54941f39-c830-4842-a8df-34aa52fe47d1', 'Trusted Member Application Approved! 🎉', 'Congratulations! Your trusted member application has been approved. You can now create projects and organizations.', 'general', true, NULL, '2026-01-29 17:05:46.728345+00', '/trusted-member', false, 'success'),
	('1d3fc42e-c217-4e3d-910c-67f689776cf6', '712538fa-4214-4545-9888-37d930993f65', 'Trusted Member Application Update', 'Thank you for your interest in becoming a trusted member. Unfortunately, your application was not approved at this time. Please contact support for more information.', 'general', true, NULL, '2025-11-21 05:49:55.705875+00', '/trusted-member', true, 'warning'),
	('915d3517-af58-4d54-91d5-b7c6b7241778', '54941f39-c830-4842-a8df-34aa52fe47d1', 'Trusted Member Application Update', 'Thank you for your interest in becoming a trusted member. Unfortunately, your application was not approved at this time. Please contact support for more information.', 'general', true, NULL, '2026-01-30 21:41:17.476303+00', '/trusted-member', true, 'warning'),
	('47df8e2e-21ea-4e0f-8b75-e632f837128d', 'b6ee0559-a406-4992-b621-9c5af015adce', 'New trusted member applications', 'Minu Basu (mbasu@srvusd.net) has applied to become a trusted member. Please review their application.', 'general', true, '{"count": 1, "items": ["Minu Basu (mbasu@srvusd.net)"], "latest": "Minu Basu (mbasu@srvusd.net)", "batchKey": "trusted_member_application", "lastEvent": {"type": "trusted_member_application", "occurredAt": "2026-02-01T02:51:57.262Z", "applicantName": "Minu Basu", "applicationId": "e9c7b7eb-e47a-4951-8444-475c3f7057b9", "applicantEmail": "mbasu@srvusd.net"}, "lastEventAt": "2026-02-01T02:51:57.262Z", "firstEventAt": "2026-02-01T02:51:57.262Z"}', '2026-02-01 02:51:57.280978+00', '/admin?tab=trusted-members', true, 'info'),
	('ba675d93-809a-4ffe-9f87-a8f40abf86d5', '54941f39-c830-4842-a8df-34aa52fe47d1', 'Trusted Member Application Approved! 🎉', 'Congratulations! Your trusted member application has been approved. You can now create projects and organizations.', 'general', false, NULL, '2026-02-01 07:28:16.568999+00', '/trusted-member', false, 'success'),
	('eba37cd6-bd05-4ed9-8315-54997890039d', 'b6ee0559-a406-4992-b621-9c5af015adce', 'Congrats!', 'wat', 'general', true, NULL, '2026-02-02 19:20:10.240106+00', NULL, true, 'success'),
	('26929686-9ec7-49c2-bf40-f4815e651a99', 'b6ee0559-a406-4992-b621-9c5af015adce', 'last warning lil bro', 'im sry', 'general', true, NULL, '2026-02-02 19:20:21.108512+00', NULL, true, 'warning'),
	('a9d8b60b-6d7c-45f7-8105-7370f00d3d06', 'b6ee0559-a406-4992-b621-9c5af015adce', 'alr its wraps pack it up', 'system test', 'general', true, NULL, '2026-02-02 19:20:43.27817+00', NULL, true, 'info'),
	('8cee04b0-1463-4383-86c6-add9a8c4ac1b', '82d3edc5-82ba-4554-8063-d325c24406e5', 'Organization verified', 'Your organization "Edutine Contra Costa" is now verified.', 'general', false, NULL, '2026-03-01 07:50:01.961606+00', '/organization/edutinecontracosta', false, 'success'),
	('71c80ac8-0ff0-4bfd-af41-0ca856b73d58', 'b6ee0559-a406-4992-b621-9c5af015adce', 'New trusted member applications', 'Test Account (q6oiu@virgilian.com) has applied to become a trusted member. Please review their application.', 'general', true, '{"count": 1, "items": ["Test Account (q6oiu@virgilian.com)"], "latest": "Test Account (q6oiu@virgilian.com)", "batchKey": "trusted_member_application", "lastEvent": {"type": "trusted_member_application", "occurredAt": "2026-01-29T02:44:33.842Z", "applicantName": "Test Account", "applicationId": "ebde38f5-37b2-46c1-b7e8-87f1c36ccbc2", "applicantEmail": "q6oiu@virgilian.com"}, "lastEventAt": "2026-01-29T02:44:33.842Z", "firstEventAt": "2026-01-29T02:44:33.842Z"}', '2026-01-29 02:44:33.875585+00', '/admin?tab=trusted-members', true, 'info'),
	('e62086de-c984-4a29-88e5-1a58ec544b31', 'b6ee0559-a406-4992-b621-9c5af015adce', 'New user reports', 'misinformation (project) report submitted. Please review in the admin dashboard.', 'general', true, '{"count": 1, "items": ["misinformation (project)"], "latest": "misinformation (project)", "batchKey": "content_report:normal", "lastEvent": {"type": "content_report", "reason": "misinformation", "priority": "normal", "reportId": "e3ea1da0-814f-4f7e-b36c-62707886bda8", "occurredAt": "2026-03-02T04:55:32.960Z", "contentType": "project"}, "lastEventAt": "2026-03-02T04:55:32.960Z", "firstEventAt": "2026-03-02T04:55:32.960Z"}', '2026-03-02 04:55:33.007748+00', '/admin?tab=reports', true, 'info'),
	('c3ce4733-d5a9-485d-98a9-9fa571f2486c', 'b6ee0559-a406-4992-b621-9c5af015adce', 'New user reports', 'spam (project) report submitted. Please review in the admin dashboard.', 'general', true, '{"count": 1, "items": ["spam (project)"], "latest": "spam (project)", "batchKey": "content_report:normal", "lastEvent": {"type": "content_report", "reason": "spam", "priority": "normal", "reportId": "6d7f49a0-6f41-4413-8dfc-04add77f216c", "occurredAt": "2026-03-07T08:07:08.806Z", "contentType": "project"}, "lastEventAt": "2026-03-07T08:07:08.806Z", "firstEventAt": "2026-03-07T08:07:08.806Z"}', '2026-03-07 08:07:08.901966+00', '/admin?tab=reports', false, 'info'),
	('433633ef-e48c-4d5a-96fc-c5a867d3aae9', 'b6ee0559-a406-4992-b621-9c5af015adce', 'Update on your report', 'Your report about project “Nick Maehr Eagle Project - Helping Knights of Columbus” has been resolved.', 'general', true, '{"kind": "moderation_report_update", "notes": "Resolved via moderation dashboard", "reason": "misinformation", "status": "resolved", "reportId": "e3ea1da0-814f-4f7e-b36c-62707886bda8"}', '2026-03-02 18:41:40.855526+00', 'https://lets-assist.com/projects/5615342c-2add-4855-8701-f92a2552f680', true, 'info'),
	('d817cab0-23ab-4b5e-8110-fc9f24f1137d', 'b6ee0559-a406-4992-b621-9c5af015adce', 'Trusted Member Application Update', 'Thank you for your interest in becoming a trusted member. Unfortunately, your application was not approved at this time. Please contact support for more information.', 'general', true, NULL, '2026-02-07 02:51:53.714122+00', '/trusted-member', true, 'warning'),
	('a7e876e5-3714-4a52-934a-0f5d65affbf1', 'b6ee0559-a406-4992-b621-9c5af015adce', 'New trusted member applications', 'Joseph Jacobs (jacobsjoseph377@gmail.com) has applied to become a trusted member. Please review their application.', 'general', true, '{"count": 1, "items": ["Joseph Jacobs (jacobsjoseph377@gmail.com)"], "latest": "Joseph Jacobs (jacobsjoseph377@gmail.com)", "batchKey": "trusted_member_application", "lastEvent": {"type": "trusted_member_application", "occurredAt": "2026-03-08T08:20:30.055Z", "applicantName": "Joseph Jacobs", "applicationId": "63812735-3c32-4e5f-8aaf-eaf032c0fa29", "applicantEmail": "jacobsjoseph377@gmail.com"}, "lastEventAt": "2026-03-08T08:20:30.055Z", "firstEventAt": "2026-03-08T08:20:30.055Z"}', '2026-03-08 08:20:30.105546+00', '/admin?tab=trusted-members', false, 'info'),
	('bcb9a61d-0287-4496-a33f-a4cf82c75f77', 'b6ee0559-a406-4992-b621-9c5af015adce', 'Trusted Member Application Approved! 🎉', 'Congratulations! Your trusted member application has been approved. You can now create projects and organizations.', 'general', true, NULL, '2026-02-07 02:52:15.395325+00', '/trusted-member', true, 'success'),
	('8fb5e5e1-f04b-4558-9d0e-1c0e9edd460a', 'e9c7b7eb-e47a-4951-8444-475c3f7057b9', 'Trusted Member Application Approved! 🎉', 'Congratulations! Your trusted member application has been approved. You can now create projects and organizations.', 'general', false, NULL, '2026-02-02 02:54:31.190993+00', '/trusted-member', false, 'success'),
	('b48c1ab5-f1ed-48f6-b87a-e552d3f201ee', 'ebde38f5-37b2-46c1-b7e8-87f1c36ccbc2', 'Trusted Member Application Update', 'Thank you for your interest in becoming a trusted member. Unfortunately, your application was not approved at this time. Please contact support for more information.', 'general', false, NULL, '2026-02-02 02:54:41.772343+00', '/trusted-member', false, 'warning'),
	('10cfda57-5f8f-48e6-8303-4b13ade0c6ff', 'fa5740b3-a762-47fb-aac5-9bcfb586d8cd', 'Trusted Member Application Update', 'Thank you for your interest in becoming a trusted member. Unfortunately, your application was not approved at this time. Please contact support for more information.', 'general', false, NULL, '2026-02-02 02:54:46.081823+00', '/trusted-member', false, 'warning'),
	('2a8e7846-13d3-4c3a-85ba-070d43815eee', 'e90b335f-dd56-47a7-96c0-2ae511333f95', 'Your Volunteer Hours Have Been Published! 🎉', 'Your volunteer certificate for "Knights of Columbus Volunteer Project" is now available. You volunteered for 1 hours and 0 minutes.', 'project_updates', true, NULL, '2026-01-20 04:50:42.68501+00', '/certificates/6ffe7b6a-8ead-4125-8872-f0dbe830e0bb', false, 'success'),
	('e5442ddd-bb56-49fc-ae97-8658529f4f98', 'b6ee0559-a406-4992-b621-9c5af015adce', 'New trusted member applications', 'Alicia Gholami (aliciagholami@gmail.com) has applied to become a trusted member. Please review their application.', 'general', true, '{"count": 1, "items": ["Alicia Gholami (aliciagholami@gmail.com)"], "latest": "Alicia Gholami (aliciagholami@gmail.com)", "batchKey": "trusted_member_application", "lastEvent": {"type": "trusted_member_application", "occurredAt": "2026-02-05T03:54:14.176Z", "applicantName": "Alicia Gholami", "applicationId": "abd8b49e-8f81-49f5-8fee-c930a3f365ba", "applicantEmail": "aliciagholami@gmail.com"}, "lastEventAt": "2026-02-05T03:54:14.176Z", "firstEventAt": "2026-02-05T03:54:14.176Z"}', '2026-02-05 03:54:14.197083+00', '/admin?tab=trusted-members', false, 'info'),
	('5a4bfd66-5712-4d9c-bf47-a7d32cfc39c4', 'abd8b49e-8f81-49f5-8fee-c930a3f365ba', 'Trusted Member Application Approved! 🎉', 'Congratulations! Your trusted member application has been approved. You can now create projects and organizations.', 'general', false, NULL, '2026-02-07 02:47:26.300485+00', '/trusted-member', false, 'success'),
	('0ad6ae9e-e882-4d2f-b3f8-329adb4dcad5', 'ec320402-3ee3-48d4-ae3b-56646960c0bf', 'Trusted Member Application Approved! 🎉', 'Congratulations! Your trusted member application has been approved. You can now create projects and organizations.', 'general', false, NULL, '2026-02-09 23:23:00.92487+00', '/trusted-member', true, 'success'),
	('b2e10a2f-505d-49ae-89de-19de6f4de783', 'b6ee0559-a406-4992-b621-9c5af015adce', 'New trusted member applications', 'Scott Gerbert (gerbert.scott@gmail.com) has applied to become a trusted member. Please review their application.', 'general', true, '{"count": 1, "items": ["Scott Gerbert (gerbert.scott@gmail.com)"], "latest": "Scott Gerbert (gerbert.scott@gmail.com)", "batchKey": "trusted_member_application", "lastEvent": {"type": "trusted_member_application", "occurredAt": "2026-02-09T23:22:52.890Z", "applicantName": "Scott Gerbert", "applicationId": "ec320402-3ee3-48d4-ae3b-56646960c0bf", "applicantEmail": "gerbert.scott@gmail.com"}, "lastEventAt": "2026-02-09T23:22:52.890Z", "firstEventAt": "2026-02-09T23:22:52.890Z"}', '2026-02-09 23:22:52.917954+00', '/admin?tab=trusted-members', true, 'info'),
	('21abf99b-f9a1-41e2-8b45-6b7aadeaddc0', 'e90b335f-dd56-47a7-96c0-2ae511333f95', 'Project Status Update', 'Your signup to volunteer for "Santa Cruz Beach Cleanup" has been rejected', 'project_updates', true, '{"signupId": "ecf2d767-6aa2-41f2-9180-3ce6f2f9c546", "projectId": "49da960e-0dda-4e3d-a591-831dd5c28ba4"}', '2026-03-03 07:53:52.098284+00', '/projects/49da960e-0dda-4e3d-a591-831dd5c28ba4', false, 'warning'),
	('24f69fe4-2b37-428a-a8e0-cf4efa4bd591', '337186dd-158a-49aa-ac17-831fba64f07f', 'You are now a Trusted Member! 🎉', 'An admin has granted you trusted member status. You can now create projects and organizations.', 'general', false, NULL, '2026-03-17 02:43:17.471121+00', '/trusted-member', true, 'success'),
	('0773f51c-b5fb-4b10-aafe-5dc93c9e36bc', 'e90b335f-dd56-47a7-96c0-2ae511333f95', 'Project Status Update', 'Your signup to volunteer for "Santa Cruz Beach Cleanup" has been rejected', 'project_updates', true, '{"signupId": "ecf2d767-6aa2-41f2-9180-3ce6f2f9c546", "projectId": "49da960e-0dda-4e3d-a591-831dd5c28ba4"}', '2026-03-03 07:54:53.241463+00', '/projects/49da960e-0dda-4e3d-a591-831dd5c28ba4', false, 'warning'),
	('795239e9-4e09-49eb-94c6-f6e17d71af58', 'f547b4cc-aabc-45cd-a947-b109b5d7c751', 'Trusted Member Application Approved!', 'Congratulations! Your trusted member application has been approved. You can now create projects and organizations.', 'general', false, NULL, '2026-02-10 18:15:01.716865+00', '/trusted-member', true, 'success'),
	('8c5cde3b-b4ac-4044-a83b-fd0eaf171e2c', 'b6ee0559-a406-4992-b621-9c5af015adce', 'New trusted member applications', 'Ansh Jaitly (jaitly.ansh.1@gmail.com) has applied to become a trusted member. Please review their application.', 'general', true, '{"count": 1, "items": ["Ansh Jaitly (jaitly.ansh.1@gmail.com)"], "latest": "Ansh Jaitly (jaitly.ansh.1@gmail.com)", "batchKey": "trusted_member_application", "lastEvent": {"type": "trusted_member_application", "occurredAt": "2026-02-10T18:14:54.421Z", "applicantName": "Ansh Jaitly", "applicationId": "f547b4cc-aabc-45cd-a947-b109b5d7c751", "applicantEmail": "jaitly.ansh.1@gmail.com"}, "lastEventAt": "2026-02-10T18:14:54.421Z", "firstEventAt": "2026-02-10T18:14:54.421Z"}', '2026-02-10 18:14:54.452382+00', '/admin?tab=trusted-members', true, 'info'),
	('07b1e9db-0145-491a-a137-14e45a58a12f', 'f547b4cc-aabc-45cd-a947-b109b5d7c751', 'Trusted Member Application Update', 'Thank you for your interest in becoming a trusted member. Unfortunately, your application was not approved at this time. Please contact support for more information.', 'general', false, NULL, '2026-02-11 03:31:12.514245+00', '/trusted-member', false, 'warning'),
	('dc6537ec-ca35-45c2-a1b7-e8007a921ef6', 'e90b335f-dd56-47a7-96c0-2ae511333f95', 'Trusted Member Application Approved!', 'Congratulations! Your trusted member application has been approved. You can now create projects and organizations.', 'general', true, NULL, '2026-02-11 16:46:20.821687+00', '/trusted-member', false, 'success'),
	('f286d114-7348-41cd-acb2-e7aa38fc3cf9', 'b6ee0559-a406-4992-b621-9c5af015adce', 'New trusted member applications', 'Hearts4Hands (dvhs.hearts4hands@gmail.com) has applied to become a trusted member. Please review their application.', 'general', true, '{"count": 1, "items": ["Hearts4Hands (dvhs.hearts4hands@gmail.com)"], "latest": "Hearts4Hands (dvhs.hearts4hands@gmail.com)", "batchKey": "trusted_member_application", "lastEvent": {"type": "trusted_member_application", "occurredAt": "2026-02-12T05:13:21.407Z", "applicantName": "Hearts4Hands", "applicationId": "2c94347e-f1c6-418c-85f5-175501e3d4de", "applicantEmail": "dvhs.hearts4hands@gmail.com"}, "lastEventAt": "2026-02-12T05:13:21.407Z", "firstEventAt": "2026-02-12T05:13:21.407Z"}', '2026-02-12 05:13:21.447526+00', '/admin?tab=trusted-members', true, 'info'),
	('32342aaa-43d8-4df5-98dc-f85a5dd19c32', '2c94347e-f1c6-418c-85f5-175501e3d4de', 'Trusted Member Application Approved!', 'Congratulations! Your trusted member application has been approved. You can now create projects and organizations.', 'general', true, NULL, '2026-02-12 05:15:23.906608+00', '/trusted-member', true, 'success'),
	('046126d0-5302-437a-80ab-2b81732eef4e', 'c244d427-717e-4bd9-93c2-0817fbd1fc38', 'You are now a Trusted Member! 🎉', 'An admin has granted you trusted member status. You can now create projects and organizations.', 'general', true, NULL, '2026-02-14 21:06:32.365621+00', '/trusted-member', false, 'success'),
	('68ee076c-42a9-49db-b5aa-4947860588d1', 'f5776495-1d20-4d80-ab06-776c7e341175', 'You are now a Trusted Member! 🎉', 'An admin has granted you trusted member status. You can now create projects and organizations.', 'general', false, NULL, '2026-02-15 23:37:26.074929+00', '/trusted-member', false, 'success'),
	('fc108c2c-6a8a-4fc1-9303-f6014fd7261e', 'e90b335f-dd56-47a7-96c0-2ae511333f95', 'Project Cancelled', 'The project "test" has been cancelled. Reason: not necessary', 'project_updates', true, '{"event": "project_cancelled", "projectId": "f2a201ab-4e84-4250-a94e-07711c1dddff", "cancelledAt": "2026-02-16T05:23:16.571+00:00"}', '2026-02-16 05:23:23.923585+00', '/projects/f2a201ab-4e84-4250-a94e-07711c1dddff', true, 'warning'),
	('3578da3b-48af-4fed-a05b-ceab066d8b0a', 'b6ee0559-a406-4992-b621-9c5af015adce', 'New trusted member applications', 'Keshav V (vkeshav300@gmail.com) has applied to become a trusted member. Please review their application.', 'general', true, '{"count": 1, "items": ["Keshav V (vkeshav300@gmail.com)"], "latest": "Keshav V (vkeshav300@gmail.com)", "batchKey": "trusted_member_application", "lastEvent": {"type": "trusted_member_application", "occurredAt": "2026-02-23T02:19:49.922Z", "applicantName": "Keshav V", "applicationId": "62250190-33d8-471d-bc56-a1efc978c184", "applicantEmail": "vkeshav300@gmail.com"}, "lastEventAt": "2026-02-23T02:19:49.922Z", "firstEventAt": "2026-02-23T02:19:49.922Z"}', '2026-02-23 02:19:49.959436+00', '/admin?tab=trusted-members', false, 'info'),
	('3f7d8c63-6941-4306-95ac-2a6c46d805aa', '62250190-33d8-471d-bc56-a1efc978c184', 'Trusted Member Application Approved!', 'Congratulations! Your trusted member application has been approved. You can now create projects and organizations.', 'general', true, NULL, '2026-02-23 20:54:21.363162+00', '/trusted-member', false, 'success'),
	('a749c560-bcea-4742-aab2-a98aa31b78eb', '62250190-33d8-471d-bc56-a1efc978c184', 'Trusted Member Application Update', 'Thank you for your interest in becoming a trusted member. Unfortunately, your application was not approved at this time. Please contact support for more information.', 'general', true, NULL, '2026-02-23 20:55:22.977472+00', '/trusted-member', true, 'warning'),
	('282815b0-7499-4945-a75d-238c2ec34cee', '62250190-33d8-471d-bc56-a1efc978c184', 'Trusted Member Application Approved!', 'Congratulations! Your trusted member application has been approved. You can now create projects and organizations.', 'general', true, NULL, '2026-02-23 20:55:27.270809+00', '/trusted-member', true, 'success'),
	('a2b9a3de-9700-4901-90d9-a15f165ba998', 'f26cf1a2-b0d5-4069-a30a-a75a209b6888', 'Trusted Member Application Approved!', 'Congratulations! Your trusted member application has been approved. You can now create projects and organizations.', 'general', true, NULL, '2026-02-12 16:14:50.518355+00', '/trusted-member', false, 'success'),
	('26654f79-a217-4536-9efb-1428cc1adbca', 'b6ee0559-a406-4992-b621-9c5af015adce', 'New trusted member applications', 'Rishika Nanda (rishika.nanda09@gmail.com) has applied to become a trusted member. Please review their application.', 'general', true, '{"count": 1, "items": ["Rishika Nanda (rishika.nanda09@gmail.com)"], "latest": "Rishika Nanda (rishika.nanda09@gmail.com)", "batchKey": "trusted_member_application", "lastEvent": {"type": "trusted_member_application", "occurredAt": "2026-02-27T01:32:15.180Z", "applicantName": "Rishika Nanda", "applicationId": "7543ffde-bc9a-421b-ab3a-e346de3112f6", "applicantEmail": "rishika.nanda09@gmail.com"}, "lastEventAt": "2026-02-27T01:32:15.180Z", "firstEventAt": "2026-02-27T01:32:15.180Z"}', '2026-02-27 01:32:15.208016+00', '/admin?tab=trusted-members', false, 'info'),
	('60712c7c-d6f6-4980-8bee-f7e18d685ef7', '7543ffde-bc9a-421b-ab3a-e346de3112f6', 'Trusted Member Application Approved!', 'Congratulations! Your trusted member application has been approved. You can now create projects and organizations.', 'general', false, NULL, '2026-02-27 01:47:49.944589+00', '/trusted-member', true, 'success'),
	('8deb77fb-0c89-43d9-b34a-a2886bd5ed34', 'b6ee0559-a406-4992-b621-9c5af015adce', 'New trusted member applications', 'Aryan Patel (iamaryanpatel602@gmail.com) has applied to become a trusted member. Please review their application.', 'general', true, '{"count": 1, "items": ["Aryan Patel (iamaryanpatel602@gmail.com)"], "latest": "Aryan Patel (iamaryanpatel602@gmail.com)", "batchKey": "trusted_member_application", "lastEvent": {"type": "trusted_member_application", "occurredAt": "2026-03-01T05:27:05.488Z", "applicantName": "Aryan Patel", "applicationId": "d38486ed-03c8-4b8c-a8ff-919256bf5561", "applicantEmail": "iamaryanpatel602@gmail.com"}, "lastEventAt": "2026-03-01T05:27:05.488Z", "firstEventAt": "2026-03-01T05:27:05.488Z"}', '2026-03-01 05:27:05.530977+00', '/admin?tab=trusted-members', false, 'info'),
	('fc6f5989-a454-451a-be0e-8202b5f444fb', 'e90b335f-dd56-47a7-96c0-2ae511333f95', 'Project Status Update', 'Your signup to volunteer for "Santa Cruz Beach Cleanup" has been rejected', 'project_updates', true, '{"signupId": "ecf2d767-6aa2-41f2-9180-3ce6f2f9c546", "projectId": "49da960e-0dda-4e3d-a591-831dd5c28ba4"}', '2026-03-03 07:54:58.399232+00', '/projects/49da960e-0dda-4e3d-a591-831dd5c28ba4', false, 'warning'),
	('a3e5b964-67a4-4b38-ad9c-958cf49784cc', '82d3edc5-82ba-4554-8063-d325c24406e5', 'Organization verification removed', 'Verification for your organization "Edutine Contra Costa" has been removed.', 'general', false, NULL, '2026-03-01 07:50:09.410548+00', '/organization/edutinecontracosta', false, 'warning'),
	('521123ff-f5fd-4b2b-8b34-a948d4fad167', 'b6ee0559-a406-4992-b621-9c5af015adce', 'Update on your project', 'We blocked your project “test”. Reason: Blocked via moderation review', 'general', true, '{"kind": "moderation_action", "action": "block_content", "contentId": "992127a8-5fdc-4f49-b0c7-00470cdb1a8b", "contentType": "project"}', '2026-03-01 07:51:11.332726+00', 'http://localhost:3000/projects/992127a8-5fdc-4f49-b0c7-00470cdb1a8b', true, 'warning'),
	('6133bbb3-c378-49b2-9652-3a718e33c9ab', 'b6ee0559-a406-4992-b621-9c5af015adce', 'High-confidence content flags', 'spam (project) has been flagged. Please review.', 'general', true, '{"count": 1, "items": ["spam (project)"], "latest": "spam (project)", "batchKey": "flagged_content:spam", "lastEvent": {"type": "flagged_content", "flagType": "spam", "contentId": "80936022-669b-4b8b-83c2-e335c51ca0f8", "occurredAt": "2026-03-02T00:47:55.119Z", "contentType": "project", "confidenceScore": 0.9}, "lastEventAt": "2026-03-02T00:47:55.119Z", "firstEventAt": "2026-03-02T00:47:55.119Z"}', '2026-03-02 00:47:55.168553+00', '/admin?tab=flagged', true, 'warning'),
	('5d4a4fb5-f9da-4b13-92e0-cace116d90f4', 'b6ee0559-a406-4992-b621-9c5af015adce', 'High-confidence content flags', 'removal (project) has been flagged. Please review.', 'general', true, '{"count": 1, "items": ["removal (project)"], "latest": "removal (project)", "batchKey": "flagged_content:removal", "lastEvent": {"type": "flagged_content", "flagType": "removal", "contentId": "992127a8-5fdc-4f49-b0c7-00470cdb1a8b", "occurredAt": "2026-03-02T00:48:14.371Z", "contentType": "project", "confidenceScore": 1}, "lastEventAt": "2026-03-02T00:48:14.371Z", "firstEventAt": "2026-03-02T00:48:14.371Z"}', '2026-03-02 00:48:14.447367+00', '/admin?tab=flagged', true, 'warning'),
	('42121249-a61a-4e48-a0d1-50b30d453ee6', 'e90b335f-dd56-47a7-96c0-2ae511333f95', 'Trusted Member Application Update', 'Thank you for your interest in becoming a trusted member. Unfortunately, your application was not approved at this time. Please contact support for more information.', 'general', true, NULL, '2026-03-03 18:44:38.837131+00', '/trusted-member', true, 'warning');


--
-- Data for Name: organization_calendar_events; Type: TABLE DATA; Schema: public; Owner: postgres
--



--
-- Data for Name: organization_calendar_syncs; Type: TABLE DATA; Schema: public; Owner: postgres
--

INSERT INTO "public"."organization_calendar_syncs" ("organization_id", "created_by", "calendar_id", "calendar_email", "connected_at", "last_synced_at", "auto_sync", "created_at", "updated_at") VALUES
	('26bc1fa3-7f83-403c-bde1-2737bb71ca79', 'b6ee0559-a406-4992-b621-9c5af015adce', 'c_f188f5f791f95b60f305e6ab6c2a1f6e92be2a2104edaa2763f1db3e48531efa@group.calendar.google.com', 'ranariddhiman@troop941.org', '2026-01-19 21:16:56.492+00', NULL, true, '2026-01-19 21:16:56.557501+00', '2026-01-19 21:27:16.47+00');


--
-- Data for Name: organization_members; Type: TABLE DATA; Schema: public; Owner: postgres
--

INSERT INTO "public"."organization_members" ("id", "organization_id", "user_id", "role", "joined_at", "can_verify_hours", "status", "last_activity_at", "is_visible") VALUES
	('01c753db-a92b-4ebb-b2af-d89cae30dfa3', '4a6af894-7591-40b7-be2c-68ead99a2006', 'be436566-98c1-4a7b-abc0-0e7e2365dfca', 'staff', '2026-01-14 14:29:46.624481+00', true, 'active', NULL, true),
	('cd5ce053-9a71-4b10-9882-edd8bf052b9f', '41853092-579b-4816-ae62-44d203b82408', '82d3edc5-82ba-4554-8063-d325c24406e5', 'admin', '2026-01-17 00:32:29.617022+00', true, 'active', NULL, true),
	('df30dabc-5d8b-45db-90e9-dd9a4e1e5962', '26bc1fa3-7f83-403c-bde1-2737bb71ca79', '2831cc06-c63e-4c5c-9413-e1226acfd23b', 'staff', '2026-01-21 04:11:20.790314+00', true, 'active', NULL, true),
	('0be95560-a72a-4720-81a0-c2f0845bcdf3', 'f7198ef8-db95-4199-8070-438f776fe791', '54941f39-c830-4842-a8df-34aa52fe47d1', 'admin', '2025-06-26 02:20:26.347747+00', true, 'active', NULL, true),
	('7ed3d13c-4767-45f4-883f-89e51a2d9aae', '4a6af894-7591-40b7-be2c-68ead99a2006', '54941f39-c830-4842-a8df-34aa52fe47d1', 'admin', '2025-06-26 02:25:21.374044+00', true, 'active', NULL, true),
	('1ae09fac-590e-4791-bbaf-4017d54ad284', '4a6af894-7591-40b7-be2c-68ead99a2006', 'e9c7b7eb-e47a-4951-8444-475c3f7057b9', 'member', '2026-02-01 02:48:55.661231+00', true, 'active', NULL, true),
	('93397ad6-6a95-41c5-a83d-19557eb0d42d', 'f7198ef8-db95-4199-8070-438f776fe791', 'b6ee0559-a406-4992-b621-9c5af015adce', 'staff', '2025-09-02 23:07:58.412365+00', true, 'active', NULL, true),
	('03e6b302-2a34-4a4a-be0e-30a6fa3053a7', '26bc1fa3-7f83-403c-bde1-2737bb71ca79', 'dc9c65ab-8cf7-4540-9d2e-804494c21ac7', 'member', '2026-03-02 05:10:59.458525+00', true, 'active', NULL, true),
	('5c62462e-3ab3-43d3-874d-b0afb1047dd1', '8a16415f-bdef-4e2c-88ad-67dd989da127', 'b6ee0559-a406-4992-b621-9c5af015adce', 'admin', '2026-03-03 07:37:02.405722+00', true, 'active', NULL, true),
	('fe7d3688-75b7-4cb3-852b-341876fd48e7', 'c3215a44-3fdf-4b99-85af-048c5ff3a2da', 'ec320402-3ee3-48d4-ae3b-56646960c0bf', 'admin', '2026-02-09 23:43:25.96321+00', true, 'active', NULL, true),
	('9cab1b21-7774-4cb4-b62e-5a31fe4c7b15', 'c3215a44-3fdf-4b99-85af-048c5ff3a2da', 'b6ee0559-a406-4992-b621-9c5af015adce', 'member', '2026-02-09 23:44:03.663395+00', true, 'active', NULL, true),
	('614aa7c6-24ac-4c5d-86f4-c1f6767ea2c7', '26bc1fa3-7f83-403c-bde1-2737bb71ca79', '12be5ade-341c-4fc6-a2cf-158248d93c86', 'member', '2026-02-10 16:03:42.459206+00', true, 'active', NULL, true),
	('95f94b24-edbc-4e68-94e9-eb0bbed31d8c', 'f7198ef8-db95-4199-8070-438f776fe791', '7b97983a-7d4b-49a1-9e03-38e25817614f', 'admin', '2025-10-21 23:11:59.216127+00', true, 'active', NULL, true),
	('1b65bd04-d4af-433f-9e84-fd2f263ddb8b', '4a6af894-7591-40b7-be2c-68ead99a2006', '88cfede8-f76c-4c3e-8946-b4aad8580dcf', 'staff', '2025-10-22 03:52:20.47228+00', true, 'active', NULL, true),
	('1d105e8d-13fa-4960-b4b5-f2f7a3426ecc', '26bc1fa3-7f83-403c-bde1-2737bb71ca79', 'b6ee0559-a406-4992-b621-9c5af015adce', 'admin', '2025-10-27 17:05:59.797149+00', true, 'active', NULL, true),
	('37db8070-895e-4163-b590-c58c787190c9', '26bc1fa3-7f83-403c-bde1-2737bb71ca79', '4a1e4ec1-97fa-4b39-a0aa-e71ad9c4b698', 'member', '2026-02-11 00:14:49.948066+00', true, 'active', NULL, true),
	('22974e30-1ca4-4e85-bbb8-84897c3566d5', '4e559bd7-8cbc-41c4-9541-50c4a8cf18c4', 'b6ee0559-a406-4992-b621-9c5af015adce', 'admin', '2025-12-26 01:35:33.374071+00', true, 'active', NULL, true),
	('ad44a3f8-a63f-466c-9eca-6684b060c334', '26bc1fa3-7f83-403c-bde1-2737bb71ca79', 'be5c0095-6171-4843-ad43-b2a890d8d45e', 'staff', '2025-12-29 05:40:14.637744+00', true, 'active', NULL, true),
	('cc4215a8-6003-4d63-ad5a-31a5f974b671', '26bc1fa3-7f83-403c-bde1-2737bb71ca79', '1f1f1083-df8b-4855-b2e1-3a8df544a224', 'member', '2026-02-11 04:36:35.125942+00', true, 'active', NULL, true),
	('ed67de00-e153-474f-b7b8-dcc5610eb417', '26bc1fa3-7f83-403c-bde1-2737bb71ca79', '017607a4-b111-48ed-8b0b-594694890493', 'member', '2026-02-11 23:51:16.727118+00', true, 'active', NULL, true),
	('a3943004-483c-49ac-8df9-d518dd7a7ea1', '26bc1fa3-7f83-403c-bde1-2737bb71ca79', '76b222a9-e3ca-4dc7-8d17-3d350f195599', 'member', '2026-02-12 04:35:40.095239+00', true, 'active', NULL, true),
	('cd950a19-8804-4477-a767-22d74e3f19dc', '26bc1fa3-7f83-403c-bde1-2737bb71ca79', 'e6200108-3c9e-4330-997a-49f16d5f126d', 'member', '2026-02-12 05:24:43.759575+00', true, 'active', NULL, true),
	('ba9bbc57-2843-4789-af0e-1d98eb38e9ea', '26bc1fa3-7f83-403c-bde1-2737bb71ca79', 'b9a14c59-3a2f-4295-b8e2-99edcb7d2801', 'staff', '2026-02-10 23:47:11.369486+00', true, 'active', NULL, true),
	('143bd5be-b298-42e3-9174-bb26dc93c25e', '26bc1fa3-7f83-403c-bde1-2737bb71ca79', '0b5c3672-9ffc-4559-a6e6-3f7448ced86d', 'member', '2026-02-13 04:57:12.112766+00', true, 'active', NULL, true),
	('371d8168-b875-47ca-b2bd-ca1cc7ef8ea2', '26bc1fa3-7f83-403c-bde1-2737bb71ca79', 'c244d427-717e-4bd9-93c2-0817fbd1fc38', 'staff', '2026-02-13 05:47:41.459188+00', true, 'active', NULL, true),
	('fb312f26-84ea-4d56-b203-8c9d65754121', '26bc1fa3-7f83-403c-bde1-2737bb71ca79', 'd56bb46c-e544-40c7-9508-3e58f60a8cb0', 'member', '2026-01-05 16:55:52.097471+00', true, 'active', NULL, true),
	('8e8109b2-f817-4c31-8918-84c4520d9603', '26bc1fa3-7f83-403c-bde1-2737bb71ca79', 'cab30dd9-87e9-42f2-83b6-a35d15c6a22d', 'member', '2026-01-09 21:03:11.543394+00', true, 'active', NULL, true),
	('2357a6ab-be8b-4926-a327-b2f29500750e', '4a6af894-7591-40b7-be2c-68ead99a2006', 'b6ee0559-a406-4992-b621-9c5af015adce', 'admin', '2025-10-05 16:15:12.020999+00', true, 'active', NULL, true),
	('da655358-b26d-4119-b5a5-983f3cf11c62', '26bc1fa3-7f83-403c-bde1-2737bb71ca79', 'f5776495-1d20-4d80-ab06-776c7e341175', 'staff', '2026-02-15 17:16:15.681495+00', true, 'active', NULL, true),
	('ac2095d4-df67-4357-a941-eef1b173cc7d', '26bc1fa3-7f83-403c-bde1-2737bb71ca79', '4341c24a-7f80-40af-8ee3-e8966f64eb11', 'member', '2026-02-16 04:28:42.54774+00', true, 'active', NULL, true),
	('5259e781-ba64-4939-ac7c-2727615f0f16', '26bc1fa3-7f83-403c-bde1-2737bb71ca79', 'b1b466ae-6a6e-4e5d-8d08-6c992be19bb0', 'member', '2026-02-17 16:10:26.32674+00', true, 'active', NULL, true),
	('9e2c6d09-0dcd-44ff-b72e-2b9fecda3a6c', '26bc1fa3-7f83-403c-bde1-2737bb71ca79', 'b5acfa2f-e2ca-41d6-b862-f76b5fec26b9', 'member', '2026-02-17 16:13:50.746854+00', true, 'active', NULL, true),
	('82574386-69f0-491c-8202-bbea7106bf1c', '4a6af894-7591-40b7-be2c-68ead99a2006', '62250190-33d8-471d-bc56-a1efc978c184', 'staff', '2026-02-23 20:55:45.809059+00', true, 'active', NULL, true),
	('517b2c53-ea88-449b-8b91-af0aa77ec3c3', '26bc1fa3-7f83-403c-bde1-2737bb71ca79', '812030ce-3732-4486-8f06-6993b05bdca9', 'staff', '2026-03-07 08:27:53.764+00', true, 'active', NULL, true),
	('79108f75-6d06-4b08-9be1-d8d8c0b8a7e8', '26bc1fa3-7f83-403c-bde1-2737bb71ca79', 'a31b3304-31d3-47ac-9094-97a7e74220cd', 'member', '2026-03-08 21:05:32.563015+00', true, 'active', NULL, true),
	('37eeaf01-b25d-4dfb-bb44-5e9c8ef38a65', '4a6af894-7591-40b7-be2c-68ead99a2006', 'e90b335f-dd56-47a7-96c0-2ae511333f95', 'member', '2026-03-13 00:06:58.760727+00', true, 'active', NULL, true),
	('7fc68a98-b384-44e8-bacf-54dde181e912', '26bc1fa3-7f83-403c-bde1-2737bb71ca79', '86e4ba43-b78f-48a3-b087-1cc4c7fa035b', 'member', '2026-03-16 14:12:26.517909+00', true, 'active', NULL, true);


--
-- Data for Name: organization_sheet_syncs; Type: TABLE DATA; Schema: public; Owner: postgres
--



--
-- Data for Name: project_cancellation_jobs; Type: TABLE DATA; Schema: public; Owner: postgres
--

INSERT INTO "public"."project_cancellation_jobs" ("id", "project_id", "cancelled_at", "cancellation_reason", "created_by", "status", "cursor", "attempts", "last_error", "created_at", "updated_at", "processing_started_at", "completed_at") VALUES
	('8098b4f2-d72d-4225-9267-d484a8f625a9', 'f2a201ab-4e84-4250-a94e-07711c1dddff', '2026-02-16 05:23:16.571+00', 'not necessary', 'b6ee0559-a406-4992-b621-9c5af015adce', 'completed', 1, 1, NULL, '2026-02-16 05:23:18.0806+00', '2026-02-16 05:23:24.26+00', NULL, '2026-02-16 05:23:24.26+00'),
	('fde49ebd-f07e-4f5b-9f65-58caa08aa733', '7aee81cb-b6da-4bbd-9f06-0a09f563191a', '2026-02-26 16:13:42.114+00', 'test', 'b6ee0559-a406-4992-b621-9c5af015adce', 'completed', 0, 1, NULL, '2026-02-26 16:13:43.841401+00', '2026-02-26 16:13:45.255+00', '2026-02-26 16:13:44.802+00', '2026-02-26 16:13:45.255+00'),
	('270d6ac3-f9fa-41d3-8ad8-746fd9b206ee', '3abf5353-0098-4356-a0dc-d4d1f25f5ad1', '2026-03-03 18:45:23.334+00', 'cancel', 'e90b335f-dd56-47a7-96c0-2ae511333f95', 'completed', 0, 1, NULL, '2026-03-03 18:45:24.176435+00', '2026-03-03 18:45:24.661+00', '2026-03-03 18:45:24.545+00', '2026-03-03 18:45:24.661+00'),
	('9b8e6aca-b1bc-4d02-8e92-f162e15afdea', '4c8f1011-526e-4c18-8de0-169eb253c35a', '2026-03-12 23:17:56.119+00', 'made a mistake in making the event :(', 'b6ee0559-a406-4992-b621-9c5af015adce', 'completed', 0, 1, NULL, '2026-03-12 23:17:57.156736+00', '2026-03-12 23:17:57.638+00', '2026-03-12 23:17:57.505+00', '2026-03-12 23:17:57.638+00');


--
-- Data for Name: project_drafts; Type: TABLE DATA; Schema: public; Owner: postgres
--

INSERT INTO "public"."project_drafts" ("id", "user_id", "title", "draft_data", "created_at", "updated_at") VALUES
	('da986fd1-0405-48b1-a0d6-451058362a20', '88cfede8-f76c-4c3e-8946-b4aad8580dcf', 'rtgdfg', '{"step": 2, "schedule": {"oneTime": {"date": "2026-03-12", "endTime": "17:00", "startTime": "09:00", "volunteers": 15}, "multiDay": [{"date": "", "slots": [{"name": "", "endTime": "17:00", "startTime": "09:00", "volunteers": 0}]}], "sameDayMultiArea": {"date": "", "roles": [{"name": "", "endTime": "17:00", "startTime": "09:00", "volunteers": 0}], "overallEnd": "17:00", "overallStart": "09:00"}}, "basicInfo": {"title": "rtgdfg", "location": "dfgdfgdfg", "description": "<p>dfbdg</p>", "locationData": {"text": "dfgdfgdfg", "display_name": "dfgdfgdfg"}, "organizationId": null, "projectTimezone": "America/Los_Angeles"}, "eventType": "oneTime", "recurrence": {"enabled": false, "endType": "never", "interval": 1, "weekdays": [], "frequency": "weekly"}, "visibility": "unlisted", "requireLogin": true, "waiverPdfUrl": null, "waiverPdfFile": null, "detectedFields": null, "waiverRequired": false, "waiverDefinition": null, "waiverAllowUpload": true, "verificationMethod": "qr-code", "waiverPdfValidation": null, "restrictToOrgDomains": false, "showAttendeesPublicly": false, "enableVolunteerComments": false, "waiverDisableEsignature": false}', '2026-03-11 04:49:11.979975+00', '2026-03-11 04:58:53.827364+00'),
	('82ba109c-4807-4da0-9324-bd8e503ccf46', '2831cc06-c63e-4c5c-9413-e1226acfd23b', 'Horse Feeders for Hagemann Ranch', '{"step": 3, "schedule": {"oneTime": {"date": "", "endTime": "17:00", "startTime": "09:00", "volunteers": 0}, "multiDay": [{"date": "", "slots": [{"endTime": "17:00", "startTime": "09:00", "volunteers": 0}]}], "sameDayMultiArea": {"date": "", "roles": [{"name": "", "endTime": "17:00", "startTime": "09:00", "volunteers": 0}], "overallEnd": "17:00", "overallStart": "09:00"}}, "basicInfo": {"title": "Horse Feeders for Hagemann Ranch", "location": "Hagemann Ranch", "description": "<p>Eagle Project for Hagemann Ranch</p>", "locationData": {"text": "Hagemann Ranch", "coordinates": {"latitude": 37.6820763, "longitude": -121.7966893}, "display_name": "455 Olivina Ave, Livermore, CA 94551, USA"}, "organizationId": "26bc1fa3-7f83-403c-bde1-2737bb71ca79", "projectTimezone": "America/Los_Angeles"}, "eventType": "multiDay", "recurrence": {"enabled": false, "endType": "never", "interval": 1, "weekdays": [], "frequency": "weekly"}, "visibility": "public", "requireLogin": true, "waiverPdfUrl": null, "waiverPdfFile": null, "waiverRequired": false, "waiverAllowUpload": true, "verificationMethod": "qr-code", "waiverPdfValidation": null, "restrictToOrgDomains": false, "showAttendeesPublicly": false, "enableVolunteerComments": false}', '2026-01-21 04:13:56.554666+00', '2026-01-21 04:15:48.691095+00'),
	('e0a474ac-d7c7-4da5-a299-631fba17bdc0', 'ec320402-3ee3-48d4-ae3b-56646960c0bf', 'Fruit Gleaning Project', '{"step": 5, "schedule": {"oneTime": {"date": "2026-02-15", "endTime": "11:00", "startTime": "09:00", "volunteers": 20}, "multiDay": [{"date": "", "slots": [{"endTime": "17:00", "startTime": "09:00", "volunteers": 0}]}], "sameDayMultiArea": {"date": "2026-02-14", "roles": [{"name": "Adult Shift Lead", "endTime": "11:00", "startTime": "09:00", "volunteers": 2}, {"name": "Shift Volunteer (adults and youth)", "endTime": "11:00", "startTime": "09:00", "volunteers": 20}], "overallEnd": "11:00", "overallStart": "09:00"}}, "basicInfo": {"title": "Fruit Gleaning Project", "location": "Walnut Creek", "description": "<p>Help harvest fresh fruit that would otherwise go to waste. This fruit will be donated to local food banks. Please wear comfortable clothing and closed-toe shoes.</p>", "locationData": {"text": "Walnut Creek", "coordinates": {"latitude": 37.9100783, "longitude": -122.0651819}, "display_name": "Walnut Creek, CA, USA"}, "organizationId": null, "projectTimezone": "America/Los_Angeles"}, "eventType": "sameDayMultiArea", "recurrence": {"enabled": false, "endType": "never", "interval": 1, "weekdays": [], "frequency": "weekly"}, "visibility": "public", "requireLogin": true, "waiverPdfUrl": null, "waiverPdfFile": null, "waiverRequired": false, "waiverAllowUpload": true, "verificationMethod": "qr-code", "waiverPdfValidation": null, "restrictToOrgDomains": false, "showAttendeesPublicly": false, "enableVolunteerComments": false}', '2026-02-09 23:25:49.793952+00', '2026-02-09 23:33:29.92676+00'),
	('538d2878-f846-4a5e-9a3a-517323a454b7', 'b6ee0559-a406-4992-b621-9c5af015adce', 'asdf', '{"step": 4, "schedule": {"oneTime": {"date": "2026-03-28", "endTime": "17:00", "startTime": "09:00", "volunteers": 5}, "multiDay": [{"date": "", "slots": [{"name": "", "endTime": "17:00", "startTime": "09:00", "volunteers": 0}]}], "sameDayMultiArea": {"date": "", "roles": [{"name": "", "endTime": "17:00", "startTime": "09:00", "volunteers": 0}], "overallEnd": "17:00", "overallStart": "09:00"}}, "basicInfo": {"title": "asdf", "location": "asdf", "description": "<p>asdf</p>", "locationData": {"text": "asdf", "display_name": "asdf"}, "organizationId": null, "projectTimezone": "America/Los_Angeles"}, "eventType": "oneTime", "recurrence": {"enabled": false, "endType": "never", "interval": 1, "weekdays": [], "frequency": "weekly"}, "visibility": "unlisted", "requireLogin": true, "waiverPdfUrl": null, "waiverPdfFile": null, "detectedFields": null, "waiverRequired": true, "waiverDefinition": null, "waiverAllowUpload": true, "verificationMethod": "qr-code", "waiverPdfValidation": null, "restrictToOrgDomains": false, "showAttendeesPublicly": false, "enableVolunteerComments": false, "waiverDisableEsignature": false}', '2026-03-23 17:36:24.000381+00', '2026-03-23 17:51:21.230058+00'),
	('23886a4e-0818-4619-8a7c-83d57eb735f9', '63812735-3c32-4e5f-8aaf-eaf032c0fa29', 'S', '{"step": 1, "schedule": {"oneTime": {"date": "", "endTime": "17:00", "startTime": "09:00", "volunteers": 0}, "multiDay": [{"date": "", "slots": [{"name": "", "endTime": "17:00", "startTime": "09:00", "volunteers": 0}]}], "sameDayMultiArea": {"date": "", "roles": [{"name": "", "endTime": "17:00", "startTime": "09:00", "volunteers": 0}], "overallEnd": "17:00", "overallStart": "09:00"}}, "basicInfo": {"title": "S", "location": "", "description": "", "organizationId": null, "projectTimezone": "America/Los_Angeles"}, "eventType": "oneTime", "recurrence": {"enabled": false, "endType": "never", "interval": 1, "weekdays": [], "frequency": "weekly"}, "visibility": "unlisted", "requireLogin": true, "waiverPdfUrl": null, "waiverPdfFile": null, "detectedFields": null, "waiverRequired": false, "waiverDefinition": null, "waiverAllowUpload": true, "verificationMethod": "qr-code", "waiverPdfValidation": null, "restrictToOrgDomains": false, "showAttendeesPublicly": false, "enableVolunteerComments": false, "waiverDisableEsignature": false}', '2026-03-08 01:55:37.780333+00', '2026-03-08 01:55:37.780333+00'),
	('272fcc3e-6c75-49f4-8296-0292e6f0aa8d', 'fa5740b3-a762-47fb-aac5-9bcfb586d8cd', 'E2E Park Cleanup + Waiver', '{"step": 5, "schedule": {"oneTime": {"date": "", "endTime": "17:00", "startTime": "09:00", "volunteers": 0}, "multiDay": [{"date": "2026-01-23", "slots": [{"endTime": "17:00", "startTime": "09:00", "volunteers": 10}]}, {"date": "2026-01-24", "slots": [{"endTime": "17:00", "startTime": "09:00", "volunteers": 8}]}], "sameDayMultiArea": {"date": "", "roles": [{"name": "", "endTime": "17:00", "startTime": "09:00", "volunteers": 0}], "overallEnd": "17:00", "overallStart": "09:00"}}, "basicInfo": {"title": "E2E Park Cleanup + Waiver", "location": "Central Park", "description": "<p>Join us for an E2E cleanup event to validate schedules, waivers, and signup flows.</p>", "locationData": {"text": "Central Park", "coordinates": {"latitude": 37.7661159, "longitude": -121.9544595}, "display_name": "12501 Alcosta Blvd, San Ramon, CA 94583, USA"}, "organizationId": "86d7b5be-6f8c-466b-aee4-ada7b850a33d", "projectTimezone": "America/Los_Angeles"}, "eventType": "multiDay", "recurrence": {"enabled": false, "endType": "never", "interval": 1, "weekdays": [], "frequency": "weekly"}, "visibility": "public", "requireLogin": false, "waiverPdfUrl": null, "waiverPdfFile": {}, "waiverRequired": true, "waiverAllowUpload": true, "verificationMethod": "qr-code", "waiverPdfValidation": {"warnings": ["No signature fields detected. Volunteers will sign electronically (draw/type) alongside this document."], "hasSignatureFields": false}, "restrictToOrgDomains": false, "showAttendeesPublicly": false, "enableVolunteerComments": false}', '2026-01-22 01:39:38.778742+00', '2026-01-22 02:38:15.995342+00'),
	('834cfe67-4764-49ee-900a-48c3a4e8701f', '88cfede8-f76c-4c3e-8946-b4aad8580dcf', 'rtgdfg', '{"step": 1, "schedule": {"oneTime": {"date": "", "endTime": "17:00", "startTime": "09:00", "volunteers": 0}, "multiDay": [{"date": "", "slots": [{"name": "", "endTime": "17:00", "startTime": "09:00", "volunteers": 0}]}], "sameDayMultiArea": {"date": "", "roles": [{"name": "", "endTime": "17:00", "startTime": "09:00", "volunteers": 0}], "overallEnd": "17:00", "overallStart": "09:00"}}, "basicInfo": {"title": "rtgdfg", "location": "dfgdfgdfg", "description": "<p>dfbdg</p>", "locationData": {"text": "dfgdfgdfg", "display_name": "dfgdfgdfg"}, "organizationId": null, "projectTimezone": "America/Los_Angeles"}, "eventType": "oneTime", "recurrence": {"enabled": false, "endType": "never", "interval": 1, "weekdays": [], "frequency": "weekly"}, "visibility": "unlisted", "requireLogin": true, "waiverPdfUrl": null, "waiverPdfFile": null, "detectedFields": null, "waiverRequired": false, "waiverDefinition": null, "waiverAllowUpload": true, "verificationMethod": "qr-code", "waiverPdfValidation": null, "restrictToOrgDomains": false, "showAttendeesPublicly": false, "enableVolunteerComments": false, "waiverDisableEsignature": false}', '2026-03-11 04:49:04.74693+00', '2026-03-11 04:49:15.559828+00'),
	('64ce1734-2d07-4f73-bcec-56af0f21a1f6', '265fe5e4-b8f2-48a6-a219-d8b04b5aee8e', 'asdf', '{"step": 4, "schedule": {"oneTime": {"date": "2026-03-05", "endTime": "17:00", "startTime": "09:00", "volunteers": 14}, "multiDay": [{"date": "", "slots": [{"endTime": "17:00", "startTime": "09:00", "volunteers": 0}]}], "sameDayMultiArea": {"date": "", "roles": [{"name": "", "endTime": "17:00", "startTime": "09:00", "volunteers": 0}], "overallEnd": "17:00", "overallStart": "09:00"}}, "basicInfo": {"title": "asdf", "location": "asdf", "description": "<p>asdf</p>", "locationData": {"text": "asdf", "display_name": "asdf"}, "organizationId": null, "projectTimezone": "America/Los_Angeles"}, "eventType": "oneTime", "recurrence": {"enabled": false, "endType": "never", "interval": 1, "weekdays": [], "frequency": "weekly"}, "visibility": "unlisted", "requireLogin": true, "waiverPdfUrl": null, "waiverPdfFile": null, "detectedFields": null, "waiverRequired": true, "waiverDefinition": null, "waiverAllowUpload": true, "verificationMethod": "qr-code", "waiverPdfValidation": null, "restrictToOrgDomains": false, "showAttendeesPublicly": false, "enableVolunteerComments": false, "waiverDisableEsignature": false}', '2026-03-01 07:52:38.992813+00', '2026-03-01 07:58:17.242492+00'),
	('8eb73a5e-39a7-430b-8f18-6636e47b6570', '2c94347e-f1c6-418c-85f5-175501e3d4de', 'volunteering for children''s hospitals: pillow making! ', '{"step": 5, "schedule": {"oneTime": {"date": "2026-02-13", "endTime": "17:30", "startTime": "16:30", "volunteers": 20}, "multiDay": [{"date": "", "slots": [{"endTime": "17:00", "startTime": "09:00", "volunteers": 0}]}], "sameDayMultiArea": {"date": "", "roles": [{"name": "", "endTime": "17:00", "startTime": "09:00", "volunteers": 0}], "overallEnd": "17:00", "overallStart": "09:00"}}, "basicInfo": {"title": "volunteering for children''s hospitals: pillow making! ", "location": "East Branch Park", "description": "<p>4:30-5:30 make heart pillows with us and write valentines notes for childrens hospitals! </p>", "locationData": {"text": "East Branch Park", "coordinates": {"latitude": 37.7609364, "longitude": -121.899403}, "display_name": "825 Pipers Brook Ct, San Ramon, CA 94582, USA"}, "organizationId": null, "projectTimezone": "America/Los_Angeles"}, "eventType": "oneTime", "recurrence": {"enabled": false, "endType": "never", "interval": 1, "weekdays": [], "frequency": "weekly"}, "visibility": "public", "requireLogin": true, "waiverPdfUrl": null, "waiverPdfFile": null, "waiverRequired": false, "waiverAllowUpload": true, "verificationMethod": "qr-code", "waiverPdfValidation": null, "restrictToOrgDomains": false, "showAttendeesPublicly": false, "enableVolunteerComments": false}', '2026-02-12 06:57:27.362998+00', '2026-02-12 06:59:15.16067+00'),
	('2dd1ab58-97d1-4865-b5b0-5444be518b45', 'c78117c1-19b6-4dcd-9bd8-18be3c807bb6', 'Puja Event', '{"step": 3, "schedule": {"oneTime": {"date": "", "endTime": "17:00", "startTime": "09:00", "volunteers": 0}, "multiDay": [{"date": "", "slots": [{"name": "", "endTime": "17:00", "startTime": "09:00", "volunteers": 0}]}], "sameDayMultiArea": {"date": "", "roles": [{"name": "", "endTime": "17:00", "startTime": "09:00", "volunteers": 0}], "overallEnd": "17:00", "overallStart": "09:00"}}, "basicInfo": {"title": "Puja Event", "location": "1081 Hoskins Ln", "description": "<p>Join us in a fun puja event at samvart''s house</p>", "locationData": {"text": "1081 Hoskins Ln", "coordinates": {"latitude": 37.7499977, "longitude": -121.8926489}, "display_name": "1081 Hoskins Ln, San Ramon, CA 94582, USA"}, "organizationId": null, "projectTimezone": "America/Los_Angeles"}, "eventType": "oneTime", "recurrence": {"enabled": false, "endType": "never", "interval": 1, "weekdays": [], "frequency": "weekly"}, "visibility": "unlisted", "requireLogin": true, "waiverPdfUrl": null, "waiverPdfFile": null, "detectedFields": null, "waiverRequired": false, "waiverDefinition": null, "waiverAllowUpload": true, "verificationMethod": "qr-code", "waiverPdfValidation": null, "restrictToOrgDomains": false, "showAttendeesPublicly": false, "enableVolunteerComments": false, "waiverDisableEsignature": false}', '2026-03-20 20:40:49.029347+00', '2026-03-20 20:41:48.070299+00');


--
-- Data for Name: system_banners; Type: TABLE DATA; Schema: public; Owner: postgres
--

INSERT INTO "public"."system_banners" ("id", "title", "message", "banner_type", "target_scope", "is_active", "starts_at", "ends_at", "cta_label", "cta_url", "dismissible", "created_by", "updated_by", "created_at", "updated_at", "show_icon", "text_align") VALUES
	('c3b60ed4-cb94-416c-b766-d346b8b72817', NULL, 'Planned maintenance from 3 AM - 5 AM PST on March 5th, 2026.', 'warning', 'sitewide', false, '2026-03-03 07:45:00+00', '2026-03-03 07:50:00+00', NULL, NULL, true, 'b6ee0559-a406-4992-b621-9c5af015adce', 'b6ee0559-a406-4992-b621-9c5af015adce', '2026-03-01 08:01:18.029077+00', '2026-03-03 07:45:33.928717+00', true, 'center'),
	('da5a67dc-da8e-422a-bef1-3a1f4669bd2d', NULL, 'We are currently investigating an issue in the DBX1 Server Region.', 'info', 'landing', false, NULL, NULL, 'View status page', 'https://status.lets-assist.com', true, 'b6ee0559-a406-4992-b621-9c5af015adce', 'b6ee0559-a406-4992-b621-9c5af015adce', '2026-03-01 07:59:23.591748+00', '2026-03-03 07:47:35.970603+00', true, 'left');


--
-- Data for Name: trusted_member; Type: TABLE DATA; Schema: public; Owner: postgres
--

INSERT INTO "public"."trusted_member" ("created_at", "name", "email", "reason", "status", "id", "user_id") VALUES
	('2026-01-17 00:25:52.099834+00', 'Anay Gandhi', 'anaygandhi10@gmail.com', 'riddhiman told me to', true, '82d3edc5-82ba-4554-8063-d325c24406e5', '82d3edc5-82ba-4554-8063-d325c24406e5'),
	('2026-01-21 04:13:01.661613+00', 'Nithilan Krishnakumar', 'krishnakumarnithilan@troop941.org', 'Eagle Project', true, '2831cc06-c63e-4c5c-9413-e1226acfd23b', '2831cc06-c63e-4c5c-9413-e1226acfd23b'),
	('2025-10-14 02:26:46.998181+00', 'Nicholas Maehr', 'maehrnicholas@troop941.org', '941 Scout doing an Eagle Project.', true, 'be5c0095-6171-4843-ad43-b2a890d8d45e', 'be5c0095-6171-4843-ad43-b2a890d8d45e'),
	('2025-10-18 23:33:35.924177+00', 'saad t', '227446@students.srvusd.net', 'I run a volunteer program and want to try this new website out to see if it works well for my program', true, '4c3a7e51-f319-48a7-b161-ebaf9afa054e', '4c3a7e51-f319-48a7-b161-ebaf9afa054e'),
	('2026-02-10 18:14:54.314855+00', 'Ansh Jaitly', 'jaitly.ansh.1@gmail.com', 'Hiaosjdoasidao', false, 'f547b4cc-aabc-45cd-a947-b109b5d7c751', 'f547b4cc-aabc-45cd-a947-b109b5d7c751'),
	('2025-10-22 03:33:15.585689+00', 'Kaushik Rana', 'krana002@gmail.com', 'testing asdf', true, '88cfede8-f76c-4c3e-8946-b4aad8580dcf', '88cfede8-f76c-4c3e-8946-b4aad8580dcf'),
	('2025-11-20 19:50:46.589946+00', 'Tarun Devarajan', 'tarundevarajan@gmail.com', 'Riddhiman please I need this', false, '712538fa-4214-4545-9888-37d930993f65', '712538fa-4214-4545-9888-37d930993f65'),
	('2026-01-29 08:31:04.64475+00', 'Let''s Assist', 'admin@lets-assist.com', 'admin for lets assist', true, '54941f39-c830-4842-a8df-34aa52fe47d1', '54941f39-c830-4842-a8df-34aa52fe47d1'),
	('2025-10-08 21:43:24.286824+00', 'Jenny Erickson', 'jerickson@srvusd.net', 'I wanted to create club signups for OrganizationORGANIZATION.org (after school club where students come help me clean the classroom)!', true, '7b97983a-7d4b-49a1-9e03-38e25817614f', '7b97983a-7d4b-49a1-9e03-38e25817614f'),
	('2026-02-12 05:13:21.28669+00', 'Hearts4Hands', 'dvhs.hearts4hands@gmail.com', 'Volunteering club at dougherty valley but open to anybody.', true, '2c94347e-f1c6-418c-85f5-175501e3d4de', '2c94347e-f1c6-418c-85f5-175501e3d4de'),
	('2025-12-15 16:19:13.696219+00', 'Orman Gauba', 'ormangauba@gmail.com', 'I give feedback', true, 'f26cf1a2-b0d5-4069-a30a-a75a209b6888', 'f26cf1a2-b0d5-4069-a30a-a75a209b6888'),
	('2026-02-14 21:06:32.248+00', 'Guru Pare', 'paregururaj@troop941.org', 'Added manually by Admin', true, 'c244d427-717e-4bd9-93c2-0817fbd1fc38', 'c244d427-717e-4bd9-93c2-0817fbd1fc38'),
	('2026-02-15 23:37:25.961+00', 'Kirk Gottschalk', 'gottschalkkirk@troop941.org', 'Added manually by Admin', true, 'f5776495-1d20-4d80-ab06-776c7e341175', 'f5776495-1d20-4d80-ab06-776c7e341175'),
	('2026-02-01 02:51:57.153769+00', 'Minu Basu', 'mbasu@srvusd.net', 'Speech and Debate Parent volunteers', true, 'e9c7b7eb-e47a-4951-8444-475c3f7057b9', 'e9c7b7eb-e47a-4951-8444-475c3f7057b9'),
	('2025-10-19 23:16:56.993889+00', 'Test Account', 'q909l@tiffincrane.com', 'asdfasdfasdfa', false, '7062f213-c560-41db-891f-be8f24044eba', '7062f213-c560-41db-891f-be8f24044eba'),
	('2025-11-21 05:43:37.146064+00', 'Riddhiman Rana', '245005@students.srvusd.net', 'asdasdasdas', false, '1982b385-1257-49a5-8dbf-9f49df309e25', '1982b385-1257-49a5-8dbf-9f49df309e25'),
	('2026-01-29 02:44:33.718309+00', 'Test Account', 'q6oiu@virgilian.com', 'testing user', false, 'ebde38f5-37b2-46c1-b7e8-87f1c36ccbc2', 'ebde38f5-37b2-46c1-b7e8-87f1c36ccbc2'),
	('2026-01-22 01:06:04.736934+00', 'E2E TM Applicant', 'jdrb4l@virgilian.com', 'E2E testing to verify trusted member workflow end-to-end.', false, 'fa5740b3-a762-47fb-aac5-9bcfb586d8cd', 'fa5740b3-a762-47fb-aac5-9bcfb586d8cd'),
	('2026-01-05 17:01:46.704783+00', 'Dhanvin Krishnakumar', 'krishnakumardhanvin@troop941.org', 'Hi Riddhiman,

Congrats on this project! This looks really great and polished. Signup Genius was always not a great solution and i think this tops it. Just wanted to check things out and i''ll be using this in the future. Congrats again!', true, 'd56bb46c-e544-40c7-9508-3e58f60a8cb0', 'd56bb46c-e544-40c7-9508-3e58f60a8cb0'),
	('2026-01-14 14:30:47.774478+00', 'John Hanavan', 'jhanavan@srvusd.net', 'I am an English/Social Science teacher at DVHS with an interest in using volunteer projects as a curricular design. Also it''s just really cool to do this work.', true, 'be436566-98c1-4a7b-abc0-0e7e2365dfca', 'be436566-98c1-4a7b-abc0-0e7e2365dfca'),
	('2026-02-05 03:54:13.938685+00', 'Alicia Gholami', 'aliciagholami@gmail.com', 'I have leadership roles in both PTA (Greenbrook Elementary, SRVCPTA, 32nd District PTA) and Scouting America (Pack 815, Greenbrook Elementary). I would like to test the site for my organizations.', true, 'abd8b49e-8f81-49f5-8fee-c930a3f365ba', 'abd8b49e-8f81-49f5-8fee-c930a3f365ba'),
	('2025-09-18 07:01:40.498248+00', 'Riddhiman Rana', 'riddhiman.rana@gmail.com', 'asdfasdfasdf', true, 'b6ee0559-a406-4992-b621-9c5af015adce', 'b6ee0559-a406-4992-b621-9c5af015adce'),
	('2026-02-09 23:22:52.789231+00', 'Scott Gerbert', 'gerbert.scott@gmail.com', 'To support the growth and use of this system.', true, 'ec320402-3ee3-48d4-ae3b-56646960c0bf', 'ec320402-3ee3-48d4-ae3b-56646960c0bf'),
	('2026-02-23 02:19:49.790963+00', 'Keshav V', 'vkeshav300@gmail.com', 'Lmao js exploring the website rn pretty cool', true, '62250190-33d8-471d-bc56-a1efc978c184', '62250190-33d8-471d-bc56-a1efc978c184'),
	('2026-02-27 01:32:14.908338+00', 'Rishika Nanda', 'rishika.nanda09@gmail.com', 'alskdjaglakjds;lgkj;alg', true, '7543ffde-bc9a-421b-ab3a-e346de3112f6', '7543ffde-bc9a-421b-ab3a-e346de3112f6'),
	('2026-01-16 05:55:31.640661+00', 'Riddhiman Rana', 'ridz.techtube@gmail.com', 'just a tester!', false, 'e90b335f-dd56-47a7-96c0-2ae511333f95', 'e90b335f-dd56-47a7-96c0-2ae511333f95'),
	('2026-03-08 08:20:29.891037+00', 'Joseph Jacobs', 'jacobsjoseph377@gmail.com', 'idk it looks cool', NULL, '63812735-3c32-4e5f-8aaf-eaf032c0fa29', '63812735-3c32-4e5f-8aaf-eaf032c0fa29'),
	('2026-03-17 02:43:17.331+00', 'Tim Jorgenson', 'tim_jorgenson@hotmail.com', 'Added manually by Admin', true, '337186dd-158a-49aa-ac17-831fba64f07f', '337186dd-158a-49aa-ac17-831fba64f07f');


--
-- Data for Name: user_calendar_connections; Type: TABLE DATA; Schema: public; Owner: postgres
--

INSERT INTO "public"."user_calendar_connections" ("id", "user_id", "provider", "access_token", "refresh_token", "token_expires_at", "calendar_email", "connected_at", "last_synced_at", "is_active", "preferences", "created_at", "updated_at", "granted_scopes", "granted_scopes_updated_at", "connection_type") VALUES
	('93ee5222-f618-42e7-beda-882aab453007', '63812735-3c32-4e5f-8aaf-eaf032c0fa29', 'google', 'bU+/TWmUk7Z/I+lhyLp80YpuLS7DbKfhpS5qtqJUzCVcNsUjJB58/D1VHPue6AMj/Q6zHhclsMQjY7H5gjfv+Q==:z95bd+UOfI7BKYUpKW7EUw==:PK+yQVV0/kkbSDZoXN/Ljw==:RGX+RTwPYMDC4o0HL99tqnwWoOBkC57yqZJ1317k5YZmWqLipF79lKg0SEp9Fhj4y0I+f0XnTCdEdkN04DDx3vr+eF+9R7yoWdH136Zj5r54DeIv3jzrQ5mCQQbLD+/5NJ4G+MyJlpyie+9omx6Cpao0qEi0ZfR6Wndt4Gag+Ky/8LZz04uxyLZ6+o2eLQ0R+IY4QKXl0TZXsKD5/fgYQVmwo5HPO18UmHinb0aYciQmHR5QSp6UYEqq+G6XYYlqPMh228PyerDfH2x6NbZZIIiejbK1etxLnCVlNDRvo8p1EDUrJrivNlo5A9sXoU1nM4fFFrZGzkvva1m69Q==', '0O6+QC2E0jaO4gKvBAAfnXVPbgQ+Kd+X2AMRMCkalHOK6TSJMcwU9OYC0u6PwFEeY+RBtU+ohS1idtvss+B4Cw==:H82RL85R9Y5ow8IU4KALHA==:HalG6jwwa7K6o2sd43RNmQ==:1I3ovvIzzmKcW55Ub10BBeb3Q0ETFFHEkBbzbNM+zaRPXwaZCHz/+6vB+PHPdNjMQNrVq/MajappSJuRrckv74b4ERMDkbnSTdOprpb3o/D77cIePH/LHLFqJSJSZQzbpu9FxTASOg==', '2026-03-07 09:05:26.145+00', 'jacobsjoseph377@gmail.com', '2026-03-07 08:05:27.337036+00', '2026-03-07 08:06:17.86+00', true, '{"reminder_minutes": 15, "auto_sync_signups": false, "auto_sync_new_projects": false, "volunteering_calendar_id": "4b0a38cd8353a6e9a06c4d48938294509e4ae07e049c800ccc89755ae3c56442@group.calendar.google.com"}', '2026-03-07 08:05:27.337036+00', '2026-03-07 08:06:17.940501+00', 'https://www.googleapis.com/auth/userinfo.email openid https://www.googleapis.com/auth/calendar https://www.googleapis.com/auth/userinfo.profile', '2026-03-07 08:05:26.964+00', 'calendar'),
	('49ae68a3-1b50-4794-a9ce-bc418003f0f0', '7b97983a-7d4b-49a1-9e03-38e25817614f', 'google', 'qFCobrLFLRfEgpgQ8lDOKxtGbhtyGBNPq0hQb7z6WKKiPx7Eg8+cwfzWP+No9nvjF8yy/cyv2Io3YF8rwXfjGg==:FWUHV5BkwO9HqNgsI8VSCA==:O6PrR1sluPQCX1LFx6+Xxw==:aV9IGEIx28lwO23SrGUwwIx5YVpBTtlDR3cqpUjQG/BQ//ZE3FOA633+qrwV0tMUnM31aHIqFFGxcIcJbFE9xg5Q0uj/kkXk2uelbEF8WWAcjvodZoTdseK5HZU88WiJlfPA9GxDBDau4V0J2WKcTwV+mlJO7S527z6Os+CmyMcnZwwyd6gdBot8J0WlVd1LvFnkRzHN9gpVG1XYz81/uPNYa94MbH/ee2Wf3tTi33MAgsJMIVs92uZMxa5gdPOVlwgFaUIH/IdGg1IciAy9wwgtgSZusEZJfOe5a+0113I7mLxhLz6M2hX/cRcEXoWesAjEVF8rRglVx1Gjezg=', 'tqldYxUjwDaW7FspGQ2D0lkSwd/EjsWWWncLxQ3lqTqGjqRSD2CWAxUIaAC305oJM1nVO/KU2ZtKoqSpdTvAJw==:wkcF/yuI12/Vac2M7tJKVw==:Q/8vAoON1q4tVctglswGdA==:pLYLbPRvd7Om+t3P8W2XI/JUKLrBsE74s6BUyjnf+xFhKR/VsaEdRnRcub9Ky/3xhFKZntRHzMKMl9bnTXyRezDmtJO0hv6D77A9DmrCfpt9w+0tmz0N4pr9xbed6k+L1uw5+fTEdg==', '2025-10-22 23:48:56.553+00', 'jerickson@srvusd.net', '2025-10-21 23:27:40.126398+00', '2025-10-22 22:49:05.203+00', true, '{"reminder_minutes": 15, "auto_sync_signups": false, "auto_sync_new_projects": false, "volunteering_calendar_id": "c_4cc5780a0a6bc64fe1e3e59e5f7041552f9c84d5ca99a49e56618fc73b4fab49@group.calendar.google.com"}', '2025-10-21 23:27:40.126398+00', '2025-10-22 22:49:05.261881+00', NULL, NULL, 'calendar'),
	('42cd74d8-648f-4b57-a718-3e9d6eebf09c', '7062f213-c560-41db-891f-be8f24044eba', 'google', 'xLlFHcsEqi5kLjL2Oc2xB56MkRQPRaIHZcU2/2PmxijQjKloaq8D2pi54b2o2T8oSiT7ZHuXA2NSjO0BCIoE+A==:k/3LDS24XEOHuPErKlKAAw==:KKcb4HcIZIS4En8ApiLG5Q==:zN3hI+u850gouBitegSXUmldMeeqseMH00pQ0FHdaa+uVTnqEy6FWkObQ6KQSvgDvLt/V/+eMnjY3cn3vDP3a1EHBTXjG+zhPzh5inEMH56HJ1MhWJjujYYfxZmYdlMh+0AZRhSDM46l6PvqHNqlrPdUzEdgOyMhwuAd3VxVLezMbXJeXRsO3kVmxQM7p4Lu91zkyH/ccUSeqLbJM0FT3VI80BfIdav/bjfgyoDCzYh17II2c30Di9iSBPF+Z6vDR/ggHaEobERiUhapNWALjYbBETZEf1wriMHcxzY7TJ085VqyM1q2CFynXTb+9Dt/4Y9FalwOfIctkXkSVg==', 'pm8fGmLJ4r1PD51W917vNDVFG858vf9s176/Mku3yL1gz4YI4h5crCwixTNeQ05EKAvJenjrfjMJPW6uwpIT8A==:pl0ajdZrtEY1QpMSXR2/FQ==:0W9KjyA6VeYcoYD+/yznjw==:nAj6QZ4g2+bBoWu77MKG2RcC4U4loCJg/YpZujW6LOycCCFmUbcgmzntNyEsOrXQErfjSmMDQLJK+8X4uWxT4A6r7FvK7Drey8MGObn8VQKzO+EX+1zJLhMe7jxwgYHQBvkCJdOt4w==', '2025-10-20 00:58:07.582+00', 'letsassist4@gmail.com', '2025-10-19 23:58:08.809718+00', '2025-10-19 23:58:22.24+00', true, '{"reminder_minutes": 15, "auto_sync_signups": false, "auto_sync_new_projects": false, "volunteering_calendar_id": "33260cb75e0e54c922603e53c5836e02007016c305a68f96365d9e923dba35b0@group.calendar.google.com"}', '2025-10-19 23:58:08.809718+00', '2025-10-19 23:58:22.392172+00', NULL, NULL, 'calendar'),
	('084bde38-6574-4e88-b345-1da81b8c25f5', '7062f213-c560-41db-891f-be8f24044eba', 'google', '6+pz0WGupZqn9Uuk8evEfhybxKtQOdiu78RlQSwnt1URf8PGsLpywIA6xSHfWs83S9H9U0uuas8yufmj1wForA==:9Dy1n93BwwQP3K5Y8+I00Q==:1Cc1cMDsZUpvYiXk6pnRpw==:4nK6WwPj63hV2fmqfmyvMccv9SLhq+xrX+Y22ZuAuY9gpP+kl4nX0Fc0i32E2GgpANFUglh0l42Kg0wsWIAN9lnVtrlRc/j3OGslFZdnSnUjXtGVwhcrnwdNTb8i9veMh3SOT640Fu8OrFmD8k22DM70Rmkvvk2K0Zpn6+aefAk/HdqUtvneXNhAKgkRhOOEJs5qJNLybWKZi/++QMh2WM1GnYGwrBNCbl5CbnwLJGuCAAtYjDxrF6HSaTdx6WXI94EYFDNobwNedHHCQh+gV8rkCay40J5jeHYPc22ozVQGHEoF2s4lqg2s3Uy4kTtzPqG0OiyIKi/f1y/wUA==', 'pU8a6VaKJsb6TaTrfsseHSIEsvf3zLIQl26Xr/HCtrzw1rJjImK+eu7kvuBv0QPktJRXiraPGeZnHywUzNT/Tg==:YY+kwshN8mheTKqcWlUjgw==:ZGMCZjS8sR7snGp5zU5LqA==:oVRcb24RYX7Vh2hrxU1AM4KLuTneEMdPqr1J5naSxDWYR1g6IMZMc/Vy+OxQxJDndW1owMAclIfyGqXj/yN/Fh/sCZSBVLmfeFbPK6Dr5jTM0nvFpQRGDETwyt+/AehvAsXwgDzUgQ==', '2025-10-20 00:33:52.114+00', 'riddhimanrana@alphastar.academy', '2025-10-19 23:33:53.336823+00', NULL, false, '{"reminder_minutes": 15, "auto_sync_signups": false, "auto_sync_new_projects": false}', '2025-10-19 23:33:53.336823+00', '2025-10-19 23:43:21.039259+00', NULL, NULL, 'calendar'),
	('509a9bc6-17b0-4e04-8534-c55f151cc21c', '7062f213-c560-41db-891f-be8f24044eba', 'google', 'EmI2rzLxbp+2qcn4S97XDcINCLUM/0G9jAeQMqWE5uTAJWTfPLwNNc5bYmBgTQSl7dgOe/qSD8SaL0FWG0dh9Q==:vM2p0BUjJpi2fOR2fq7VqQ==:yVjYWPKt4qSFl0eaJjnzlw==:Cv0K2zEUYc8PUoLXwglTJ0zH52C5iBA2iV6pZYWNtDqT7l4A/TDZyyKky8skgUsjSh1ZfBxQbQykp6REG4+txJPsj5Zo1Nn1Xdp9+bT6U0a7uY5N/FGsDfW9Dks579YleHKYe8yloeYwYM2gY2d+Tm8sW6NGetPdIHd5T82483QWKRwjk4rqonPH98ANz5iOhKtK+2CIZPpnrh9jhngs/2gU5wGTTL/OB4mfjEwdfxWXuvDgEVhBEjK/NPv/GOk/FvP94v1oFq0N9lkyQOwSOax7qvn6x2KyCBx7S6zDvj4h/2XSINXirTT2bB8w4HHbPas1NDpy5rvpYQbtRQ==', 'hxLPrzQHOw65VkV9cUYzuhpVPxeVmikmRBbZRllA7rYALs2n8/ZQmujg5kESiNhsY1dcPwXvO+wtmQ4uiOFVnA==:jowzcJram0PyGN8fK1mT1Q==:1n/inu1+G3bwx+Ck34OjQg==:H69uIhTqsn1t486IygJ/SBAX1dFjBne2ZbJiapPCJaE1q3n5m+Z4YHwAigyd/FTY+DTNL2fgHv7hpYgUEhQmbjYZ1H0OyxM1nuSJlJ/VSUcgDsBeEnUW18D4jsAucy4CZ7K2567ovA==', '2025-10-20 00:44:28.33+00', 'ridz.techtube@gmail.com', '2025-10-19 23:44:29.519773+00', '2025-10-19 23:44:49.905+00', false, '{"reminder_minutes": 15, "auto_sync_signups": false, "auto_sync_new_projects": false, "volunteering_calendar_id": "9c69d0dc0634d7e843509b50f584fe2de3cae4cfad0069a07bdc704a09c75b1f@group.calendar.google.com"}', '2025-10-19 23:44:29.519773+00', '2025-10-19 23:57:18.26136+00', NULL, NULL, 'calendar'),
	('1e6f63f7-d91c-4896-bf6f-57b835c2975c', '88cfede8-f76c-4c3e-8946-b4aad8580dcf', 'google', '/juHnmUZGXtfHZmev1KYlDY4ZZfeBPs2n+TUQRp804X6G0NyjasL9BKfbjdG3zItmek+/68ZMvEc6LKhw3wi0g==:meWrY3daXQe6XDhZosmDyg==:GZ/5VnshAhlWsJjw63Sdog==:8EhGDmAyYyS4ZE5zcNTfV189iDINUfpx1iJQO5eSz2Y7DUtG/ze/jCjFa6zH+xeaOWWr3yOnSM92pHdAF0FpDK4pXA0vAKPTFNsOhc6YRF7K8QnMVMsIJU6YDQ1qGe46BTBVn43kYs0bRdsWetdjhtjtJaGxd9GKxViJu9RGiY+6rg5hnw8yyVhG03lkVmVQMqMw75MtJL/0BJM33qH8jMn/nCnzYpvR16fhOZHnGVJ57YLUt6/GuRTetBBcqspumsxNiNVDbw641hG1ZQpAjnMomgx8DDQcIFE6T8R0eKV/uO6mYoro0frPmy9y3x8y4NqCCWOoaISSnttF9sMQGg==', 'gUrIqReenWzobNoUCty40OGsyqukxNbGWD2A4Dwgah7iqRLSffWzzaWt57ZTu3I5JKukzFYIgNtX1vu3tVSYFQ==:kLOePzgRCAM5+plai5Sazg==:ib2F0JT2jlfcAVrlibcLHQ==:8b36VdX1KOu2tmepcATtw3d15xYQiluT2jAgDyy9GADtNalc3W2NluHH13osnNSQVNmT8NoEkFilPvd8cXvI3z44tgRbk4qNYpDjSydoUwSvwnK1sOnAEPymEotbs1IY0GntnYCJhQ==', '2026-03-11 04:32:14.042+00', 'krana002@gmail.com', '2026-01-07 04:14:29.510789+00', '2026-03-11 03:46:55.419+00', true, '{"reminder_minutes": 15, "auto_sync_signups": false, "auto_sync_new_projects": false, "volunteering_calendar_id": "c68df71be346b96d7acf1070860a25f4dec8674069296e3bf1deaa423053aad6@group.calendar.google.com"}', '2026-01-07 04:14:29.510789+00', '2026-03-11 03:46:55.454687+00', NULL, NULL, 'calendar'),
	('eb387709-89aa-429b-a2bf-7ce49a50ca9b', '88cfede8-f76c-4c3e-8946-b4aad8580dcf', 'google', 'jCyjkYmt5wWatyWwLDKtIWo9A1v9zFX/JzSVh2hmk0f7fWtNuIJVvIp/BBvseyqTr/PojMkxEl+B5dy7Bo8mZQ==:V7UBoiVEB1WUUHMNALahcg==:6UmHZgKV2s8EIoUZaVd+cw==:6/ht2yGWeWxnIPoSSbrxK7qac7kQ68vMn+X6mSe7CcPdBQx9Qp5PHYbmJF4Tpp0NNyM30hROcBT3oDIwoge61T4aI2E6uP8Ty8vtFge5uSW97RQmKUP9pHXle8qJritALKq6qUDbZUC2jb7dhqjINAjs88h56YWY5kzxYJNAJVlrLyeSu9icSRMHnFqnfBtdXKnAmuGISCe8S5xmzZqOsV60hNjDWQxk/rBkg2n0NK0eRbVM5aZ0d6ECjjgltu8IwGZSrynRTn+Vihwi1LW9dwPCkfCZ4/FPmgJaL9AeSBbfLyNpvJLz+4kBK1n+XXdH39pETGz3LNKwltOZtQ==', 'XS6ayzoQgH8AOsIeUV1DQ+VBg82LASFPRf1Gj0ppzPxJE2iFyCI3+mdqm3h3miqD/I9tFkxPgAQPbktBr3vSYA==:INx5qHfKiUNpdfrLfeptmA==:F69FCENaZKYJB9zFcv8xaQ==:rQjAJIuCgNk1MMQ6jp6nMST/q4Uml1Gxquds9d9zi7KJDe6fi2RlXcg7BuE4jVJs5TgTSakA18xQPmk3kx/dfHwcK1jhbna3/yus/EScHbfzCRnXsb87cWhAnTQTmkQAlDkspn5AzQ==', '2026-01-07 05:13:08.631+00', 'krana002@gmail.com', '2026-01-07 04:13:09.822327+00', NULL, false, '{"reminder_minutes": 15, "auto_sync_signups": false, "auto_sync_new_projects": false}', '2026-01-07 04:13:09.822327+00', '2026-01-07 04:14:04.604161+00', NULL, NULL, 'calendar'),
	('775ad5af-7a15-4b56-b885-995738aafe1f', '88cfede8-f76c-4c3e-8946-b4aad8580dcf', 'google', 'gaiXbCLzddgadSrN7PTcwnH14ipW4yRzsGdgI4t43HXdakQ4CwwIV/KJ5RVSfaHXGaSYQ1Y/VhntosJ7TZ8FeQ==:3MJbqiMw4UhLypccLruU1Q==:uUj1tHeRLf7IWtIOc78fAw==:XIzp4RzTe1NnHBTadvMI1dN+scXBvm1XM61VASWCUMQDoH48Nir2GzRaXy+smpcpvH11Ubj6VjqB2vZrQNK57RQqv5FfZMJTcsQXvRB47hz9zfUQVVzxIlRJhtD0f0MT5OxBvFTuueeuZRLvF1uAuUvNtjH9r8YldNQGhe3lf83iJMgH/VjiSXzpPcgWGEu0FV+8WPL3fydpg+EGZBz70So90Mwmuiz63Vhv1WkVS46LWw2SN/ux2sZB983DbuXNkgJJ2eTnzH3B/OzmaMeCuz3dWlKe1Nu5uUbSC7DiUyI1ctWbKPOv7p7LUov1HuEhbKXZGWfHqxp6xyIx7Q==', '060dLVFGir2xPnhhTQl7abcCjhNvr8VxHb62FGSpX66XH3qEzftk3DBSxfz8ZAK5pCGCIAB+WHqYGCoO2ArS7Q==:PK+WMRWRDaZani/QlU+dpA==:t932zpP7mtsGph//bP6yEg==:fRi4AqRwiis4pMLM+fqgVuhI0pJ9ZhLAg10/QMXju7DQyM0h8ZqBdUc0Uh1R+nlRnJWrf4ijMhP4AcAYrqjoZQprcO0qSCQeTUh3JYfZ9MGiN0T7e5gOnmT36AKG02ctXvyvhcelvw==', '2026-01-07 04:46:52.61+00', 'krana002@gmail.com', '2026-01-07 03:46:53.842946+00', '2026-01-07 03:46:58.43+00', false, '{"reminder_minutes": 15, "auto_sync_signups": false, "auto_sync_new_projects": false, "volunteering_calendar_id": "96b512441ca4858e4ce31daf4a3fc1480b34009aa1ecbb71a866a8497a3b5094@group.calendar.google.com"}', '2026-01-07 03:46:53.842946+00', '2026-01-07 04:12:44.433176+00', NULL, NULL, 'calendar'),
	('a475ecf2-9a6f-4e15-977d-6089d6458024', '7041d86d-9783-48b6-a01e-819b1870334a', 'google', 'Dt3gRFMjR/+VIHlWrBFwJCTt5hj0TsYZQ24Qn6kY3CFXE5CL2WGJTk0VUcsAmTkaeK3WG/KhoxZiBiZLEfajTQ==:KZtjV3EE/cONJNXrWa9hcQ==:Npidc7+8+SZXhY2VC9OD6A==:ul9j42M6bWMHMyWHFFbUcDY/TDCrAtVWGuK2Uw/mQJwzkVjjKVTKD00YRORlEsqbsHkq60475AUwqRQxYpBz7QiTKf/9sql1F/fa9qtYgdvoi6WlxDvv32rFQJ6HyYvExDpp9pnvRjM6j+/dVfw/RvACEYvivttEivKkh2oGvnJgBngC4eJFRb0qgm2dJjpDzMpceEK10fVkUU4C48fx13ZKSW4PgNgkoXFstqpEZsqccMFIubrxbkJDHDzsHY/GzZlEfxHoQHZDeF+bTvKaPVwdc9uDvv8TDnbctnzUXNfcftbKafRc3OTztA8zhEKkS0JJbB2CdSUH2Y+kDQ==', '8zU/G6whM2vRzS/17EUh7hisST5oRA33+Z7nylvdApFdzVZ8UlARCgstKgGEhytHbJHAZ2N0taCQmA2a5syGZw==:0CHYymaQAEWw95ZzvyL+zQ==:LNShAAOedJt2rlUxWE5sTg==:5anr9J/pIXJcSmmL2hzx2QSdHvmQyXAm89PJgYsk4myuhAxBsE9/p8RLQJ1WREOfrM09ZpK70xYWjt7fLnNEJQ5De2LcUA64WI4FHCaHwkEcQakOdMhyC0pzbqMrLjUnVkGEkdvnSQ==', '2026-01-07 04:51:35.882+00', 'kaushikpgsm@gmail.com', '2026-01-07 03:51:37.089469+00', '2026-01-07 04:18:17.964+00', true, '{"reminder_minutes": 15, "auto_sync_signups": false, "auto_sync_new_projects": false, "volunteering_calendar_id": "376094e3966c6f96f4414dde7d63bff5ef7ce9b397cecc0232799b723b14626e@group.calendar.google.com"}', '2026-01-07 03:51:37.089469+00', '2026-01-07 04:18:18.00011+00', NULL, NULL, 'calendar'),
	('00716d1e-bf52-4bce-a200-ad3a2ce2254a', 'b6ee0559-a406-4992-b621-9c5af015adce', 'google', '/rmkYP9GmQ8QB2iE99+m+8HtAGe906WVH7Mn6j9QM6QDH14WF+tHMKSXOjRZRHErB+J6of//SLKLL6A+hz+MYQ==:NajYqRvEsegqAnhJw+W7CQ==:Ez6Ov7vOzDQkU5YAVWO8lQ==:9BYtU90lz94uPJSQseCcCO3Hs7mLoA1wJnkFnvcQw42tXFSMhaqNaZgaUsrZkxAW82dk/dpy8/K0tclGQnnZLjlTVdvf7aQbqFZXpRrkkKg3HV6pvqrhDnA8WNJpaLgmPEKBRu4ky4yWl3ysImJIxuzldV7K/diJS7HNl4Rws07zjXuUkQYsVPocuCZu/nAZw8RL2ea40DovQTd2s1r4IMQeNH8zPpmfDCcXb+JXmWgkdscviSyPhErlbwC+iYs0A1/A3tDG3NxN6FPV9ME0ZgQ7LXZ9S1SPXJhzm+vNBuZjiNA3v1Svp8OtompfXOc7yNeoXSDixJRwjgDIhbo=', 'rWOZ4fzd4OC9eMtvNatHSzpNQxPnmoluHpvHT5X81jF/nzrUf2ja8MHrijYSjYKEoqIjeouSkW5zzN3nPk+IPw==:No+DFpcBRIZOznAN6xy7nQ==:p8N74UG4UV+64DPgljq6QA==:ZRu9xv8tqtCYP7eJuIWsOvNaVKCibikGg8XEAIoDRSEEKRj3gIHIA+jnQH1BtGjIEoDf2bQ4DiCfUeXF2nm99dX+Yrhuj3iOG2a/N28bKa3tDs3JUsMadjKXEEpCm0+BkLzQllGEJw==', '2026-03-19 20:07:04.396+00', 'riddhiman.rana@gmail.com', '2026-03-02 23:21:00.94225+00', '2026-03-19 19:07:10.668+00', true, '{"reminder_minutes": 15, "auto_sync_signups": false, "auto_sync_new_projects": false, "volunteering_calendar_id": "c951e83a20c64aaa58d8a387c579d731131a6fd1bec02cd73cd92ebabbeda6a7@group.calendar.google.com"}', '2026-03-02 23:21:00.94225+00', '2026-03-19 19:07:10.733789+00', 'https://www.googleapis.com/auth/userinfo.email https://www.googleapis.com/auth/drive.file https://www.googleapis.com/auth/calendar https://www.googleapis.com/auth/userinfo.profile https://www.googleapis.com/auth/spreadsheets openid', '2026-03-02 23:21:00.543+00', 'both'),
	('724a9cd9-da25-44ec-ba15-02fbdf38fa3e', 'e90b335f-dd56-47a7-96c0-2ae511333f95', 'google', 'npkofuDsgEp6mS4B42jo9sw4CabI8EtAI4M25sq9jfrkg73fwWI8dl0B3ALvVichMEeAjIR0i6lcleWp+2uK+w==:DhdQXu/7chI7gA85PdZa/Q==:QldniRLE7EaRXOk4J1PLQA==:RkEWTozKnR214IePu11GIGk2CM5+KSs6Xm9M1Dx1PvZLByLwkAxucNA05TE/+gfthsaVVv55uZ+Kdm33aCdpADAdoQ++gh/EoBLTWkJfqr6leRupo6Hv+eXqo8aQIZar0AXHmBh7Zay8Oj7mytLVnBcxfQp7WFKC2jWZ2xA1acmhwVNcE2wgmXfZ50PSZLFBnx+LlFlXpaPP+AwCV+kEKHqgQ+sffWVqX6Uu2d6t0LVeAy1VY4VdlFKXbXZwhRSY8KnlmT4PZc7cqDMJMVWyJlHpFU+mk/lHePkE5Kk5JhU+dpcyR1Q5fN9rF2GUedu1L0j8BU99C6utnxKQwBs=', 'jPkUF916m7C5fE1Um5dze+tNOF+eCp/W4ZadRTiSOy8nyxgJEZKM3NOV02WSk9ucBIASZzSP8Hx7vTRGgDc5DQ==:SPTAVyNev+HlCip7VvkG1g==:h9v3p4jRjuTuU6jEc9R0vw==:L3FO1HZjPSDwWvGXFXZeHPv/RrG4/dtrsz80IfiHzfbUp7SiAuuqI4kAzoJoj/5xDedxUSAK7W01P5GOXScs4j1XoAiTpssvP8atU8DianMgdhd9wV4HgG9LGeISTK6qWqmqRrFCwQ==', '2026-03-13 01:26:02.711+00', 'ridz.techtube@gmail.com', '2026-03-07 07:57:55.438371+00', '2026-03-13 00:26:07.106+00', true, '{"reminder_minutes": 15, "auto_sync_signups": false, "auto_sync_new_projects": false, "volunteering_calendar_id": "05cc3f598074dc9835ed881ef7b973e09cd9d73d33a658061174415db27cfbec@group.calendar.google.com"}', '2026-03-07 07:57:55.438371+00', '2026-03-13 00:26:07.117647+00', 'https://www.googleapis.com/auth/calendar https://www.googleapis.com/auth/userinfo.email openid', '2026-03-07 07:57:55.103+00', 'calendar');


--
-- Data for Name: user_emails; Type: TABLE DATA; Schema: public; Owner: postgres
--

INSERT INTO "public"."user_emails" ("id", "user_id", "email", "is_primary", "verified_at", "verification_token", "created_at", "updated_at") VALUES
	('857d6272-1570-4da6-b571-30a3035075a0', '0b5c3672-9ffc-4559-a6e6-3f7448ced86d', 'nareddyramana@troop941.org', true, '2026-02-13 04:58:26.061+00', NULL, '2026-02-13 04:57:12.112766+00', '2026-02-13 04:57:12.112766+00'),
	('d6392e35-00d5-4631-84a4-1a5670d09eaf', 'c244d427-717e-4bd9-93c2-0817fbd1fc38', 'paregururaj@troop941.org', true, '2026-02-13 05:47:41.459188+00', NULL, '2026-02-13 05:47:41.459188+00', '2026-02-13 05:47:41.459188+00'),
	('8b52252f-9c8a-4736-bf3d-932b3f64f17a', 'f5776495-1d20-4d80-ab06-776c7e341175', 'gottschalkkirk@troop941.org', true, '2026-02-15 17:16:15.681495+00', NULL, '2026-02-15 17:16:15.681495+00', '2026-02-15 17:16:15.681495+00'),
	('8c1ca01d-18c7-452b-bed2-500320a2f494', '4341c24a-7f80-40af-8ee3-e8966f64eb11', 'singhaludi@troop941.org', true, '2026-02-16 04:28:42.54774+00', NULL, '2026-02-16 04:28:42.54774+00', '2026-02-16 04:28:42.54774+00'),
	('ed536ad4-990d-481d-8a82-6a77915449a3', 'b1b466ae-6a6e-4e5d-8d08-6c992be19bb0', 'saxenakrish@troop941.org', true, '2026-02-17 16:10:26.32674+00', NULL, '2026-02-17 16:10:26.32674+00', '2026-02-17 16:10:26.32674+00'),
	('f765d8b8-ed3f-44d8-a965-ebdfa246d31e', 'b5acfa2f-e2ca-41d6-b862-f76b5fec26b9', 'sagarparag@troop941.org', true, '2026-02-17 16:13:50.746854+00', NULL, '2026-02-17 16:13:50.746854+00', '2026-02-17 16:13:50.746854+00'),
	('62de9761-0dfa-41b8-98ab-8f1273c1fd60', 'ec320402-3ee3-48d4-ae3b-56646960c0bf', 'gerbert.scott@gmail.com', true, '2026-02-09 23:18:00.069238+00', NULL, '2026-02-09 23:18:00.069238+00', '2026-02-09 23:18:00.069238+00'),
	('8a080e13-824f-4ee6-bd19-8b4d7dbcab95', 'd56bb46c-e544-40c7-9508-3e58f60a8cb0', 'krishnakumardhanvin@troop941.org', true, '2026-01-05 17:12:54.237+00', NULL, '2026-01-05 16:55:52.097471+00', '2026-01-05 16:55:52.097471+00'),
	('4673114d-3422-4774-b1c1-cfe0daed395d', '88cfede8-f76c-4c3e-8946-b4aad8580dcf', 'krana002@gmail.com', true, '2026-01-07 04:14:00.178+00', NULL, '2026-01-07 04:12:40.107911+00', '2026-01-07 04:12:40.107911+00'),
	('497ddd6e-b3ea-44d5-80ee-2020044505c9', 'c95ef609-6adf-43d2-b8f0-82dcfb2a4b19', 'shlokmadhekar88@gmail.com', true, '2026-01-09 02:55:02.94616+00', NULL, '2026-01-09 02:55:02.94616+00', '2026-01-09 02:55:02.94616+00'),
	('c3b3aef9-bbd4-4215-9d30-82934b7a885f', 'cab30dd9-87e9-42f2-83b6-a35d15c6a22d', 'lamnicholas@troop941.org', true, '2026-01-09 21:03:11.543394+00', NULL, '2026-01-09 21:03:11.543394+00', '2026-01-09 21:03:11.543394+00'),
	('7c39baae-400c-4e6e-8ea9-543594598cfd', '54941f39-c830-4842-a8df-34aa52fe47d1', 'admin@lets-assist.com', true, '2026-01-13 18:41:39.1+00', NULL, '2026-01-13 18:41:39.24841+00', '2026-01-13 18:41:39.24841+00'),
	('a950ba5e-eeba-4143-a1d7-a748405f2d70', 'ebde38f5-37b2-46c1-b7e8-87f1c36ccbc2', 'q6oiu@virgilian.com', true, '2026-01-29 02:36:26.515755+00', NULL, '2026-01-29 02:36:26.515755+00', '2026-01-29 02:36:26.515755+00'),
	('ca26d240-a7be-437d-bdb4-a3654968dfc8', '12be5ade-341c-4fc6-a2cf-158248d93c86', 'patelbijal@troop941.org', true, '2026-02-10 16:03:42.459206+00', NULL, '2026-02-10 16:03:42.459206+00', '2026-02-10 16:03:42.459206+00'),
	('249f36de-1409-42f1-85d6-5159fce38347', '5e46b0c7-e263-4c84-99bf-f82aef05cc69', 'surya.premk@gmail.com', true, '2026-01-16 18:46:59.321661+00', NULL, '2026-01-16 18:46:59.321661+00', '2026-01-16 18:46:59.321661+00'),
	('3124b4f8-46fc-414c-9573-196d38218c2f', 'be436566-98c1-4a7b-abc0-0e7e2365dfca', 'jhanavan@srvusd.net', true, '2026-01-14 14:29:46.624481+00', NULL, '2026-01-14 14:29:46.624481+00', '2026-01-14 14:29:46.624481+00'),
	('563ef166-e6b5-4078-97e9-d07928e8d8c0', '82d3edc5-82ba-4554-8063-d325c24406e5', 'anaygandhi10@gmail.com', true, '2026-01-17 00:23:31.326689+00', NULL, '2026-01-17 00:23:31.326689+00', '2026-01-17 00:23:31.326689+00'),
	('a2e9d7bb-3f5c-493c-8afc-f7e9afd54221', 'e9c7b7eb-e47a-4951-8444-475c3f7057b9', 'mbasu@srvusd.net', true, '2026-02-01 02:48:55.661231+00', NULL, '2026-02-01 02:48:55.661231+00', '2026-02-01 02:48:55.661231+00'),
	('ade3aa48-b709-40d7-aad7-ebb20c6e9af6', 'f547b4cc-aabc-45cd-a947-b109b5d7c751', 'jaitly.ansh.1@gmail.com', true, '2026-02-10 18:14:17.150893+00', NULL, '2026-02-10 18:14:17.150893+00', '2026-02-10 18:14:17.150893+00'),
	('03dec3fb-ea97-4910-a651-459edbbdbe6b', 'b9a14c59-3a2f-4295-b8e2-99edcb7d2801', 'sturmclaire@troop941.org', true, '2026-02-10 23:47:11.369486+00', NULL, '2026-02-10 23:47:11.369486+00', '2026-02-10 23:47:11.369486+00'),
	('5e0257a0-ce69-45ec-8d4d-c14538d8d0b1', '0257affd-7012-4c14-9c88-9ae35cc89ea2', 'qnxx8n@dollicons.com', true, '2026-02-11 00:01:02.904973+00', NULL, '2026-02-11 00:01:02.904973+00', '2026-02-11 00:01:02.904973+00'),
	('22e3559c-5778-4bbc-a8da-0208a79b4d89', '4a1e4ec1-97fa-4b39-a0aa-e71ad9c4b698', 'chounathaniel@troop941.org', true, '2026-02-11 00:14:49.948066+00', NULL, '2026-02-11 00:14:49.948066+00', '2026-02-11 00:14:49.948066+00'),
	('f7c6aee9-a7e9-4ce1-9776-30c2d2efbe4c', '1982b385-1257-49a5-8dbf-9f49df309e25', '245005@students.srvusd.net', true, '2025-11-21 19:18:51.129+00', NULL, '2025-11-21 19:18:51.254667+00', '2025-11-21 19:18:51.254667+00'),
	('65c07b1e-ca07-4c8f-afa0-6f70d721af29', '62250190-33d8-471d-bc56-a1efc978c184', 'vkeshav300@gmail.com', true, '2026-02-23 02:22:12.281+00', NULL, '2026-02-23 02:21:29.618413+00', '2026-02-23 02:21:29.618413+00'),
	('91e4cdb3-5954-423b-8844-12a0a430061a', '68dab869-c875-408b-aece-95f79e40b250', 'orionliveai@gmail.com', true, '2026-03-12 15:37:27.214+00', NULL, '2026-03-12 15:36:23.397082+00', '2026-03-12 15:36:23.397082+00'),
	('b9a7452b-a0d9-4ef3-a9b2-13ae65306fbb', '6d84a3bc-b240-4ff9-aa3d-bea213696874', 'jonkelley@gmail.com', true, '2025-12-09 04:43:44.429656+00', NULL, '2025-12-09 04:43:44.429656+00', '2025-12-09 04:43:44.429656+00'),
	('20c715d7-861f-442d-b9b0-61bfc7f434d8', '0cea39a5-6939-4db1-a896-22c3cad1c90d', 'sharvsalkar@gmail.com', true, '2025-12-22 01:30:50.921279+00', NULL, '2025-12-22 01:30:50.921279+00', '2025-12-22 01:30:50.921279+00'),
	('250eefdd-389a-46b4-96a9-f77ff6bf959d', 'e90b335f-dd56-47a7-96c0-2ae511333f95', 'ridz.techtube@gmail.com', true, '2026-03-13 00:17:27.324+00', NULL, '2026-01-16 05:54:47.02881+00', '2026-01-16 05:54:47.02881+00'),
	('0ed9130f-6708-4eda-9cff-c2d95196d605', '7543ffde-bc9a-421b-ab3a-e346de3112f6', 'rishika.nanda09@gmail.com', true, '2026-02-27 01:12:31.735637+00', NULL, '2026-02-27 01:12:31.735637+00', '2026-02-27 01:12:31.735637+00'),
	('3860c0b8-449d-404a-9eef-cd138dd13f77', '1f1f1083-df8b-4855-b2e1-3a8df544a224', 'nareddyayush@troop941.org', true, '2026-02-11 04:36:35.125942+00', NULL, '2026-02-11 04:36:35.125942+00', '2026-02-11 04:36:35.125942+00'),
	('49a2ed21-a5cc-4144-9ebe-3a6cedb6825c', '017607a4-b111-48ed-8b0b-594694890493', 'bharanishravan@troop941.org', true, '2026-02-11 23:51:16.727118+00', NULL, '2026-02-11 23:51:16.727118+00', '2026-02-11 23:51:16.727118+00'),
	('aeb0f491-6217-4b72-a16f-a1f1dbdde40a', '76b222a9-e3ca-4dc7-8d17-3d350f195599', 'surapanenisujay@troop941.org', true, '2026-02-12 04:35:40.095239+00', NULL, '2026-02-12 04:35:40.095239+00', '2026-02-12 04:35:40.095239+00'),
	('f7471c0e-2d04-4bc7-b1f5-27977deef6c7', '2831cc06-c63e-4c5c-9413-e1226acfd23b', 'krishnakumarnithilan@troop941.org', true, '2026-01-21 04:20:53.825+00', NULL, '2026-01-21 04:11:20.790314+00', '2026-01-21 04:11:20.790314+00'),
	('7a8b2600-9d10-404e-914a-1a12d1085a6b', '2c94347e-f1c6-418c-85f5-175501e3d4de', 'dvhs.hearts4hands@gmail.com', true, '2026-02-12 05:05:38.671399+00', NULL, '2026-02-12 05:05:38.671399+00', '2026-02-12 05:05:38.671399+00'),
	('38c04061-8b5a-4773-a7bb-fa2cb6d75fab', 'e6200108-3c9e-4330-997a-49f16d5f126d', 'khoojenson@troop941.org', true, '2026-02-12 05:24:43.759575+00', NULL, '2026-02-12 05:24:43.759575+00', '2026-02-12 05:24:43.759575+00'),
	('fdb2281a-5f89-4cf9-b9f2-8ec51ae870a8', 'f26cf1a2-b0d5-4069-a30a-a75a209b6888', 'ormangauba@gmail.com', true, '2026-03-06 20:12:42.226+00', NULL, '2025-12-15 16:17:23.868457+00', '2025-12-15 16:17:23.868457+00'),
	('eff27a01-128d-4ad5-8ba7-4db0402f9e92', '5d23c10f-4ee6-48d3-916a-fa39040c3a87', 'p55oj@airsworld.net', true, '2026-01-21 19:10:04.759+00', NULL, '2026-01-21 03:09:17.916395+00', '2026-01-21 03:09:17.916395+00'),
	('7b6cbeb7-2b18-4c5e-a2f8-1e5f1b46ccf5', '3325676a-0d4f-4180-bc7d-09b4c7cbb660', 'xzxbgb@virgilian.com', true, '2026-01-21 20:05:28.905115+00', NULL, '2026-01-21 20:05:28.905115+00', '2026-01-21 20:05:28.905115+00'),
	('a3a5ac40-f25f-4e49-9132-c92ffc94afa2', 'fa5740b3-a762-47fb-aac5-9bcfb586d8cd', 'jdrb4l@virgilian.com', true, '2026-01-22 01:03:26.759135+00', NULL, '2026-01-22 01:03:26.759135+00', '2026-01-22 01:03:26.759135+00'),
	('5c515f94-ec35-4c83-851b-3e45cce24b7d', 'b6ee0559-a406-4992-b621-9c5af015adce', 'riddhiman.rana@gmail.com', true, '2026-03-13 03:54:50.491+00', NULL, '2025-11-28 02:13:23.251986+00', '2025-11-28 02:13:23.251986+00'),
	('02f14ac4-a3bc-4ee0-9a4f-511a1c4625e8', '812030ce-3732-4486-8f06-6993b05bdca9', 'ranariddhiman@troop941.org', true, '2026-03-02 03:29:59.932+00', NULL, '2026-02-10 16:08:21.247979+00', '2026-02-10 16:08:21.247979+00'),
	('f39322aa-61a8-48d9-80b6-7897db3c371d', 'c78117c1-19b6-4dcd-9bd8-18be3c807bb6', 'omkaar.anand@gmail.com', true, '2026-03-14 23:10:02.216+00', NULL, '2026-02-20 02:31:45.665199+00', '2026-02-20 02:31:45.665199+00'),
	('6bf5cfea-2ac1-4c9d-a681-7dad630ede44', 'abd8b49e-8f81-49f5-8fee-c930a3f365ba', 'aliciagholami@gmail.com', true, '2026-02-05 03:45:24.336438+00', NULL, '2026-02-05 03:45:24.336438+00', '2026-02-05 03:45:24.336438+00'),
	('5ea2c97a-87bf-4ac3-a217-e1e17f8fa001', '8e155db9-8bd4-4cb0-a24a-129316fae4fd', 'sanramonythch@gmail.com', true, '2026-02-06 04:42:43.070808+00', NULL, '2026-02-06 04:42:43.070808+00', '2026-02-06 04:42:43.070808+00'),
	('ebd60f29-8a84-4028-9869-b45fc1518423', '86e4ba43-b78f-48a3-b087-1cc4c7fa035b', 'dresslerderek@troop941.org', true, '2026-03-16 14:12:26.517909+00', NULL, '2026-03-16 14:12:26.517909+00', '2026-03-16 14:12:26.517909+00'),
	('5a1fc4f2-cf1e-427d-ac49-c4471361bcb7', '337186dd-158a-49aa-ac17-831fba64f07f', 'tim_jorgenson@hotmail.com', true, '2026-03-17 02:08:24.895041+00', NULL, '2026-03-17 02:08:24.895041+00', '2026-03-17 02:08:24.895041+00'),
	('8279dfd2-885b-4533-beb3-714069410269', 'dc9c65ab-8cf7-4540-9d2e-804494c21ac7', 'ashleyjohn@troop941.org', true, '2026-03-02 05:10:59.458525+00', NULL, '2026-03-02 05:10:59.458525+00', '2026-03-02 05:10:59.458525+00'),
	('95e55a6e-8179-40eb-b725-3a4204e3b554', 'c7d63db2-b086-4958-9727-0cb54f1b9aef', 'danieljones13261@gmail.com', true, '2026-03-08 01:22:39.673971+00', NULL, '2026-03-08 01:22:39.673971+00', '2026-03-08 01:22:39.673971+00'),
	('65ee45a1-3c9f-4376-b009-8a499ee1c475', '63812735-3c32-4e5f-8aaf-eaf032c0fa29', 'jacobsjoseph377@gmail.com', true, '2026-03-08 08:18:32.445+00', NULL, '2026-03-03 07:51:39.982975+00', '2026-03-03 07:51:39.982975+00'),
	('c7a5636e-fd72-4288-aa91-963e51e9652d', 'a31b3304-31d3-47ac-9094-97a7e74220cd', 'sudeendrasankarshana@troop941.org', true, '2026-03-08 21:05:32.563015+00', NULL, '2026-03-08 21:05:32.563015+00', '2026-03-08 21:05:32.563015+00'),
	('6e1e95f2-950d-448b-9f24-6f21dd22fbf7', '0e6eed0f-01e6-47e0-b832-901b4585f5cc', 'dvlovesecondchances@gmail.com', true, '2026-03-10 17:15:10.087478+00', NULL, '2026-03-10 17:15:10.087478+00', '2026-03-10 17:15:10.087478+00'),
	('0e6a4013-7be5-4508-8c37-0e971ae0ec64', 'fc4500e7-d733-4e65-afa6-9de117df7edf', 'vidhyuthr@gmail.com', true, '2026-03-12 15:34:13.456277+00', NULL, '2026-03-12 15:34:13.456277+00', '2026-03-12 15:34:13.456277+00');


--
-- Data for Name: waiver_definitions; Type: TABLE DATA; Schema: public; Owner: postgres
--

INSERT INTO "public"."waiver_definitions" ("id", "scope", "project_id", "title", "version", "active", "pdf_storage_path", "pdf_public_url", "source", "created_by", "created_at", "updated_at") VALUES
	('34f5186b-cda0-4e8f-9b99-cb8429d89b48', 'project', 'aa85b022-6bc8-4eff-8b37-da11661fd95f', 'Project Waiver', 1, true, 'project_waivers/aa85b022-6bc8-4eff-8b37-da11661fd95f/1771052864926_Urban_Riparian_Buffer_Handbook.pdf', 'https://api.lets-assist.com/storage/v1/object/public/waiver-uploads/project_waivers/aa85b022-6bc8-4eff-8b37-da11661fd95f/1771052864926_Urban_Riparian_Buffer_Handbook.pdf', 'project_pdf', 'b6ee0559-a406-4992-b621-9c5af015adce', '2026-02-14 07:07:45.766543+00', '2026-02-14 07:07:45.766543+00'),
	('230ef101-60be-4224-b69d-fa1f1aa7d933', 'project', 'b88d9a6e-642c-44f4-94af-478dbd8a455d', 'Project Waiver', 1, true, 'project_waivers/b88d9a6e-642c-44f4-94af-478dbd8a455d/1771100074172_Volunteer_Waiver_2025.pdf', 'https://api.lets-assist.com/storage/v1/object/public/waiver-uploads/project_waivers/b88d9a6e-642c-44f4-94af-478dbd8a455d/1771100074172_Volunteer_Waiver_2025.pdf', 'project_pdf', 'b6ee0559-a406-4992-b621-9c5af015adce', '2026-02-14 20:14:35.497134+00', '2026-02-14 20:14:35.497134+00'),
	('9b084f00-4b9d-4d16-ac44-d58b62d078a8', 'project', 'f2a201ab-4e84-4250-a94e-07711c1dddff', 'Project Waiver', 1, true, 'project_waivers/f2a201ab-4e84-4250-a94e-07711c1dddff/1771209013649_Shoreline_Waiver_Agreement.pdf', 'https://api.lets-assist.com/storage/v1/object/public/waiver-uploads/project_waivers/f2a201ab-4e84-4250-a94e-07711c1dddff/1771209013649_Shoreline_Waiver_Agreement.pdf', 'project_pdf', 'b6ee0559-a406-4992-b621-9c5af015adce', '2026-02-16 02:30:14.656947+00', '2026-02-16 02:30:14.656947+00'),
	('06e07195-3a72-4c41-9581-3c9477269735', 'project', '451c8c6e-30be-4dc5-a3c2-2d2ea3744d8b', 'Project Waiver', 1, true, 'project_waivers/451c8c6e-30be-4dc5-a3c2-2d2ea3744d8b/1771219991790_Volunteer_Waiver_2025.pdf', 'https://api.lets-assist.com/storage/v1/object/public/waiver-uploads/project_waivers/451c8c6e-30be-4dc5-a3c2-2d2ea3744d8b/1771219991790_Volunteer_Waiver_2025.pdf', 'project_pdf', 'b6ee0559-a406-4992-b621-9c5af015adce', '2026-02-16 05:33:13.969985+00', '2026-02-16 05:33:13.969985+00'),
	('aa23deb4-7f8d-44bf-a719-5ae1350d080c', 'project', '6bcfd602-a53c-4491-a3a9-369b978a3c89', 'Project Waiver', 1, true, 'project_waivers/6bcfd602-a53c-4491-a3a9-369b978a3c89/1771282486425_Sample_Volunteer_Waiver.pdf', 'https://api.lets-assist.com/storage/v1/object/public/waiver-uploads/project_waivers/6bcfd602-a53c-4491-a3a9-369b978a3c89/1771282486425_Sample_Volunteer_Waiver.pdf', 'project_pdf', 'b6ee0559-a406-4992-b621-9c5af015adce', '2026-02-16 22:54:47.39912+00', '2026-02-16 22:54:47.39912+00'),
	('8f95b5cf-236f-4935-8070-9b34585835bb', 'project', 'e8460e44-4ec4-45d1-9297-54d9e151caa2', 'Project Waiver', 1, true, 'project_waivers/e8460e44-4ec4-45d1-9297-54d9e151caa2/1771295214042_Sample_Volunteer_Waiver.pdf', 'https://api.lets-assist.com/storage/v1/object/public/waiver-uploads/project_waivers/e8460e44-4ec4-45d1-9297-54d9e151caa2/1771295214042_Sample_Volunteer_Waiver.pdf', 'project_pdf', 'b6ee0559-a406-4992-b621-9c5af015adce', '2026-02-17 02:26:56.007844+00', '2026-02-17 02:26:56.007844+00'),
	('f24509f7-3560-4538-aeed-7217eca57905', 'project', '9f647ff0-d904-420b-9204-f3e5d3c58446', 'Project Waiver', 1, true, 'project_waivers/9f647ff0-d904-420b-9204-f3e5d3c58446/1771302076460_Sample_Volunteer_Waiver.pdf', 'https://api.lets-assist.com/storage/v1/object/public/waiver-uploads/project_waivers/9f647ff0-d904-420b-9204-f3e5d3c58446/1771302076460_Sample_Volunteer_Waiver.pdf', 'project_pdf', 'b6ee0559-a406-4992-b621-9c5af015adce', '2026-02-17 04:21:18.477904+00', '2026-02-17 04:26:39.146+00'),
	('0774c57d-85f8-43ca-ace4-47c666180da4', 'project', '5dd96848-35ba-4056-8682-1e6f7c1ad52f', 'Project Waiver', 1, true, 'project_waivers/5dd96848-35ba-4056-8682-1e6f7c1ad52f/1772135705846_Sample_Volunteer_Waiver.pdf', 'https://api.lets-assist.com/storage/v1/object/public/waiver-uploads/project_waivers/5dd96848-35ba-4056-8682-1e6f7c1ad52f/1772135705846_Sample_Volunteer_Waiver.pdf', 'project_pdf', 'b6ee0559-a406-4992-b621-9c5af015adce', '2026-02-26 19:55:06.782821+00', '2026-02-26 19:55:06.782821+00'),
	('3fd3f5ee-c2c2-4ed4-accc-afd98868f8ec', 'project', 'f5fb7a5c-52b9-40bc-bd3c-d7692593828b', 'Project Waiver', 1, true, 'project_waivers/f5fb7a5c-52b9-40bc-bd3c-d7692593828b/1772136408270_Volunteer_Liability_Waiver_SLS_Sample_Jul_6_2021.pdf', 'https://api.lets-assist.com/storage/v1/object/public/waiver-uploads/project_waivers/f5fb7a5c-52b9-40bc-bd3c-d7692593828b/1772136408270_Volunteer_Liability_Waiver_SLS_Sample_Jul_6_2021.pdf', 'project_pdf', 'b6ee0559-a406-4992-b621-9c5af015adce', '2026-02-26 20:06:49.271796+00', '2026-02-26 20:06:49.271796+00'),
	('cad426f5-7ada-45b7-8df0-6e36faf80544', 'project', '49da960e-0dda-4e3d-a591-831dd5c28ba4', 'Project Waiver', 1, true, 'project_waivers/49da960e-0dda-4e3d-a591-831dd5c28ba4/1772497204542_Sample_Volunteer_Waiver.pdf', 'https://api.lets-assist.com/storage/v1/object/public/waiver-uploads/project_waivers/49da960e-0dda-4e3d-a591-831dd5c28ba4/1772497204542_Sample_Volunteer_Waiver.pdf', 'project_pdf', 'b6ee0559-a406-4992-b621-9c5af015adce', '2026-03-03 00:20:05.00644+00', '2026-03-03 00:20:05.00644+00'),
	('0360c364-0a01-448a-affe-7d0d94a194ae', 'project', '934cb8b2-08de-4ae8-96e7-54c47cc448ae', 'Project Waiver', 1, true, 'project_waivers/934cb8b2-08de-4ae8-96e7-54c47cc448ae/1772837989583_Sample_Volunteer_Waiver.pdf', 'https://api.lets-assist.com/storage/v1/object/public/waiver-uploads/project_waivers/934cb8b2-08de-4ae8-96e7-54c47cc448ae/1772837989583_Sample_Volunteer_Waiver.pdf', 'project_pdf', 'b6ee0559-a406-4992-b621-9c5af015adce', '2026-03-06 22:59:50.068249+00', '2026-03-06 22:59:50.068249+00'),
	('4317d2ba-a81b-405c-ab60-f5bc9521faf4', 'project', 'feb01f28-1735-4643-833e-be36d3d7d045', 'Project Waiver', 1, true, 'project_waivers/feb01f28-1735-4643-833e-be36d3d7d045/1772873174752_Sample_Volunteer_Waiver.pdf', 'https://api.lets-assist.com/storage/v1/object/public/waiver-uploads/project_waivers/feb01f28-1735-4643-833e-be36d3d7d045/1772873174752_Sample_Volunteer_Waiver.pdf', 'project_pdf', '812030ce-3732-4486-8f06-6993b05bdca9', '2026-03-07 08:46:15.277774+00', '2026-03-07 08:46:15.277774+00'),
	('166f96a8-0123-428b-90ec-75462ed400bf', 'project', '0488d1cf-6b77-4cf4-8a1f-93bdb53b1475', 'Project Waiver', 1, true, 'project_waivers/0488d1cf-6b77-4cf4-8a1f-93bdb53b1475/1772936545596_Sample_Volunteer_Waiver.pdf', 'https://api.lets-assist.com/storage/v1/object/public/waiver-uploads/project_waivers/0488d1cf-6b77-4cf4-8a1f-93bdb53b1475/1772936545596_Sample_Volunteer_Waiver.pdf', 'project_pdf', 'b6ee0559-a406-4992-b621-9c5af015adce', '2026-03-08 02:22:26.537898+00', '2026-03-08 02:22:26.537898+00'),
	('9b8c3b0a-f477-4450-9663-be72d95dd5d5', 'project', 'a4e570ed-7e8b-4861-b4f0-07a89da9e897', 'Project Waiver', 1, true, 'project_waivers/a4e570ed-7e8b-4861-b4f0-07a89da9e897/1773269951359_Sample_Volunteer_Waiver.pdf', 'https://api.lets-assist.com/storage/v1/object/public/waiver-uploads/project_waivers/a4e570ed-7e8b-4861-b4f0-07a89da9e897/1773269951359_Sample_Volunteer_Waiver.pdf', 'project_pdf', 'b6ee0559-a406-4992-b621-9c5af015adce', '2026-03-11 22:59:11.879402+00', '2026-03-11 22:59:11.879402+00'),
	('863a3f4e-60bd-40a1-8ff6-c02222fc89b8', 'project', 'bd9c9819-7a06-4f37-bcb0-4c485445126f', 'Project Waiver', 1, true, 'project_waivers/bd9c9819-7a06-4f37-bcb0-4c485445126f/1773360360911_Sample_Volunteer_Waiver.pdf', 'https://api.lets-assist.com/storage/v1/object/public/waiver-uploads/project_waivers/bd9c9819-7a06-4f37-bcb0-4c485445126f/1773360360911_Sample_Volunteer_Waiver.pdf', 'project_pdf', 'b6ee0559-a406-4992-b621-9c5af015adce', '2026-03-13 00:06:01.586226+00', '2026-03-13 00:06:01.586226+00');


--
-- Data for Name: waiver_definition_fields; Type: TABLE DATA; Schema: public; Owner: postgres
--

INSERT INTO "public"."waiver_definition_fields" ("id", "waiver_definition_id", "field_key", "field_type", "label", "required", "source", "pdf_field_name", "page_index", "rect", "signer_role_key", "meta", "created_at", "updated_at") VALUES
	('30026456-f997-46f5-938e-d5d70db8df3a', '230ef101-60be-4224-b69d-fa1f1aa7d933', 'ai_1771099817596_0', 'text', 'Name of volunteer (MINOR)', false, 'custom_overlay', NULL, 0, '{"x": 0, "y": 326.9664, "width": 290.0268, "height": 20}', 'volunteer', '{"original_field_type": "name"}', '2026-02-14 20:14:35.687947+00', '2026-02-14 20:14:35.687947+00'),
	('5be63a90-3629-4782-9b12-f16d41625d67', '230ef101-60be-4224-b69d-fa1f1aa7d933', 'ai_1771099817596_1', 'signature', 'Signature of volunteer (MINOR)', false, 'custom_overlay', NULL, 0, '{"x": 0, "y": 217.99039999999997, "width": 290.0268, "height": 20}', 'volunteer', NULL, '2026-02-14 20:14:35.687947+00', '2026-02-14 20:14:35.687947+00'),
	('246ba36a-5303-4b85-960f-ba4a4f95d218', '230ef101-60be-4224-b69d-fa1f1aa7d933', 'ai_1771099817596_2', 'text', 'Name of parent/guardian', false, 'custom_overlay', NULL, 0, '{"x": 0, "y": 255.01440000000002, "width": 290.0268, "height": 20}', 'parent', '{"original_field_type": "name"}', '2026-02-14 20:14:35.687947+00', '2026-02-14 20:14:35.687947+00'),
	('e57a0e63-d332-492d-8399-9af257351987', '230ef101-60be-4224-b69d-fa1f1aa7d933', 'ai_1771099817596_3', 'signature', 'Signature of parent/guardian', false, 'custom_overlay', NULL, 0, '{"x": 0, "y": 290.9592, "width": 290.0268, "height": 20}', 'parent', NULL, '2026-02-14 20:14:35.687947+00', '2026-02-14 20:14:35.687947+00'),
	('f364fbbc-9def-4236-a5ca-0025ea0e6aba', '230ef101-60be-4224-b69d-fa1f1aa7d933', 'ai_1771099817596_4', 'text', 'e-mail of parent/guardian', false, 'custom_overlay', NULL, 0, '{"x": 0, "y": 181.9832, "width": 290.0268, "height": 20}', 'parent', '{"original_field_type": "email"}', '2026-02-14 20:14:35.687947+00', '2026-02-14 20:14:35.687947+00'),
	('99766edb-b6fc-48bf-b723-4fb3e0be6671', '230ef101-60be-4224-b69d-fa1f1aa7d933', 'ai_1771099817596_5', 'text', 'Cell phone of parent/guardian', false, 'custom_overlay', NULL, 0, '{"x": 19, "y": 148.0072, "width": 238.02679999999998, "height": 20}', 'parent', '{"original_field_type": "phone"}', '2026-02-14 20:14:35.687947+00', '2026-02-14 20:14:35.687947+00'),
	('a1e55146-7a19-428e-8fbf-9b3f66114f6e', '230ef101-60be-4224-b69d-fa1f1aa7d933', 'ai_1771099817596_6', 'text', 'Name of volunteer (ADULT)', false, 'custom_overlay', NULL, 0, '{"x": 216.97320000000002, "y": 320.9664, "width": 290.0268, "height": 20}', 'volunteer', '{"original_field_type": "name"}', '2026-02-14 20:14:35.687947+00', '2026-02-14 20:14:35.687947+00'),
	('5c0f33b5-f8e8-4f38-8718-e6bbe2f84fcc', '230ef101-60be-4224-b69d-fa1f1aa7d933', 'ai_1771099817596_7', 'signature', 'Signature of volunteer (ADULT)', false, 'custom_overlay', NULL, 0, '{"x": 237.97320000000002, "y": 290.99039999999997, "width": 290.0268, "height": 20}', 'volunteer', NULL, '2026-02-14 20:14:35.687947+00', '2026-02-14 20:14:35.687947+00'),
	('afce3289-28a7-474e-b051-09f1abded1d6', '230ef101-60be-4224-b69d-fa1f1aa7d933', 'ai_1771099817596_8', 'text', 'e-mail of volunteer', false, 'custom_overlay', NULL, 0, '{"x": 228.97320000000002, "y": 249.01440000000002, "width": 290.0268, "height": 20}', 'volunteer', '{"original_field_type": "email"}', '2026-02-14 20:14:35.687947+00', '2026-02-14 20:14:35.687947+00'),
	('5eb92bde-c8e1-4b64-88f6-7717c06fb082', '230ef101-60be-4224-b69d-fa1f1aa7d933', 'ai_1771099817596_9', 'text', 'Cell phone of volunteer', false, 'custom_overlay', NULL, 0, '{"x": 226.97320000000002, "y": 219.9592, "width": 290.0268, "height": 20}', 'volunteer', '{"original_field_type": "phone"}', '2026-02-14 20:14:35.687947+00', '2026-02-14 20:14:35.687947+00'),
	('20638b26-d7e5-4a13-b04b-5788691698be', '230ef101-60be-4224-b69d-fa1f1aa7d933', 'ai_1771099817596_10', 'text', 'Name of emergency contact', false, 'custom_overlay', NULL, 0, '{"x": 241.97320000000002, "y": 182.9832, "width": 290.0268, "height": 20}', 'volunteer', NULL, '2026-02-14 20:14:35.687947+00', '2026-02-14 20:14:35.687947+00'),
	('ede2540f-b815-4943-9dc8-70b4ea409466', '230ef101-60be-4224-b69d-fa1f1aa7d933', 'ai_1771099817596_11', 'text', 'Cell phone of emergency contact', false, 'custom_overlay', NULL, 0, '{"x": 240.97320000000002, "y": 149.0072, "width": 290.0268, "height": 20}', 'volunteer', '{"original_field_type": "phone"}', '2026-02-14 20:14:35.687947+00', '2026-02-14 20:14:35.687947+00'),
	('d0e5eb5a-cd63-40aa-b918-0d7aa906aa0c', '230ef101-60be-4224-b69d-fa1f1aa7d933', 'ai_1771099817596_12', 'text', 'Permission to use pictures initial', false, 'custom_overlay', NULL, 0, '{"x": 207.97119999999998, "y": 43.03120000000001, "width": 226, "height": 20}', 'volunteer', '{"original_field_type": "initial"}', '2026-02-14 20:14:35.687947+00', '2026-02-14 20:14:35.687947+00'),
	('cd3f65dd-4ec4-409e-a243-fa8b356542a2', '9b084f00-4b9d-4d16-ac44-d58b62d078a8', 'ai_1771208950992_0', 'text', 'Print Volunteer Name', true, 'custom_overlay', NULL, 0, '{"x": 71.97456000000003, "y": 589.5167999999999, "width": 460.7808959999994, "height": 14}', 'volunteer', '{"original_field_type": "name"}', '2026-02-16 02:30:14.871804+00', '2026-02-16 02:30:14.871804+00'),
	('5129fc84-f867-4900-adf9-b3827a30a6a1', '9b084f00-4b9d-4d16-ac44-d58b62d078a8', 'ai_1771208950992_1', 'date', 'Date', true, 'custom_overlay', NULL, 0, '{"x": 107.98703999999998, "y": 536.4585599999998, "width": 256.52543999999926, "height": 14}', 'volunteer', NULL, '2026-02-16 02:30:14.871804+00', '2026-02-16 02:30:14.871804+00'),
	('79afdd7e-7792-43b4-b41c-1887988ed22a', '9b084f00-4b9d-4d16-ac44-d58b62d078a8', 'ai_1771208950992_2', 'signature', 'Signature of Volunteer', true, 'custom_overlay', NULL, 2, '{"x": 72.01103999999995, "y": 616.0459199999999, "width": 474.138191999999, "height": 18}', 'volunteer', NULL, '2026-02-16 02:30:14.871804+00', '2026-02-16 02:30:14.871804+00'),
	('7cb68c32-3145-4d5d-b7d1-6834bd106fcd', '9b084f00-4b9d-4d16-ac44-d58b62d078a8', 'ai_1771208950992_3', 'text', 'Print Name of Volunteer', true, 'custom_overlay', NULL, 2, '{"x": 481.89751999999993, "y": 602.8420799999999, "width": 84.26385599999895, "height": 14}', 'volunteer', '{"original_field_type": "name"}', '2026-02-16 02:30:14.871804+00', '2026-02-16 02:30:14.871804+00'),
	('f9b423da-dbc9-4f79-b7c3-6ec3b1bce757', '9b084f00-4b9d-4d16-ac44-d58b62d078a8', 'ai_1771208950992_4', 'text', 'Print Address', false, 'custom_overlay', NULL, 2, '{"x": 71.99999999999983, "y": 562.9876799999998, "width": 294.2700959999995, "height": 14}', 'volunteer', '{"original_field_type": "address"}', '2026-02-16 02:30:14.871804+00', '2026-02-16 02:30:14.871804+00'),
	('8596bc07-7f13-46a2-8976-eed845fef96b', '9b084f00-4b9d-4d16-ac44-d58b62d078a8', 'ai_1771208950992_5', 'date', 'Dated', true, 'custom_overlay', NULL, 2, '{"x": 72, "y": 655.90032, "width": 132.27575999999996, "height": 14}', 'volunteer', NULL, '2026-02-16 02:30:14.871804+00', '2026-02-16 02:30:14.871804+00'),
	('518a2584-3cb3-4ec4-b520-e67c19b3c902', '9b084f00-4b9d-4d16-ac44-d58b62d078a8', 'ai_1771208950992_6', 'signature', 'Signature of Witness', true, 'custom_overlay', NULL, 2, '{"x": 186.20988799999986, "y": 602.8420799999999, "width": 171.790592, "height": 18}', 'witness', NULL, '2026-02-16 02:30:14.871804+00', '2026-02-16 02:30:14.871804+00'),
	('60cd714f-6337-433f-b850-c6e7e8be03a2', '9b084f00-4b9d-4d16-ac44-d58b62d078a8', 'ai_1771208950992_7', 'text', 'Print Name of witness', true, 'custom_overlay', NULL, 2, '{"x": 435.45996799999983, "y": 377.0409599999996, "width": 130.70140799999905, "height": 14}', 'witness', '{"original_field_type": "name"}', '2026-02-16 02:30:14.871804+00', '2026-02-16 02:30:14.871804+00'),
	('d822f49b-f7e5-4792-a259-f6986b8fb366', '9b084f00-4b9d-4d16-ac44-d58b62d078a8', 'ai_1771208950992_8', 'date', 'Dated', true, 'custom_overlay', NULL, 2, '{"x": 71.99999999999984, "y": 430.09919999999966, "width": 198.26735999999966, "height": 14}', 'volunteer', NULL, '2026-02-16 02:30:14.871804+00', '2026-02-16 02:30:14.871804+00'),
	('918e1672-a2b3-40a9-a675-25be2e658ca1', '9b084f00-4b9d-4d16-ac44-d58b62d078a8', 'ai_1771208950992_9', 'signature', 'Signature of Witness', true, 'custom_overlay', NULL, 2, '{"x": 177.57108799999975, "y": 377.0409599999996, "width": 144.45003199999996, "height": 18}', 'witness', NULL, '2026-02-16 02:30:14.871804+00', '2026-02-16 02:30:14.871804+00'),
	('175fbffc-1414-4ebf-bed1-16fed8f72c4b', '9b084f00-4b9d-4d16-ac44-d58b62d078a8', 'ai_1771208950992_10', 'text', 'Name of Parent or Legal Guardian of Volunteer', true, 'custom_overlay', NULL, 3, '{"x": 72, "y": 589.5167999999999, "width": 282.26519999999954, "height": 14}', 'parent_guardian', '{"original_field_type": "name"}', '2026-02-16 02:30:14.871804+00', '2026-02-16 02:30:14.871804+00'),
	('8ff14cb6-9432-4f41-b1aa-444d433a3f7a', '9b084f00-4b9d-4d16-ac44-d58b62d078a8', 'ai_1771208950992_11', 'text', 'Print name of parent or legal guardian', true, 'custom_overlay', NULL, 3, '{"x": 345.402272, "y": 629.3711999999999, "width": 150, "height": 14}', 'parent_guardian', '{"original_field_type": "name"}', '2026-02-16 02:30:14.871804+00', '2026-02-16 02:30:14.871804+00'),
	('76905d5e-993b-4c93-a1df-9acf7411cfc9', '9b084f00-4b9d-4d16-ac44-d58b62d078a8', 'ai_1771208950992_12', 'date', 'Dated', true, 'custom_overlay', NULL, 3, '{"x": 281.8430400000009, "y": 413.18655999999953, "width": 330.1569599999991, "height": 20}', 'parent_guardian', NULL, '2026-02-16 02:30:14.871804+00', '2026-02-16 02:30:14.871804+00'),
	('34a44a42-7177-4901-9493-c58c301ae9b3', '9b084f00-4b9d-4d16-ac44-d58b62d078a8', 'ai_1771208950992_13', 'date', 'Dated', true, 'custom_overlay', NULL, 3, '{"x": 71.97792000000011, "y": 217.62335999999945, "width": 198.26073599999984, "height": 14}', 'parent_guardian', NULL, '2026-02-16 02:30:14.871804+00', '2026-02-16 02:30:14.871804+00'),
	('7f3e0625-fc3f-4cd6-be83-35ac5c72d057', '9b084f00-4b9d-4d16-ac44-d58b62d078a8', 'ai_1771208950992_14', 'signature', 'Signature of Parent or Legal Guardian', true, 'custom_overlay', NULL, 3, '{"x": 48, "y": 339.18655999999953, "width": 227.15695999999912, "height": 20}', 'parent_guardian', NULL, '2026-02-16 02:30:14.871804+00', '2026-02-16 02:30:14.871804+00'),
	('6c1ede6f-be1c-4c02-be7b-94a5277895ec', '9b084f00-4b9d-4d16-ac44-d58b62d078a8', 'ai_1771208950992_15', 'text', 'Print Address', false, 'custom_overlay', NULL, 3, '{"x": 258.8430400000009, "y": 340.18655999999953, "width": 301.1569599999991, "height": 20}', 'parent_guardian', '{"original_field_type": "address"}', '2026-02-16 02:30:14.871804+00', '2026-02-16 02:30:14.871804+00'),
	('25dcdef6-c352-46cd-a8e5-47c98c425278', '9b084f00-4b9d-4d16-ac44-d58b62d078a8', 'ai_1771208950992_16', 'date', 'Dated', true, 'custom_overlay', NULL, 3, '{"x": 71.9779200000001, "y": 164.5651199999995, "width": 468.16003199999903, "height": 14}', 'parent_guardian', NULL, '2026-02-16 02:30:14.871804+00', '2026-02-16 02:30:14.871804+00'),
	('e6f389b8-5af9-4d7c-8fa8-66320a778d6d', '9b084f00-4b9d-4d16-ac44-d58b62d078a8', 'ai_1771208950992_17', 'signature', 'Signature of Witness', true, 'custom_overlay', NULL, 2, '{"x": 71.99999999999983, "y": 390.3662399999996, "width": 474.16137599999905, "height": 18}', 'witness', NULL, '2026-02-16 02:30:14.871804+00', '2026-02-16 02:30:14.871804+00'),
	('37b0cd7a-2208-438d-bcd6-1e864923951e', '9b084f00-4b9d-4d16-ac44-d58b62d078a8', 'ai_1771208950992_18', 'text', 'Print Name of witness', true, 'custom_overlay', NULL, 3, '{"x": 435.4400960000002, "y": 151.2398399999995, "width": 124.69785599999892, "height": 14}', 'witness', '{"original_field_type": "name"}', '2026-02-16 02:30:14.871804+00', '2026-02-16 02:30:14.871804+00'),
	('5d979f87-33eb-430f-8853-d85db5926eb1', '06e07195-3a72-4c41-9581-3c9477269735', 'ai_1771219909391_0', 'text', 'Name of volunteer:', true, 'custom_overlay', NULL, 0, '{"x": 50.48269168359376, "y": 627.368652985, "width": 120.68909736328129, "height": 14}', 'volunteer', '{"original_field_type": "name"}', '2026-02-16 05:33:14.205088+00', '2026-02-16 05:33:14.205088+00'),
	('4032408d-668f-4e4a-8699-29548096bd0d', '06e07195-3a72-4c41-9581-3c9477269735', 'ai_1771219909391_1', 'signature', 'Signature of volunteer:', true, 'custom_overlay', NULL, 0, '{"x": 43.412387680542, "y": 291.32373225000003, "width": 134.837612319458, "height": 20}', 'volunteer', NULL, '2026-02-16 05:33:14.205088+00', '2026-02-16 05:33:14.205088+00'),
	('ac466b45-617d-4240-871d-57570bd3f4c4', '06e07195-3a72-4c41-9581-3c9477269735', 'ai_1771219909391_2', 'signature', 'Signature of volunteer**:', true, 'custom_overlay', NULL, 0, '{"x": 275.4084814305422, "y": 292.32373225000003, "width": 192.64550511270988, "height": 20}', 'volunteer', NULL, '2026-02-16 05:33:14.205088+00', '2026-02-16 05:33:14.205088+00'),
	('912e4861-d147-4a19-89bf-6bdeaa7c37a5', '06e07195-3a72-4c41-9581-3c9477269735', 'ai_1771219909391_3', 'text', 'Name of parent/guardian:', false, 'custom_overlay', NULL, 0, '{"x": 45.94539285554197, "y": 252.57568225, "width": 124.30460714445803, "height": 20}', 'parent_guardian', '{"original_field_type": "name"}', '2026-02-16 05:33:14.205088+00', '2026-02-16 05:33:14.205088+00'),
	('7023c953-a38d-4a5d-91a8-4964ba34f82c', '06e07195-3a72-4c41-9581-3c9477269735', 'ai_1771219909391_4', 'text', 'e-mail of parent/guardian:', false, 'custom_overlay', NULL, 0, '{"x": 35.609786855541984, "y": 185.07959225, "width": 122.64021314445802, "height": 20}', 'parent_guardian', '{"original_field_type": "email"}', '2026-02-16 05:33:14.205088+00', '2026-02-16 05:33:14.205088+00'),
	('1db9b8d5-74d7-4d59-bee9-b6b4561f8002', '06e07195-3a72-4c41-9581-3c9477269735', 'ai_1771219909391_5', 'text', 'Cell phone of parent/guardian:', false, 'custom_overlay', NULL, 0, '{"x": 46.66424960554184, "y": 146.33154224999996, "width": 104.58575039445816, "height": 20}', 'parent_guardian', '{"original_field_type": "phone"}', '2026-02-16 05:33:14.205088+00', '2026-02-16 05:33:14.205088+00'),
	('f43892be-4388-4333-ad82-c8840627d7b3', '06e07195-3a72-4c41-9581-3c9477269735', 'ai_1771219909391_6', 'signature', 'Signature of parent/guardian*/**:', false, 'custom_overlay', NULL, 0, '{"x": 50.15937800554204, "y": 220.82763225000005, "width": 92.09062199445796, "height": 20}', 'parent_guardian', NULL, '2026-02-16 05:33:14.205088+00', '2026-02-16 05:33:14.205088+00'),
	('eef9c2fe-a3aa-44a3-81ea-e4e60f00dbe5', '06e07195-3a72-4c41-9581-3c9477269735', 'ai_1771219909391_7', 'text', 'e-mail of volunteer:', false, 'custom_overlay', NULL, 0, '{"x": 269.6341779305419, "y": 257.57568225, "width": 215.4198086127102, "height": 20}', 'volunteer', '{"original_field_type": "email"}', '2026-02-16 05:33:14.205088+00', '2026-02-16 05:33:14.205088+00'),
	('5b5c7782-660b-4c41-bbfc-cb641013fe73', '06e07195-3a72-4c41-9581-3c9477269735', 'ai_1771219909391_8', 'text', 'Cell phone of volunteer:', false, 'custom_overlay', NULL, 0, '{"x": 276.688640680542, "y": 219.82763225000005, "width": 180, "height": 20}', 'volunteer', '{"original_field_type": "phone"}', '2026-02-16 05:33:14.205088+00', '2026-02-16 05:33:14.205088+00'),
	('e29129dc-9773-430a-aec9-0d850ab99e2f', '06e07195-3a72-4c41-9581-3c9477269735', 'ai_1771219909391_9', 'text', 'Name of volunteer:', true, 'custom_overlay', NULL, 0, '{"x": 47.412387680542, "y": 324.32373225000003, "width": 134.837612319458, "height": 20}', 'adult_volunteer', '{"original_field_type": "name"}', '2026-02-16 05:33:14.205088+00', '2026-02-16 05:33:14.205088+00'),
	('b9636a11-6783-498d-a8c8-9c053d4ab9a8', 'aa23deb4-7f8d-44bf-a719-5ae1350d080c', 'ai_1771282344814_0', 'date', 'Date', false, 'custom_overlay', NULL, 1, '{"x": 118.93664, "y": 208.34, "width": 120, "height": 14}', 'parent_guardian', NULL, '2026-02-16 22:54:47.629122+00', '2026-02-16 22:54:47.629122+00'),
	('ac81d86c-bb6c-4f6f-8180-0e5cad21d0af', 'aa23deb4-7f8d-44bf-a719-5ae1350d080c', 'ai_1771282344814_1', 'date', 'Date', false, 'custom_overlay', NULL, 1, '{"x": 114.93664, "y": 342.53, "width": 120, "height": 20}', 'volunteer', NULL, '2026-02-16 22:54:47.629122+00', '2026-02-16 22:54:47.629122+00'),
	('7830fecb-493f-4502-bd20-5b3d5c183cb8', 'aa23deb4-7f8d-44bf-a719-5ae1350d080c', 'ai_1771282344814_2', 'signature', 'Signature', true, 'custom_overlay', NULL, 1, '{"x": 335.9093599999999, "y": 339.69, "width": 180, "height": 50}', 'volunteer', NULL, '2026-02-16 22:54:47.629122+00', '2026-02-16 22:54:47.629122+00'),
	('fd210243-4014-4432-9f29-1ba562a824b9', 'aa23deb4-7f8d-44bf-a719-5ae1350d080c', 'ai_1771282344814_3', 'signature', 'Signature', true, 'custom_overlay', NULL, 1, '{"x": 339.3023924705881, "y": 210.02999999999997, "width": 180, "height": 50}', 'parent_guardian', NULL, '2026-02-16 22:54:47.629122+00', '2026-02-16 22:54:47.629122+00'),
	('ff39d138-f86e-4cab-8620-a944cb1a4a0e', 'aa23deb4-7f8d-44bf-a719-5ae1350d080c', 'ai_1771282344814_4', 'text', 'Name', false, 'custom_overlay', NULL, 1, '{"x": 342.76519999999994, "y": 154.96, "width": 179.31583999999998, "height": 20}', 'parent_guardian', '{"original_field_type": "name"}', '2026-02-16 22:54:47.629122+00', '2026-02-16 22:54:47.629122+00'),
	('1722438c-5a8a-49d4-8ff7-ff31925f6314', 'aa23deb4-7f8d-44bf-a719-5ae1350d080c', 'ai_1771282344814_5', 'text', 'Name', false, 'custom_overlay', NULL, 1, '{"x": 342.54839999999984, "y": 297.46, "width": 177.53264000000007, "height": 20}', 'volunteer', '{"original_field_type": "name"}', '2026-02-16 22:54:47.629122+00', '2026-02-16 22:54:47.629122+00'),
	('7af86a51-b058-492f-9505-f6f77acb967c', '8f95b5cf-236f-4935-8070-9b34585835bb', 'ai_1771295151520_0', 'date', 'Date', false, 'custom_overlay', NULL, 1, '{"x": 114.65092571428572, "y": 209.76857142857142, "width": 120, "height": 20}', 'parent_guardian', NULL, '2026-02-17 02:26:56.227445+00', '2026-02-17 02:26:56.227445+00'),
	('88b47eb2-0885-4368-8ded-c14f22b1ab86', '8f95b5cf-236f-4935-8070-9b34585835bb', 'ai_1771295151520_1', 'date', 'Date', false, 'custom_overlay', NULL, 1, '{"x": 118.93664, "y": 345.53, "width": 120, "height": 14}', 'volunteer', NULL, '2026-02-17 02:26:56.227445+00', '2026-02-17 02:26:56.227445+00'),
	('03916e99-9f03-411f-aa9a-c961a2621d04', '8f95b5cf-236f-4935-8070-9b34585835bb', 'ai_1771295151520_2', 'signature', 'Signature', true, 'custom_overlay', NULL, 1, '{"x": 336.4807885714285, "y": 336.26142857142855, "width": 180, "height": 50}', 'volunteer', NULL, '2026-02-17 02:26:56.227445+00', '2026-02-17 02:26:56.227445+00'),
	('9b9652da-e077-43dd-b28b-f2b7bb02b75a', '8f95b5cf-236f-4935-8070-9b34585835bb', 'ai_1771295151520_3', 'signature', 'Signature', true, 'custom_overlay', NULL, 1, '{"x": 340.3023924705881, "y": 201.31571428571434, "width": 180, "height": 50}', 'parent_guardian', NULL, '2026-02-17 02:26:56.227445+00', '2026-02-17 02:26:56.227445+00'),
	('1c27a4d0-7d6d-400a-b049-e416c900d3ac', '8f95b5cf-236f-4935-8070-9b34585835bb', 'ai_1771295151520_4', 'text', 'Name', false, 'custom_overlay', NULL, 1, '{"x": 343.6223428571428, "y": 155.67428571428573, "width": 176.31583999999995, "height": 20}', 'parent_guardian', '{"original_field_type": "name"}', '2026-02-17 02:26:56.227445+00', '2026-02-17 02:26:56.227445+00'),
	('73b24a0d-fe78-45bd-8307-72ad2981831c', '8f95b5cf-236f-4935-8070-9b34585835bb', 'ai_1771295151520_5', 'text', 'Name', false, 'custom_overlay', NULL, 1, '{"x": 336.11982857142846, "y": 294.8885714285714, "width": 185.24692571428577, "height": 20}', 'volunteer', '{"original_field_type": "name"}', '2026-02-17 02:26:56.227445+00', '2026-02-17 02:26:56.227445+00'),
	('1bc02f45-2eba-45cf-a0e3-f0f6177e9931', 'f24509f7-3560-4538-aeed-7217eca57905', 'ai_1771301977250_0', 'date', 'Date', true, 'custom_overlay', NULL, 1, '{"x": 118.93664, "y": 208.34, "width": 120, "height": 14}', 'parent_guardian', NULL, '2026-02-17 04:26:39.573314+00', '2026-02-17 04:26:39.573314+00'),
	('bfcfb0cf-6af7-471c-a87b-be387bff4c94', 'f24509f7-3560-4538-aeed-7217eca57905', 'ai_1771301977250_1', 'date', 'Date', true, 'custom_overlay', NULL, 1, '{"x": 118.93664, "y": 345.53, "width": 120, "height": 14}', 'volunteer', NULL, '2026-02-17 04:26:39.573314+00', '2026-02-17 04:26:39.573314+00'),
	('7dffeec7-00cd-45e1-8f1d-ef800850c6aa', 'f24509f7-3560-4538-aeed-7217eca57905', 'ai_1771301977250_2', 'signature', 'Signature', true, 'custom_overlay', NULL, 1, '{"x": 343.2939753846153, "y": 337.30538461538464, "width": 180, "height": 50}', 'volunteer', NULL, '2026-02-17 04:26:39.573314+00', '2026-02-17 04:26:39.573314+00'),
	('b2c3571a-bde9-46e1-80be-ad989486b302', 'f24509f7-3560-4538-aeed-7217eca57905', 'ai_1771301977250_3', 'signature', 'Signature', true, 'custom_overlay', NULL, 1, '{"x": 347.225469393665, "y": 203.56846153846158, "width": 180, "height": 50}', 'parent_guardian', NULL, '2026-02-17 04:26:39.573314+00', '2026-02-17 04:26:39.573314+00'),
	('67e8b5a6-f986-4ea9-9e8a-6e12e2e80b91', 'f24509f7-3560-4538-aeed-7217eca57905', 'ai_1771301977250_4', 'text', 'Name', true, 'custom_overlay', NULL, 1, '{"x": 344.6113538461538, "y": 155.72923076923078, "width": 179.7773784615384, "height": 20}', 'parent_guardian', '{"original_field_type": "name"}', '2026-02-17 04:26:39.573314+00', '2026-02-17 04:26:39.573314+00'),
	('3a3f0976-1a19-42ba-a9a2-5c636d8e014f', 'f24509f7-3560-4538-aeed-7217eca57905', 'ai_1771301977250_5', 'text', 'Name', true, 'custom_overlay', NULL, 1, '{"x": 337.93301538461526, "y": 294.22923076923075, "width": 184.14802461538466, "height": 20}', 'volunteer', '{"original_field_type": "name"}', '2026-02-17 04:26:39.573314+00', '2026-02-17 04:26:39.573314+00'),
	('dde516c8-491f-488a-b435-0c4ed6ab6488', '3fd3f5ee-c2c2-4ed4-accc-afd98868f8ec', 'ai_1772136215154_0', 'signature', 'Signature', true, 'custom_overlay', NULL, 1, '{"x": 105.15177600000004, "y": 108.6, "width": 180, "height": 50}', 'parent_guardian', NULL, '2026-02-26 20:06:49.445674+00', '2026-02-26 20:06:49.445674+00'),
	('2ae9ce39-d6fb-467b-8410-454ad4ec1dce', '3fd3f5ee-c2c2-4ed4-accc-afd98868f8ec', 'ai_1772136215154_1', 'name', 'Name', true, 'custom_overlay', NULL, 1, '{"x": 302.0404400000004, "y": 132.6, "width": 177, "height": 26}', 'volunteer', NULL, '2026-02-26 20:06:49.445674+00', '2026-02-26 20:06:49.445674+00'),
	('68c4bffb-58fd-4bc2-873d-336da11cf5a6', '3fd3f5ee-c2c2-4ed4-accc-afd98868f8ec', 'ai_1772136215154_2', 'name', 'Name', false, 'custom_overlay', NULL, 1, '{"x": 107.67105999999998, "y": 104.76, "width": 178.16894, "height": 20}', 'parent_guardian', NULL, '2026-02-26 20:06:49.445674+00', '2026-02-26 20:06:49.445674+00'),
	('35383628-822e-455e-8672-791cc5ebbd1a', '3fd3f5ee-c2c2-4ed4-accc-afd98868f8ec', 'ai_1772136215154_3', 'date', 'Date', false, 'custom_overlay', NULL, 1, '{"x": 298.87029199999995, "y": 102.76, "width": 181, "height": 20}', 'volunteer', NULL, '2026-02-26 20:06:49.445674+00', '2026-02-26 20:06:49.445674+00'),
	('e0bf5a79-f32c-4dd3-8989-61c25233f2cf', '3fd3f5ee-c2c2-4ed4-accc-afd98868f8ec', 'ai_1772136215154_4', 'phone', 'Phone', false, 'custom_overlay', NULL, 1, '{"x": 300.11515199999997, "y": 72.92, "width": 180.1536959999995, "height": 20}', 'emergency_contact', NULL, '2026-02-26 20:06:49.445674+00', '2026-02-26 20:06:49.445674+00'),
	('34c1b5f8-65cd-40b6-89c1-5c420264ab97', '3fd3f5ee-c2c2-4ed4-accc-afd98868f8ec', 'custom_1772136298543', 'name', 'Name', true, 'custom_overlay', NULL, 1, '{"x": 102.4375, "y": 67.171875, "width": 187, "height": 29}', 'emergency_contact', NULL, '2026-02-26 20:06:49.445674+00', '2026-02-26 20:06:49.445674+00'),
	('cadf9299-4f04-4287-a910-dd4ce4a55ed6', '3fd3f5ee-c2c2-4ed4-accc-afd98868f8ec', 'custom_1772136318401', 'checkbox', 'Affirm 1', true, 'custom_overlay', NULL, 1, '{"x": 93.4375, "y": 263.171875, "width": 50, "height": 30}', 'volunteer', NULL, '2026-02-26 20:06:49.445674+00', '2026-02-26 20:06:49.445674+00'),
	('4b1518ef-94ba-4447-9d8d-0da79c9952e2', 'cad426f5-7ada-45b7-8df0-6e36faf80544', 'ai_1772494407814_0', 'date', 'Date', false, 'custom_overlay', NULL, 1, '{"x": 118.93664, "y": 208.34, "width": 120, "height": 20}', 'parent_guardian', NULL, '2026-03-03 00:20:05.11949+00', '2026-03-03 00:20:05.11949+00'),
	('53fa16a8-0a77-4ef5-891a-dfd9c16032a4', 'cad426f5-7ada-45b7-8df0-6e36faf80544', 'ai_1772494407814_1', 'date', 'Date', false, 'custom_overlay', NULL, 1, '{"x": 115.93664, "y": 344.53, "width": 120, "height": 20}', 'volunteer', NULL, '2026-03-03 00:20:05.11949+00', '2026-03-03 00:20:05.11949+00'),
	('c6b16ed0-3b23-4679-80eb-a42b4e50c45c', 'cad426f5-7ada-45b7-8df0-6e36faf80544', 'ai_1772494407814_2', 'signature', 'Signature', true, 'custom_overlay', NULL, 1, '{"x": 344.9093599999999, "y": 203.69, "width": 180, "height": 50}', 'parent_guardian', NULL, '2026-03-03 00:20:05.11949+00', '2026-03-03 00:20:05.11949+00'),
	('a820ccf2-cb24-4a46-b339-d5e2b59a0e0f', 'cad426f5-7ada-45b7-8df0-6e36faf80544', 'ai_1772494407814_3', 'signature', 'Signature', true, 'custom_overlay', NULL, 1, '{"x": 339.3023924705881, "y": 337.03, "width": 180, "height": 50}', 'volunteer', NULL, '2026-03-03 00:20:05.11949+00', '2026-03-03 00:20:05.11949+00'),
	('1a862afb-0383-45d3-a79d-49c45c95d93f', 'cad426f5-7ada-45b7-8df0-6e36faf80544', 'ai_1772494407814_4', 'name', 'Name', false, 'custom_overlay', NULL, 1, '{"x": 336.76519999999994, "y": 155.96, "width": 181.31583999999998, "height": 20}', 'parent_guardian', NULL, '2026-03-03 00:20:05.11949+00', '2026-03-03 00:20:05.11949+00'),
	('e0f6c05c-7f58-473f-aeb0-706e30af355d', 'cad426f5-7ada-45b7-8df0-6e36faf80544', 'ai_1772494407814_5', 'name', 'Name', false, 'custom_overlay', NULL, 1, '{"x": 333.54839999999984, "y": 294.46, "width": 181.53264000000007, "height": 20}', 'volunteer', NULL, '2026-03-03 00:20:05.11949+00', '2026-03-03 00:20:05.11949+00'),
	('ce4d21c0-e134-486b-951d-d93912ae6525', '0360c364-0a01-448a-affe-7d0d94a194ae', 'ai_1772769067437_0', 'date', 'Date', false, 'custom_overlay', NULL, 1, '{"x": 118.93664, "y": 208.34, "width": 120, "height": 14}', 'parent_guardian', NULL, '2026-03-06 22:59:50.184405+00', '2026-03-06 22:59:50.184405+00'),
	('c3a1821d-9388-42b5-b0c7-ccca1d338df1', '0360c364-0a01-448a-affe-7d0d94a194ae', 'ai_1772769067437_1', 'date', 'Date', true, 'custom_overlay', NULL, 1, '{"x": 118.93664, "y": 345.53, "width": 120, "height": 20}', 'volunteer', NULL, '2026-03-06 22:59:50.184405+00', '2026-03-06 22:59:50.184405+00'),
	('2ed14e00-5209-47cf-ac9d-24af22cbbda2', '0360c364-0a01-448a-affe-7d0d94a194ae', 'ai_1772769067437_2', 'signature', 'Signature', true, 'custom_overlay', NULL, 1, '{"x": 345.9093599999999, "y": 193.69, "width": 180, "height": 50}', 'parent_guardian', NULL, '2026-03-06 22:59:50.184405+00', '2026-03-06 22:59:50.184405+00'),
	('61df3791-62c3-4622-bbc6-ed14927f93ad', '0360c364-0a01-448a-affe-7d0d94a194ae', 'ai_1772769067437_3', 'signature', 'Signature', true, 'custom_overlay', NULL, 1, '{"x": 339.3023924705881, "y": 344.03, "width": 180, "height": 50}', 'volunteer', NULL, '2026-03-06 22:59:50.184405+00', '2026-03-06 22:59:50.184405+00'),
	('ef63524b-e024-42f3-9346-1c3cefca693c', '0360c364-0a01-448a-affe-7d0d94a194ae', 'ai_1772769067437_4', 'name', 'Name', false, 'custom_overlay', NULL, 1, '{"x": 337.76519999999994, "y": 155.96, "width": 179.31583999999998, "height": 20}', 'parent_guardian', NULL, '2026-03-06 22:59:50.184405+00', '2026-03-06 22:59:50.184405+00'),
	('c609bf96-ee39-4f65-8672-de3376ab6083', '0360c364-0a01-448a-affe-7d0d94a194ae', 'ai_1772769067437_5', 'name', 'Name', true, 'custom_overlay', NULL, 1, '{"x": 339.54839999999984, "y": 294.46, "width": 178.53264000000007, "height": 20}', 'volunteer', NULL, '2026-03-06 22:59:50.184405+00', '2026-03-06 22:59:50.184405+00'),
	('c9f2416a-3447-4105-af1f-a87b5a9c67cf', '4317d2ba-a81b-405c-ab60-f5bc9521faf4', 'custom_1772873068875', 'signature', 'Signature', true, 'custom_overlay', NULL, 1, '{"x": 357.40625, "y": 210.5, "width": 180, "height": 50}', 'volunteer', NULL, '2026-03-07 08:46:15.480273+00', '2026-03-07 08:46:15.480273+00'),
	('028b1060-7efc-4b59-a29e-9b6740666ef2', '166f96a8-0123-428b-90ec-75462ed400bf', 'ai_1772936443889_0', 'date', 'Date', false, 'custom_overlay', NULL, 1, '{"x": 118.93664000000001, "y": 203.34, "width": 120, "height": 24}', 'parent_guardian', NULL, '2026-03-08 02:22:26.834773+00', '2026-03-08 02:22:26.834773+00'),
	('b00de430-c9ea-4481-81c9-60761d442259', '166f96a8-0123-428b-90ec-75462ed400bf', 'ai_1772936443889_1', 'date', 'Date', true, 'custom_overlay', NULL, 1, '{"x": 118.93664000000001, "y": 341.53, "width": 120, "height": 24}', 'volunteer', NULL, '2026-03-08 02:22:26.834773+00', '2026-03-08 02:22:26.834773+00'),
	('05ca0f19-2459-4a09-b32b-ac19c495fcdb', '166f96a8-0123-428b-90ec-75462ed400bf', 'ai_1772936443889_2', 'signature', 'Signature', false, 'custom_overlay', NULL, 1, '{"x": 335.00623999999993, "y": 206.69, "width": 180, "height": 50}', 'parent_guardian', NULL, '2026-03-08 02:22:26.834773+00', '2026-03-08 02:22:26.834773+00'),
	('f82fd3fd-6a00-49e6-bd19-e687d8e041c5', '166f96a8-0123-428b-90ec-75462ed400bf', 'ai_1772936443889_3', 'signature', 'Signature', true, 'custom_overlay', NULL, 1, '{"x": 343.1937242352939, "y": 347.03, "width": 180, "height": 50}', 'volunteer', NULL, '2026-03-08 02:22:26.834773+00', '2026-03-08 02:22:26.834773+00'),
	('bd18c5c5-9bd2-40b6-8dd3-00039fb5bada', '166f96a8-0123-428b-90ec-75462ed400bf', 'ai_1772936443889_4', 'name', 'Name', false, 'custom_overlay', NULL, 1, '{"x": 340.43416, "y": 157.96, "width": 110, "height": 24}', 'parent_guardian', NULL, '2026-03-08 02:22:26.834773+00', '2026-03-08 02:22:26.834773+00'),
	('85c7154d-ee53-4520-a7ae-e9728ff4bbfe', '166f96a8-0123-428b-90ec-75462ed400bf', 'ai_1772936443889_5', 'name', 'Name', true, 'custom_overlay', NULL, 1, '{"x": 332.32575999999995, "y": 295.46, "width": 180, "height": 24}', 'volunteer', NULL, '2026-03-08 02:22:26.834773+00', '2026-03-08 02:22:26.834773+00'),
	('af60784f-2b20-4fd2-b4fb-32d954ca73a6', '9b8c3b0a-f477-4450-9663-be72d95dd5d5', 'ai_1773267855671_0', 'date', 'Date', false, 'custom_overlay', NULL, 1, '{"x": 118.93664000000001, "y": 202.34, "width": 120, "height": 24}', 'parent_guardian', NULL, '2026-03-11 22:59:12.044297+00', '2026-03-11 22:59:12.044297+00'),
	('b80810bc-6ab5-432f-9d74-8285caf0ef90', '9b8c3b0a-f477-4450-9663-be72d95dd5d5', 'ai_1773267855671_1', 'date', 'Date', true, 'custom_overlay', NULL, 1, '{"x": 118.93664000000001, "y": 340.53, "width": 120, "height": 24}', 'volunteer', NULL, '2026-03-11 22:59:12.044297+00', '2026-03-11 22:59:12.044297+00'),
	('8004aea4-ec8c-4692-ade6-7861fed3ce81', '9b8c3b0a-f477-4450-9663-be72d95dd5d5', 'ai_1773267855671_2', 'signature', 'Signature', false, 'custom_overlay', NULL, 1, '{"x": 343.00623999999993, "y": 202.69, "width": 180, "height": 50}', 'parent_guardian', NULL, '2026-03-11 22:59:12.044297+00', '2026-03-11 22:59:12.044297+00'),
	('4c669970-e1fb-4756-b5fa-c02aa1eb623a', '9b8c3b0a-f477-4450-9663-be72d95dd5d5', 'ai_1773267855671_3', 'signature', 'Signature', true, 'custom_overlay', NULL, 1, '{"x": 336.1937242352939, "y": 343.03, "width": 180, "height": 50}', 'volunteer', NULL, '2026-03-11 22:59:12.044297+00', '2026-03-11 22:59:12.044297+00'),
	('946dabae-2305-49cf-b946-83147dccebae', '9b8c3b0a-f477-4450-9663-be72d95dd5d5', 'ai_1773267855671_4', 'name', 'Name', false, 'custom_overlay', NULL, 1, '{"x": 334.43416, "y": 155.96, "width": 186, "height": 24}', 'parent_guardian', NULL, '2026-03-11 22:59:12.044297+00', '2026-03-11 22:59:12.044297+00'),
	('78c28b7b-a2b7-4a71-b6fe-e9b7e608b3e6', '9b8c3b0a-f477-4450-9663-be72d95dd5d5', 'ai_1773267855671_5', 'name', 'Name', true, 'custom_overlay', NULL, 1, '{"x": 340.32575999999995, "y": 297.46, "width": 175, "height": 24}', 'volunteer', NULL, '2026-03-11 22:59:12.044297+00', '2026-03-11 22:59:12.044297+00'),
	('b83d8010-5900-495f-81aa-f2762f5e7530', '863a3f4e-60bd-40a1-8ff6-c02222fc89b8', 'ai_1773360275254_0', 'date', 'Date', false, 'custom_overlay', NULL, 1, '{"x": 118.93664000000001, "y": 203.34, "width": 120, "height": 24}', 'parent_guardian', NULL, '2026-03-13 00:06:01.721584+00', '2026-03-13 00:06:01.721584+00'),
	('50582f64-2c5b-4152-94cd-b5f75feef0aa', '863a3f4e-60bd-40a1-8ff6-c02222fc89b8', 'ai_1773360275254_1', 'date', 'Date', true, 'custom_overlay', NULL, 1, '{"x": 118.93664000000001, "y": 340.53, "width": 120, "height": 24}', 'volunteer', NULL, '2026-03-13 00:06:01.721584+00', '2026-03-13 00:06:01.721584+00'),
	('2201a865-b65d-4c76-8be3-b9d31e18f46e', '863a3f4e-60bd-40a1-8ff6-c02222fc89b8', 'ai_1773360275254_2', 'signature', 'Signature', false, 'custom_overlay', NULL, 1, '{"x": 337.00623999999993, "y": 201.69, "width": 180, "height": 50}', 'parent_guardian', NULL, '2026-03-13 00:06:01.721584+00', '2026-03-13 00:06:01.721584+00'),
	('13b33243-1fde-4e73-9c49-b8975d074acf', '863a3f4e-60bd-40a1-8ff6-c02222fc89b8', 'ai_1773360275254_3', 'signature', 'Signature', true, 'custom_overlay', NULL, 1, '{"x": 333.1937242352939, "y": 349.03, "width": 180, "height": 50}', 'volunteer', NULL, '2026-03-13 00:06:01.721584+00', '2026-03-13 00:06:01.721584+00'),
	('3b04b13d-5b03-4f48-9a86-265c83094a68', '863a3f4e-60bd-40a1-8ff6-c02222fc89b8', 'ai_1773360275254_4', 'name', 'Name', false, 'custom_overlay', NULL, 1, '{"x": 461.43416, "y": 139.96, "width": 110, "height": 24}', 'volunteer', NULL, '2026-03-13 00:06:01.721584+00', '2026-03-13 00:06:01.721584+00'),
	('09fc0d1f-643b-41ad-8396-0f25a4b039b9', '863a3f4e-60bd-40a1-8ff6-c02222fc89b8', 'ai_1773360275254_5', 'name', 'Name', true, 'custom_overlay', NULL, 1, '{"x": 330.32575999999995, "y": 293.46, "width": 186, "height": 24}', 'volunteer', NULL, '2026-03-13 00:06:01.721584+00', '2026-03-13 00:06:01.721584+00');


--
-- Data for Name: waiver_definition_signers; Type: TABLE DATA; Schema: public; Owner: postgres
--

INSERT INTO "public"."waiver_definition_signers" ("id", "waiver_definition_id", "role_key", "label", "required", "order_index", "rules", "created_at", "updated_at") VALUES
	('b2fd0a19-37ce-4543-a98e-123e9b4ab588', '34f5186b-cda0-4e8f-9b99-cb8429d89b48', 'volunteer', 'Volunteer', true, 0, NULL, '2026-02-14 07:07:45.879034+00', '2026-02-14 07:07:45.879034+00'),
	('d4b4144e-1cb1-499e-81b0-a7c5dbb60227', '34f5186b-cda0-4e8f-9b99-cb8429d89b48', 'parent', 'Parent/Guardian', true, 1, NULL, '2026-02-14 07:07:45.879034+00', '2026-02-14 07:07:45.879034+00'),
	('6b705910-8602-45c2-96ba-6e8f47f30838', '230ef101-60be-4224-b69d-fa1f1aa7d933', 'volunteer', 'Volunteer', true, 0, NULL, '2026-02-14 20:14:35.587004+00', '2026-02-14 20:14:35.587004+00'),
	('113fc372-ce7e-49c6-ab42-7aef516765a0', '230ef101-60be-4224-b69d-fa1f1aa7d933', 'parent', 'Parent/Guardian', false, 1, NULL, '2026-02-14 20:14:35.587004+00', '2026-02-14 20:14:35.587004+00'),
	('ea1bbfd8-3f1c-4e0f-8e2d-ded830963ccc', '9b084f00-4b9d-4d16-ac44-d58b62d078a8', 'volunteer', 'Volunteer', true, 0, NULL, '2026-02-16 02:30:14.764105+00', '2026-02-16 02:30:14.764105+00'),
	('6cb08721-6c6a-4d0c-b82b-2d4ca4f6993d', '9b084f00-4b9d-4d16-ac44-d58b62d078a8', 'witness', 'Witness', false, 1, NULL, '2026-02-16 02:30:14.764105+00', '2026-02-16 02:30:14.764105+00'),
	('cd65eb99-f08e-4f9a-9e26-433d233ecf90', '9b084f00-4b9d-4d16-ac44-d58b62d078a8', 'parent_guardian', 'Parent/Guardian', false, 2, NULL, '2026-02-16 02:30:14.764105+00', '2026-02-16 02:30:14.764105+00'),
	('619674c1-7acd-4f39-a679-7b79dbbd9171', '06e07195-3a72-4c41-9581-3c9477269735', 'volunteer', 'Volunteer', true, 0, NULL, '2026-02-16 05:33:14.079625+00', '2026-02-16 05:33:14.079625+00'),
	('14bc7028-0923-4fe8-968c-2da771875d62', '06e07195-3a72-4c41-9581-3c9477269735', 'parent_guardian', 'Parent/Guardian', false, 1, NULL, '2026-02-16 05:33:14.079625+00', '2026-02-16 05:33:14.079625+00'),
	('c59ca4b5-73c7-424c-894d-aaac61bd82a6', '06e07195-3a72-4c41-9581-3c9477269735', 'adult_volunteer', 'Adult Volunteer (18+)', true, 2, NULL, '2026-02-16 05:33:14.079625+00', '2026-02-16 05:33:14.079625+00'),
	('3f681c41-d358-4d31-aba5-da61d8e3cda8', 'aa23deb4-7f8d-44bf-a719-5ae1350d080c', 'volunteer', 'Volunteer', true, 0, NULL, '2026-02-16 22:54:47.510155+00', '2026-02-16 22:54:47.510155+00'),
	('af38bff4-c620-42bc-a4a1-4090d9f3b739', 'aa23deb4-7f8d-44bf-a719-5ae1350d080c', 'parent_guardian', 'Parent/Guardian', false, 1, NULL, '2026-02-16 22:54:47.510155+00', '2026-02-16 22:54:47.510155+00'),
	('095a3faa-d33d-4e58-9e5c-a5ed1966f746', '8f95b5cf-236f-4935-8070-9b34585835bb', 'volunteer', 'Volunteer', true, 0, NULL, '2026-02-17 02:26:56.121317+00', '2026-02-17 02:26:56.121317+00'),
	('fafb3934-f88b-4cec-8d28-d05822e2dc0e', '8f95b5cf-236f-4935-8070-9b34585835bb', 'parent_guardian', 'Parent/Guardian', false, 1, NULL, '2026-02-17 02:26:56.121317+00', '2026-02-17 02:26:56.121317+00'),
	('6291973a-75bf-4f3b-bcb4-ac0f1c45d597', 'f24509f7-3560-4538-aeed-7217eca57905', 'volunteer', 'Volunteer', true, 0, NULL, '2026-02-17 04:26:39.473156+00', '2026-02-17 04:26:39.473156+00'),
	('403a3f9c-65f7-4691-a0b5-5e3c6fc99522', 'f24509f7-3560-4538-aeed-7217eca57905', 'parent_guardian', 'Parent/Guardian', false, 1, NULL, '2026-02-17 04:26:39.473156+00', '2026-02-17 04:26:39.473156+00'),
	('07a4a492-daf6-41e0-9365-aec8f4a74a1e', '0774c57d-85f8-43ca-ace4-47c666180da4', 'volunteer', 'Volunteer', true, 0, NULL, '2026-02-26 19:55:06.979282+00', '2026-02-26 19:55:06.979282+00'),
	('d146bda5-3d39-4a6e-9f73-a3a75fdf01b0', '0774c57d-85f8-43ca-ace4-47c666180da4', 'parent_guardian', 'Parent/Guardian', false, 1, NULL, '2026-02-26 19:55:06.979282+00', '2026-02-26 19:55:06.979282+00'),
	('d320b170-dedc-42a4-94cc-840d57d3f7ec', '3fd3f5ee-c2c2-4ed4-accc-afd98868f8ec', 'volunteer', 'Volunteer', true, 0, NULL, '2026-02-26 20:06:49.385818+00', '2026-02-26 20:06:49.385818+00'),
	('e2ebede6-ff22-4c91-bdec-8476a57f4205', '3fd3f5ee-c2c2-4ed4-accc-afd98868f8ec', 'parent_guardian', 'Parent/Guardian', false, 1, NULL, '2026-02-26 20:06:49.385818+00', '2026-02-26 20:06:49.385818+00'),
	('a79da781-3031-440f-968b-e4556fce17cf', '3fd3f5ee-c2c2-4ed4-accc-afd98868f8ec', 'emergency_contact', 'Emergency Contact', true, 2, NULL, '2026-02-26 20:06:49.385818+00', '2026-02-26 20:06:49.385818+00'),
	('cfbc477a-26ff-4b3b-aebf-65c1fd2e1742', 'cad426f5-7ada-45b7-8df0-6e36faf80544', 'volunteer', 'Volunteer', true, 0, NULL, '2026-03-03 00:20:05.083325+00', '2026-03-03 00:20:05.083325+00'),
	('bd17a33f-83fc-4488-9b93-06f60c213833', 'cad426f5-7ada-45b7-8df0-6e36faf80544', 'parent_guardian', 'Parent/Guardian', false, 1, NULL, '2026-03-03 00:20:05.083325+00', '2026-03-03 00:20:05.083325+00'),
	('e53c502f-dc9d-4afd-90b8-6ae28f1343d5', '0360c364-0a01-448a-affe-7d0d94a194ae', 'volunteer', 'Volunteer', true, 0, NULL, '2026-03-06 22:59:50.140501+00', '2026-03-06 22:59:50.140501+00'),
	('7cbbf1f3-d029-4b64-810c-d24ae349c53c', '0360c364-0a01-448a-affe-7d0d94a194ae', 'parent_guardian', 'Parent/Guardian', false, 1, NULL, '2026-03-06 22:59:50.140501+00', '2026-03-06 22:59:50.140501+00'),
	('c1d1b5e8-55a1-4865-8652-be307762485b', '4317d2ba-a81b-405c-ab60-f5bc9521faf4', 'volunteer', 'Volunteer', true, 0, NULL, '2026-03-07 08:46:15.425561+00', '2026-03-07 08:46:15.425561+00'),
	('9cfe0a1f-bb1c-4585-9c77-cae9b5956efa', '166f96a8-0123-428b-90ec-75462ed400bf', 'volunteer', 'Volunteer', true, 0, NULL, '2026-03-08 02:22:26.77496+00', '2026-03-08 02:22:26.77496+00'),
	('118acb19-90b1-455b-8e1d-9a9d480a7b77', '166f96a8-0123-428b-90ec-75462ed400bf', 'parent_guardian', 'Parent/Guardian', false, 1, NULL, '2026-03-08 02:22:26.77496+00', '2026-03-08 02:22:26.77496+00'),
	('8a8ff201-7d58-43f2-8da7-4be86592667d', '9b8c3b0a-f477-4450-9663-be72d95dd5d5', 'volunteer', 'Volunteer', true, 0, NULL, '2026-03-11 22:59:11.996733+00', '2026-03-11 22:59:11.996733+00'),
	('36cb61e4-fb27-4060-bec1-e186c27a838b', '9b8c3b0a-f477-4450-9663-be72d95dd5d5', 'parent_guardian', 'Parent/Guardian', false, 1, NULL, '2026-03-11 22:59:11.996733+00', '2026-03-11 22:59:11.996733+00'),
	('c0b75c4a-89a2-489e-9b2c-e9f47ff37bd4', '863a3f4e-60bd-40a1-8ff6-c02222fc89b8', 'volunteer', 'Volunteer', true, 0, NULL, '2026-03-13 00:06:01.681826+00', '2026-03-13 00:06:01.681826+00'),
	('00f90dff-52f1-412d-981e-498da5a80247', '863a3f4e-60bd-40a1-8ff6-c02222fc89b8', 'parent_guardian', 'Parent/Guardian', false, 1, NULL, '2026-03-13 00:06:01.681826+00', '2026-03-13 00:06:01.681826+00');


--
-- Data for Name: waiver_templates; Type: TABLE DATA; Schema: public; Owner: postgres
--

INSERT INTO "public"."waiver_templates" ("id", "title", "content", "version", "active", "created_at", "updated_at") VALUES
	('8ae87b67-32e5-4d1f-b1f0-0edb48652957', 'Global Volunteer Waiver', '<p><strong>Volunteer Waiver & Release</strong></p><p>By signing below, I acknowledge that I am voluntarily participating in activities organized by Let''s Assist and assume all risks associated with participation. I agree to release and hold harmless Let''s Assist, its organizers, and affiliates from any and all liability for injury, loss, or damage arising from participation, except where prohibited by law.</p><p>I certify that the information provided is accurate and that I have read and understand this waiver.</p>', 1, true, '2026-01-19 07:38:00.772086+00', '2026-01-19 07:38:00.772086+00');


--
-- Data for Name: waiver_signatures; Type: TABLE DATA; Schema: public; Owner: postgres
--

INSERT INTO "public"."waiver_signatures" ("id", "waiver_template_id", "project_id", "signup_id", "user_id", "anonymous_id", "signer_name", "signer_email", "signature_type", "signature_text", "signature_storage_path", "upload_storage_path", "signed_at", "ip_address", "user_agent", "expires_at", "created_at", "form_data", "waiver_pdf_url", "waiver_definition_id", "signature_payload") VALUES
	('2b5a4724-f073-4ddc-8bbb-a3f57379f430', NULL, 'e8460e44-4ec4-45d1-9297-54d9e151caa2', '75810c0c-21b1-4609-a885-ca4cb519c5af', 'e90b335f-dd56-47a7-96c0-2ae511333f95', NULL, 'Riddhiman Rana', 'ridz.techtube@gmail.com', 'multi-signer', NULL, NULL, NULL, '2026-02-17 04:13:49.712626+00', '::1', 'Mozilla/5.0 (Macintosh; Intel Mac OS X 10_15_7) AppleWebKit/537.36 (KHTML, like Gecko) Chrome/145.0.0.0 Safari/537.36', '2026-05-18 04:13:49.712626+00', '2026-02-17 04:13:49.712626+00', NULL, 'https://api.lets-assist.com/storage/v1/object/public/waiver-uploads/project_waivers/e8460e44-4ec4-45d1-9297-54d9e151caa2/1771295214042_Sample_Volunteer_Waiver.pdf', '8f95b5cf-236f-4935-8070-9b34585835bb', '{"fields": {"ai_1771295151520_0": "2026-02-16", "ai_1771295151520_1": "2026-02-16", "ai_1771295151520_4": "Kaushik Rana", "ai_1771295151520_5": "Riddhiman Rana"}, "signers": [{"data": "waiver_75810c0c-21b1-4609-a885-ca4cb519c5af_volunteer_1771301629343.png", "method": "draw", "role_key": "volunteer", "timestamp": "2026-02-17T04:13:29.584Z", "signer_name": "Riddhiman Rana"}, {"data": "waiver_75810c0c-21b1-4609-a885-ca4cb519c5af_parent_guardian_1771301629502.png", "method": "draw", "role_key": "parent_guardian", "timestamp": "2026-02-17T04:13:44.417Z", "signer_name": "Riddhiman Rana"}]}'),
	('1d88bba5-aa99-411b-86e8-28d9c3e11826', NULL, '49da960e-0dda-4e3d-a591-831dd5c28ba4', 'ecf2d767-6aa2-41f2-9180-3ce6f2f9c546', 'e90b335f-dd56-47a7-96c0-2ae511333f95', NULL, 'Riddhiman Rana', 'ridz.techtube@gmail.com', 'multi-signer', 'Riddhiman Rana', NULL, NULL, '2026-03-03 00:21:49.569808+00', '169.199.168.251', 'Mozilla/5.0 (Macintosh; Intel Mac OS X 10_15_7) AppleWebKit/537.36 (KHTML, like Gecko) Chrome/145.0.0.0 Safari/537.36', '2026-06-01 00:21:49.569808+00', '2026-03-03 00:21:49.569808+00', NULL, 'https://api.lets-assist.com/storage/v1/object/public/waiver-uploads/project_waivers/49da960e-0dda-4e3d-a591-831dd5c28ba4/1772497204542_Sample_Volunteer_Waiver.pdf', 'cad426f5-7ada-45b7-8df0-6e36faf80544', '{"fields": {"ai_1772494407814_0": "2026-03-02", "ai_1772494407814_1": "2026-03-03", "ai_1772494407814_4": "Kaushik Rana", "ai_1772494407814_5": "Riddhiman Rana"}, "signers": [{"data": "waiver_ecf2d767-6aa2-41f2-9180-3ce6f2f9c546_volunteer_1772497309309.png", "method": "draw", "role_key": "volunteer", "timestamp": "2026-03-03T00:21:21.068Z", "signer_name": "Riddhiman Rana"}, {"data": "waiver_ecf2d767-6aa2-41f2-9180-3ce6f2f9c546_parent_guardian_1772497309435.png", "method": "draw", "role_key": "parent_guardian", "timestamp": "2026-03-03T00:21:31.285Z", "signer_name": "Riddhiman Rana"}]}'),
	('057d5bc8-6d4b-465a-b862-b9e7d3583eb3', NULL, 'feb01f28-1735-4643-833e-be36d3d7d045', '54625aac-9ddb-4588-8670-3cea876d27ec', 'b6ee0559-a406-4992-b621-9c5af015adce', NULL, 'Riddhiman Rana', 'ni8z1p@dollicons.com', 'multi-signer', 'Riddhiman Rana', NULL, NULL, '2026-03-07 08:47:50.186474+00', '::1', 'Mozilla/5.0 (Macintosh; Intel Mac OS X 10_15_7) AppleWebKit/537.36 (KHTML, like Gecko) Chrome/145.0.0.0 Safari/537.36', '2026-06-05 08:47:50.186474+00', '2026-03-07 08:47:50.186474+00', NULL, 'https://api.lets-assist.com/storage/v1/object/public/waiver-uploads/project_waivers/feb01f28-1735-4643-833e-be36d3d7d045/1772873174752_Sample_Volunteer_Waiver.pdf', '4317d2ba-a81b-405c-ab60-f5bc9521faf4', '{"fields": {}, "signers": [{"data": "waiver_54625aac-9ddb-4588-8670-3cea876d27ec_volunteer_1772873269993.png", "method": "draw", "role_key": "volunteer", "timestamp": "2026-03-07T08:47:44.404Z", "signer_name": "Riddhiman Rana"}]}'),
	('c56d602b-940c-49f5-8633-147279dcd86a', NULL, '0488d1cf-6b77-4cf4-8a1f-93bdb53b1475', '417415c1-df41-47ec-93eb-435abdd1093a', NULL, 'c3fe6258-7f42-4bc4-90b9-0ede4eaaa87b', 'Riddhiman Rana', 'ni8z1p@dollicons.com', 'multi-signer', 'Riddhiman Rana', NULL, NULL, '2026-03-08 02:23:28.450995+00', '::1', 'Mozilla/5.0 (Macintosh; Intel Mac OS X 10_15_7) AppleWebKit/537.36 (KHTML, like Gecko) Chrome/145.0.0.0 Safari/537.36', '2026-06-06 02:23:28.450995+00', '2026-03-08 02:23:28.450995+00', NULL, 'https://api.lets-assist.com/storage/v1/object/public/waiver-uploads/project_waivers/0488d1cf-6b77-4cf4-8a1f-93bdb53b1475/1772936545596_Sample_Volunteer_Waiver.pdf', '166f96a8-0123-428b-90ec-75462ed400bf', '{"fields": {"ai_1772936443889_1": "2026-03-07", "ai_1772936443889_5": "Riddhiman Rana"}, "signers": [{"data": "waiver_417415c1-df41-47ec-93eb-435abdd1093a_volunteer_1772936608235.png", "method": "draw", "role_key": "volunteer", "timestamp": "2026-03-08T02:23:15.333Z", "signer_name": "Riddhiman Rana"}]}'),
	('637c168b-eeb2-4035-a3a9-08f93e4cfed2', NULL, '0488d1cf-6b77-4cf4-8a1f-93bdb53b1475', '5e01eef4-4868-4fe1-ade1-8a6fb0cc5c9d', NULL, 'c3fe6258-7f42-4bc4-90b9-0ede4eaaa87b', 'Riddhiman Rana', 'ni8z1p@dollicons.com', 'multi-signer', 'Riddhiman Rana', NULL, NULL, '2026-03-08 02:23:29.174307+00', '::1', 'Mozilla/5.0 (Macintosh; Intel Mac OS X 10_15_7) AppleWebKit/537.36 (KHTML, like Gecko) Chrome/145.0.0.0 Safari/537.36', '2026-06-06 02:23:29.174307+00', '2026-03-08 02:23:29.174307+00', NULL, 'https://api.lets-assist.com/storage/v1/object/public/waiver-uploads/project_waivers/0488d1cf-6b77-4cf4-8a1f-93bdb53b1475/1772936545596_Sample_Volunteer_Waiver.pdf', '166f96a8-0123-428b-90ec-75462ed400bf', '{"fields": {"ai_1772936443889_1": "2026-03-07", "ai_1772936443889_5": "Riddhiman Rana"}, "signers": [{"data": "waiver_417415c1-df41-47ec-93eb-435abdd1093a_volunteer_1772936608235.png", "method": "draw", "role_key": "volunteer", "timestamp": "2026-03-08T02:23:15.333Z", "signer_name": "Riddhiman Rana"}]}'),
	('892061d9-f2b3-441e-9939-6e5ff0f0d45c', NULL, '0488d1cf-6b77-4cf4-8a1f-93bdb53b1475', 'ed88c859-7bce-40dc-bb7f-e0d732570152', NULL, 'c3fe6258-7f42-4bc4-90b9-0ede4eaaa87b', 'Riddhiman Rana', 'ni8z1p@dollicons.com', 'multi-signer', 'Riddhiman Rana', NULL, NULL, '2026-03-08 02:23:29.851787+00', '::1', 'Mozilla/5.0 (Macintosh; Intel Mac OS X 10_15_7) AppleWebKit/537.36 (KHTML, like Gecko) Chrome/145.0.0.0 Safari/537.36', '2026-06-06 02:23:29.851787+00', '2026-03-08 02:23:29.851787+00', NULL, 'https://api.lets-assist.com/storage/v1/object/public/waiver-uploads/project_waivers/0488d1cf-6b77-4cf4-8a1f-93bdb53b1475/1772936545596_Sample_Volunteer_Waiver.pdf', '166f96a8-0123-428b-90ec-75462ed400bf', '{"fields": {"ai_1772936443889_1": "2026-03-07", "ai_1772936443889_5": "Riddhiman Rana"}, "signers": [{"data": "waiver_417415c1-df41-47ec-93eb-435abdd1093a_volunteer_1772936608235.png", "method": "draw", "role_key": "volunteer", "timestamp": "2026-03-08T02:23:15.333Z", "signer_name": "Riddhiman Rana"}]}'),
	('3ea8b6f0-3759-4fb1-a51d-84dd0ba24d49', NULL, 'bd9c9819-7a06-4f37-bcb0-4c485445126f', '9f98ee9e-1c92-4891-93b0-6cc0380102f6', 'e90b335f-dd56-47a7-96c0-2ae511333f95', NULL, 'Riddhiman Rana', 'ridz.techtube@gmail.com', 'multi-signer', 'Riddhiman Rana', NULL, NULL, '2026-03-13 00:26:02.783892+00', '169.199.168.226', 'Mozilla/5.0 (Macintosh; Intel Mac OS X 10_15_7) AppleWebKit/537.36 (KHTML, like Gecko) Chrome/145.0.0.0 Safari/537.36', '2026-06-11 00:26:02.783892+00', '2026-03-13 00:26:02.783892+00', NULL, 'https://api.lets-assist.com/storage/v1/object/public/waiver-uploads/project_waivers/bd9c9819-7a06-4f37-bcb0-4c485445126f/1773360360911_Sample_Volunteer_Waiver.pdf', '863a3f4e-60bd-40a1-8ff6-c02222fc89b8', '{"fields": {"ai_1773360275254_0": "2026-03-12", "ai_1773360275254_1": "2026-03-12", "ai_1773360275254_4": "Riddhiman Rana", "ai_1773360275254_5": "Riddhiman Rana"}, "signers": [{"data": "waiver_9f98ee9e-1c92-4891-93b0-6cc0380102f6_volunteer_1773361562202.png", "method": "draw", "role_key": "volunteer", "timestamp": "2026-03-13T00:25:23.435Z", "signer_name": "Riddhiman Rana"}, {"data": "waiver_9f98ee9e-1c92-4891-93b0-6cc0380102f6_parent_guardian_1773361562419.png", "method": "draw", "role_key": "parent_guardian", "timestamp": "2026-03-13T00:25:57.062Z", "signer_name": "Riddhiman Rana"}]}');


--
-- PostgreSQL database dump complete
--

-- \unrestrict hAitLeVVMn7u5OwLPlvlTSbDiVkYN6n2eYB8BGmy1E6lmgB4B9mlQYjnCJyQgmA

RESET ALL;
